mention_id,mention,canonical_candidate,entity_type_suggestion,group_suggestion,source_file,char_offset,context,annotation_status,notes
IM00001,Powhatan,Powhatan,PERSON,Indigenous_named_person,allFourVCLCombinedPerPage.json,1481815,""" Ma“ in Virginia there was a great quantitie of Woodland Marish and other grounds beinge in cireum- ference by estimaéon fower score Miles or thereabout¢ for w™ ground he did compound with Powhatan the Indian Kinge or cheife of that place and bounded the same out with markeable Trees and other Mark¢€ of perpetuall knowledge and remembrance with a solemne 1 The caption of this petitio",seed_unreviewed,leader/title-bearing individual; do not use for every Powhatan polity mention
IM00002,Powhatan,Powhatan,PERSON,Indigenous_named_person,allFourVCLCombinedPerPage.json,1484008,"rest in Virginia’ The sayde Counsell and Companie for aunsweare therevnto saye that they acknowledge no Kinge of Virginia but Kinge Iames, of and vnder whome they hold and not from |king|| Powhatan so named by the Petitioners. True it is that for a permanent hono’ as well to his royall Ma“ the flounder of that Plantation as also ||to|| his Princely Issue they haue named both their 1",seed_unreviewed,leader/title-bearing individual; do not use for every Powhatan polity mention
IM00003,Powhatan,Powhatan,PERSON,Indigenous_named_person,allFourVCLCombinedPerPage.json,1624677,for the mainetenance of his Relict wife and Children and for his indempnity (hauinge brought vp the Child his said [combined_page=742] 106 RECORDS OF THE VIRGINIA COMPANY Brother had by Powhatan’s Daughter w™ Child is yet lyvinge and in his eustodie) It was ordered [63] that the Gouernor and Counsell of Virginia should cause enquirie be made what Landé and goodes the said Iohn Rolf,seed_unreviewed,leader/title-bearing individual; do not use for every Powhatan polity mention
IM00004,Powhatan,Powhatan,PERSON,Indigenous_named_person,allFourVCLCombinedPerPage.json,2666948,"II, 75. Vice-admiral in Virginia, I, 546, 549, 558. Powell, Nathaniell (captain), I, 308, 336. Died, IT, 107. Powell, William. Captain of guards, I, 126. Letter to Sir Edwin Sandys, I, 146. Powhatan, II, 395. Poyn, John (Poynes). Patents, I, 341, 347. Preiwsen, Hiddlebrand. Land transferred, I, 608. Preston, Sir Amias, I, 607. Prin, Martin. Land and freedom, II, 73, 88. Prinn, Edward.",seed_unreviewed,leader/title-bearing individual; do not use for every Powhatan polity mention
IM00005,Powhaton,Powhatan,PERSON,Indigenous_named_person,allFourVCLCombinedPerPage.json,2795080,"hem by one braunche of this River, and by another Peecarecamicke Peccarecamirke where you shall finde foure of the englishe aliue, left by 8"" Walter Rawely wh escaped from the slaughter of Powhaton of Roanocke, vppon the Pewhalon first arrivall of our Colonie, and liue vnder the proteeéon of a wiroane *’""°""""* called Gepanocon enemy to Powhaton, by whose consent you shall neuer Gepanoc",seed_unreviewed,leader/title-bearing individual; do not use for every Powhatan polity mention
IM00006,Powhaton,Powhatan,PERSON,Indigenous_named_person,allFourVCLCombinedPerPage.json,2795228,"Rawely wh escaped from the slaughter of Powhaton of Roanocke, vppon the Pewhalon first arrivall of our Colonie, and liue vnder the proteeéon of a wiroane *’""°""""* called Gepanocon enemy to Powhaton, by whose consent you shall neuer Gepanocun a wi- recouer them, one of these were worth much labour, and if you finde™#""° them not, yet seach into this Countrey it is more pbable then towa",seed_unreviewed,leader/title-bearing individual; do not use for every Powhatan polity mention
IM00007,Powhaton,Powhatan,PERSON,Indigenous_named_person,allFourVCLCombinedPerPage.json,2796479,"s straungers and natiues, for ae the first yo"" defence must be vppon advauntage of the place and way vnto” ""8"" [combined_page=1295] Small fortes Cape comforte Watches Catle kept heardes Powhaton Weroances Tributary 18 RECORDS OF THE VIRGINIA COMPANY it for fortes haue no other vse but that a fewe men may defend and dispute their footinge with them against a greater nomb and to w",seed_unreviewed,leader/title-bearing individual; do not use for every Powhatan polity mention
IM00008,Powhaton,Powhatan,PERSON,Indigenous_named_person,allFourVCLCombinedPerPage.json,2798450,"must giue order that yo’ Catle be kept in heards waited and attended on by some small watch or so enclosed by them selues that they destroy not yo’ corne and other seed provisions: 19 For Powhaton and his Weroances it is Clere even to reason beside our experience that he loued not our neigbourhood and therefore you may no way trust him, but if you finde it not best to make him yo' pr",seed_unreviewed,leader/title-bearing individual; do not use for every Powhatan polity mention
IM00009,Powhaton,Powhatan,PERSON,Indigenous_named_person,allFourVCLCombinedPerPage.json,2798832,"yo' prisoner yet you must make him yo’ tributary, and all other his weroances about him first to acknowledge no other Lord but Kinge James, and so we shall free them all from the Tirrany of Powhaton ‘ vppon them Euery Lord of a Province shall pay you and send you into yo"" forte where you 1 Space in the manuscript. [combined_page=1296] MAY, 1609 19 make yo"" Cheif residence so many me",seed_unreviewed,leader/title-bearing individual; do not use for every Powhatan polity mention
IM00010,Powhaton,Powhatan,PERSON,Indigenous_named_person,allFourVCLCombinedPerPage.json,2799463,"ou shall quietly drawe to yo’ selues an annuall revennue of every Comodity growinge in that Countrey and ¢ribute this tribute payd to you for wh you shall deliuer them from the exeaéons of Powhaton, w°h are now burdensome and ptect and defend them from all their enemies shall also be a meanes of Clearinge much ground of wood and of reducing them to laboure and trade seinge §for§ this",seed_unreviewed,leader/title-bearing individual; do not use for every Powhatan polity mention
IM00011,Powhatan,Powhatan,PERSON,Indigenous_named_person,allFourVCLCombinedPerPage.json,2921486,people and particularly his best friend Tho: Dale all his reports are disproved before opachank?® & his Great men whereupon (to the great satisfaccion of ye Great men) Tomakin is disgraced Powhatan is gone to y® K. of May-—umps in patawamack Riv' & has left y* Gou9nt [combined_page=1351] 74 RECORDS OF THE VIRGINIA COMPANY of his Kingdom to opachank® & his other brother. thinks Hemp,seed_unreviewed,leader/title-bearing individual; do not use for every Powhatan polity mention
IM00012,Powhatan,Powhatan,PERSON,Indigenous_named_person,allFourVCLCombinedPerPage.json,4393996,", 75. Committee, 159. Debts owed him by planters, 175-176. Letter to Sir Edwin Sandys, 436-438. Quarrel with Sir George Yeardley settled, 445. Representative in General Assembly, 153. Powhatan, 17, 18, 19, 78, 92, 438, 707. Powhatan River, 228. Pratt, John, 87, 331, Massaered with brother, 566, Prayer Books, 178, President, Lord, of the Council Mandeville), 510. (Viscount I",seed_unreviewed,leader/title-bearing individual; do not use for every Powhatan polity mention
IM00013,Powhatan,Powhatan,PERSON,Indigenous_named_person,allFourVCLCombinedPerPage.json,4394036,"y planters, 175-176. Letter to Sir Edwin Sandys, 436-438. Quarrel with Sir George Yeardley settled, 445. Representative in General Assembly, 153. Powhatan, 17, 18, 19, 78, 92, 438, 707. Powhatan River, 228. Pratt, John, 87, 331, Massaered with brother, 566, Prayer Books, 178, President, Lord, of the Council Mandeville), 510. (Viscount INDEX President, The, and Council of the",seed_unreviewed,leader/title-bearing individual; do not use for every Powhatan polity mention
IM00014,Powhatanes,Powhatan,PERSON,Indigenous_named_person,allFourVCLCombinedPerPage.json,4716787,proeured them lyucries: these were a people chat lay betweene of Colouve & [combined_page=2195] *heamaincof adage pablsekly hy the Counselle Virginia 118 RECORDS OF THE VIRGINIA COMPANY Powhatanes Couutrey who together wt his Brother Opichankano plotted when 8° G. Yardly eame thither to breake the league betweene vs & the Chickhor nenes & effected it thus. Opichankano $pfessing mu,seed_unreviewed,leader/title-bearing individual; do not use for every Powhatan polity mention
IM00015,Powhatan,Powhatan,PERSON,Indigenous_named_person,allFourVCLCombinedPerPage.json,5909008,"Sce wnder Cammoadities, arms. Powell, ditin, Powell, Wilhun, Captain, 0, 23, 101, 864, 455, 566, 569. Powle. See alse Poole. Powle, Nathaniel, Captain, 554, Powle, Sir Stephen, 363, 369. Powhatan, 10, 118. Powston, —, 80. Poyntell, Richard, 364. Paynis, 20. Prate, Richard, 554, Pratt, John, 365. Prayer Books, 271. Preston, Sir Amias, 363, 369. Prettie, George, 304. Price, Henry, 365",seed_unreviewed,leader/title-bearing individual; do not use for every Powhatan polity mention
IM00016,Oppachancano,Opechancanough,PERSON,Indigenous_named_person,allFourVCLCombinedPerPage.json,2921185,"desires 100 men with tools & &e that he will pvide w"" victuals likes James Town better than Bermudas 40 miles aboue it, will Strengthen it. Great plenty & peace That he sent Tomakin to tell Oppachancano of his arrival & he came to James Town reéd a present w great joy. Tomakin rails ag‘ Engl! English people and particularly his best friend Tho: Dale all his reports are disproved before opa",seed_unreviewed,leader/title-bearing individual
IM00017,Opachancano,Opechancanough,PERSON,Indigenous_named_person,allFourVCLCombinedPerPage.json,3254201,"ene vs and them: This piect those of the Councell embraced because they found the warre to be lawfull and well grounded the ayd reqvired to be verye small and not of Consequence enough for Opachancano to put any trecherous dis- aster vpon, this y? onely way to obliege Opachancano who ever since St george yeardlies §cominge§ in hath stood aloofe vpon termes of dout and Jealousy and would",seed_unreviewed,leader/title-bearing individual
IM00018,Opachancano,Opechancanough,PERSON,Indigenous_named_person,allFourVCLCombinedPerPage.json,3254281,"he warre to be lawfull and well grounded the ayd reqvired to be verye small and not of Consequence enough for Opachancano to put any trecherous dis- aster vpon, this y? onely way to obliege Opachancano who ever since St george yeardlies §cominge§ in hath stood aloofe vpon termes of dout and Jealousy and would not be drawne to any treaty at all notwthstanding all the Arte and endeauor the",seed_unreviewed,leader/title-bearing individual
IM00019,Opachancano,Opechancanough,PERSON,Indigenous_named_person,allFourVCLCombinedPerPage.json,4204542,"om w as it shall be bountifull to all so it shalbe redoubled to them into whose handé the principalle either in execu- gon or contriuement of this Treacherie shall fall: but if any ean take Opachancano himself, he shall haue a great and singular reward from vs. As for those Indians whom God vsed as instrument¢ of revealing and pre- ventinge the totall ruine of yo"" all we thinke a good res",seed_unreviewed,leader/title-bearing individual
IM00020,Opachancano,Opechancanough,PERSON,Indigenous_named_person,allFourVCLCombinedPerPage.json,4442255,"282. Letter to New Magazine Company, 449-450. Letters to Sir Edwin Sandys, 118-122, 122- 129, 297-300, 450-451, 452-453, 462-464. Letter to Sir Henry Peyton, 29-31. Massacre, 568, 569. Opachancano’s distrust of, 228. Partner in Berkley Hundred, 272-273. Patent, 643. Poole, the interpreter, 253. Praised by the company, 527, Praised by John Rowe, 464. Quarrel with Captain William",seed_unreviewed,leader/title-bearing individual
IM00021,Opichankano,Opechancanough,PERSON,Indigenous_named_person,allFourVCLCombinedPerPage.json,4716835,lay betweene of Colouve & [combined_page=2195] *heamaincof adage pablsekly hy the Counselle Virginia 118 RECORDS OF THE VIRGINIA COMPANY Powhatanes Couutrey who together wt his Brother Opichankano plotted when 8° G. Yardly eame thither to breake the league betweene vs & the Chickhor nenes & effected it thus. Opichankano $pfessing much frendships send fetues§$ vardlye aduertisem!,seed_unreviewed,leader/title-bearing individual
IM00022,Opichankano,Opechancanough,PERSON,Indigenous_named_person,allFourVCLCombinedPerPage.json,4716963,INIA COMPANY Powhatanes Couutrey who together wt his Brother Opichankano plotted when 8° G. Yardly eame thither to breake the league betweene vs & the Chickhor nenes & effected it thus. Opichankano $pfessing much frendships send fetues§$ vardlye aduertisem! yt some of the Chickhomences had killed some of of eattle & swyne: yardly desires a parlye about it. The Chiek- homenos to the n,seed_unreviewed,leader/title-bearing individual
IM00023,Opichankano,Opechancanough,PERSON,Indigenous_named_person,allFourVCLCombinedPerPage.json,4717525,"tt to be delyuered amongst them & kild 30 or 40 of the sd Chickhor nenes: This pfidious act with Chiekohomenes yardly eomand@ a made then all flve out & sceke Reuenge, they iovned with Opichankano & having by stealthes & murthers diese tymes a them wre seed to peteife in so mach that be: Hieted sueh of ot Colony us they could meet w & daili offered mg®, No Reuenge was teen but a",seed_unreviewed,leader/title-bearing individual
IM00024,Tomakin,Tomakin,PERSON,Indigenous_named_person,allFourVCLCombinedPerPage.json,2921169,"Comp* gaue him. desires 100 men with tools & &e that he will pvide w"" victuals likes James Town better than Bermudas 40 miles aboue it, will Strengthen it. Great plenty & peace That he sent Tomakin to tell Oppachancano of his arrival & he came to James Town reéd a present w great joy. Tomakin rails ag‘ Engl! English people and particularly his best friend Tho: Dale all his reports are",seed_unreviewed,individual; reported as intermediary/messenger in the text
IM00025,Tomakin,Tomakin,PERSON,Indigenous_named_person,allFourVCLCombinedPerPage.json,2921265,"better than Bermudas 40 miles aboue it, will Strengthen it. Great plenty & peace That he sent Tomakin to tell Oppachancano of his arrival & he came to James Town reéd a present w great joy. Tomakin rails ag‘ Engl! English people and particularly his best friend Tho: Dale all his reports are disproved before opachank?® & his Great men whereupon (to the great satisfaccion of ye Great me",seed_unreviewed,individual; reported as intermediary/messenger in the text
IM00026,Tomakin,Tomakin,PERSON,Indigenous_named_person,allFourVCLCombinedPerPage.json,2921465,ils ag‘ Engl! English people and particularly his best friend Tho: Dale all his reports are disproved before opachank?® & his Great men whereupon (to the great satisfaccion of ye Great men) Tomakin is disgraced Powhatan is gone to y® K. of May-—umps in patawamack Riv' & has left y* Gou9nt [combined_page=1351] 74 RECORDS OF THE VIRGINIA COMPANY of his Kingdom to opachank® & his other,seed_unreviewed,individual; reported as intermediary/messenger in the text
IM00027,Tomakin,Tomakin,PERSON,Indigenous_named_person,allFourVCLCombinedPerPage.json,4423196,"red, 94-98. Tite, Lewis, 89, 335, Title to Virginia, 3. Tobaceo. See under Commodities. Tobacco Point, 103. Tobacco Tasters, 228, 229. Oath of, 229. Tod, William, 538. Tolling, Thomas, 570. Tomakin, Treachery of, 73. INDEX Tomkins, Humirey, 60. Tomlins, Richard, 89, 335, 339. Tomlinson, —, Accountant or Clerk, 384, 392, 404, Tooke, John, Tobacco Taster, 228-229. Torfet, Stephen (Tor",seed_unreviewed,individual; reported as intermediary/messenger in the text
IM00028,Gepanocon,Gepanocon,PERSON,Indigenous_named_person,allFourVCLCombinedPerPage.json,2795209,", left by 8"" Walter Rawely wh escaped from the slaughter of Powhaton of Roanocke, vppon the Pewhalon first arrivall of our Colonie, and liue vnder the proteeéon of a wiroane *’""°""""* called Gepanocon enemy to Powhaton, by whose consent you shall neuer Gepanocun a wi- recouer them, one of these were worth much labour, and if you finde™#""° them not, yet seach into this Countrey it is mor",seed_unreviewed,described as a weroance in the text
IM00029,Gepanocun,Gepanocon,PERSON,Indigenous_named_person,allFourVCLCombinedPerPage.json,2795271,"owhaton of Roanocke, vppon the Pewhalon first arrivall of our Colonie, and liue vnder the proteeéon of a wiroane *’""°""""* called Gepanocon enemy to Powhaton, by whose consent you shall neuer Gepanocun a wi- recouer them, one of these were worth much labour, and if you finde™#""° them not, yet seach into this Countrey it is more pbable then towards the north. 16 These three habitaGons s",seed_unreviewed,described as a weroance in the text
IM00030,Gepanocon,Gepanocon,PERSON,Indigenous_named_person,allFourVCLCombinedPerPage.json,4337818,"g Guest House, 587. Petition to Company concerning Grand Charter, 159-161. Report of, 1619, 153-177. Restraint of tobacco planting, 586. Reward of officers of, 176. George. See under Ships. Gepanocon, 17. Gerard’s Herball, 447. Gerard, Ph., 57. Germany, 308, 544. Geyton, Robert, 539. Gibbens, James, 66. Gibbens, John, 66. Gibbes, —, Lieutenant. Massacred, 567. Representative in General",seed_unreviewed,described as a weroance in the text
IM00031,Powhatan,Powhatan paramount polity,INDIGENOUS_POLITY,Indigenous_named_polity,allFourVCLCombinedPerPage.json,1481815,""" Ma“ in Virginia there was a great quantitie of Woodland Marish and other grounds beinge in cireum- ference by estimaéon fower score Miles or thereabout¢ for w™ ground he did compound with Powhatan the Indian Kinge or cheife of that place and bounded the same out with markeable Trees and other Mark¢€ of perpetuall knowledge and remembrance with a solemne 1 The caption of this petitio",seed_unreviewed,"apply only when context is collective/territorial, not the named person"
IM00032,Powhatan,Powhatan paramount polity,INDIGENOUS_POLITY,Indigenous_named_polity,allFourVCLCombinedPerPage.json,1484008,"rest in Virginia’ The sayde Counsell and Companie for aunsweare therevnto saye that they acknowledge no Kinge of Virginia but Kinge Iames, of and vnder whome they hold and not from |king|| Powhatan so named by the Petitioners. True it is that for a permanent hono’ as well to his royall Ma“ the flounder of that Plantation as also ||to|| his Princely Issue they haue named both their 1",seed_unreviewed,"apply only when context is collective/territorial, not the named person"
IM00033,Powhatan,Powhatan paramount polity,INDIGENOUS_POLITY,Indigenous_named_polity,allFourVCLCombinedPerPage.json,1624677,for the mainetenance of his Relict wife and Children and for his indempnity (hauinge brought vp the Child his said [combined_page=742] 106 RECORDS OF THE VIRGINIA COMPANY Brother had by Powhatan’s Daughter w™ Child is yet lyvinge and in his eustodie) It was ordered [63] that the Gouernor and Counsell of Virginia should cause enquirie be made what Landé and goodes the said Iohn Rolf,seed_unreviewed,"apply only when context is collective/territorial, not the named person"
IM00034,Powhatan,Powhatan paramount polity,INDIGENOUS_POLITY,Indigenous_named_polity,allFourVCLCombinedPerPage.json,2666948,"II, 75. Vice-admiral in Virginia, I, 546, 549, 558. Powell, Nathaniell (captain), I, 308, 336. Died, IT, 107. Powell, William. Captain of guards, I, 126. Letter to Sir Edwin Sandys, I, 146. Powhatan, II, 395. Poyn, John (Poynes). Patents, I, 341, 347. Preiwsen, Hiddlebrand. Land transferred, I, 608. Preston, Sir Amias, I, 607. Prin, Martin. Land and freedom, II, 73, 88. Prinn, Edward.",seed_unreviewed,"apply only when context is collective/territorial, not the named person"
IM00035,Powhatan,Powhatan paramount polity,INDIGENOUS_POLITY,Indigenous_named_polity,allFourVCLCombinedPerPage.json,2921486,people and particularly his best friend Tho: Dale all his reports are disproved before opachank?® & his Great men whereupon (to the great satisfaccion of ye Great men) Tomakin is disgraced Powhatan is gone to y® K. of May-—umps in patawamack Riv' & has left y* Gou9nt [combined_page=1351] 74 RECORDS OF THE VIRGINIA COMPANY of his Kingdom to opachank® & his other brother. thinks Hemp,seed_unreviewed,"apply only when context is collective/territorial, not the named person"
IM00036,Powhatan,Powhatan paramount polity,INDIGENOUS_POLITY,Indigenous_named_polity,allFourVCLCombinedPerPage.json,4393996,", 75. Committee, 159. Debts owed him by planters, 175-176. Letter to Sir Edwin Sandys, 436-438. Quarrel with Sir George Yeardley settled, 445. Representative in General Assembly, 153. Powhatan, 17, 18, 19, 78, 92, 438, 707. Powhatan River, 228. Pratt, John, 87, 331, Massaered with brother, 566, Prayer Books, 178, President, Lord, of the Council Mandeville), 510. (Viscount I",seed_unreviewed,"apply only when context is collective/territorial, not the named person"
IM00037,Powhatan,Powhatan paramount polity,INDIGENOUS_POLITY,Indigenous_named_polity,allFourVCLCombinedPerPage.json,4394036,"y planters, 175-176. Letter to Sir Edwin Sandys, 436-438. Quarrel with Sir George Yeardley settled, 445. Representative in General Assembly, 153. Powhatan, 17, 18, 19, 78, 92, 438, 707. Powhatan River, 228. Pratt, John, 87, 331, Massaered with brother, 566, Prayer Books, 178, President, Lord, of the Council Mandeville), 510. (Viscount INDEX President, The, and Council of the",seed_unreviewed,"apply only when context is collective/territorial, not the named person"
IM00038,Powhatans,Powhatan paramount polity,INDIGENOUS_POLITY,Indigenous_named_polity,allFourVCLCombinedPerPage.json,4492847,"y nothinge vato yt, but St: George yardley and mt Pountis them selves doc affirme, yt notiee beeinge given by the Ninge of the Fasterne shore of Apochaukeno his plott, at the takinge vpp of Powhatans bones at we? Ceremony great numbers of the Salvages were to be assembled to sett yvyppon every Plan- tattone of the Colonie, Sr. George vardley him selfe in psonne went to every PlantaGione",seed_unreviewed,"apply only when context is collective/territorial, not the named person"
IM00039,Powhatans,Powhatan paramount polity,INDIGENOUS_POLITY,Indigenous_named_polity,allFourVCLCombinedPerPage.json,4998382,"ete the xxjtt, And of Scotland the Lyj 1623 The 17"" yeare of this Plantation. Francis Wyatt. The lke Comission (mutatis mutandis) was graunted to Capt Samuell Mathews to go vppon the Tanx Powhatans. To Cap' Nath: West vppon the Apomatacks, and Tanx Weyonaques. To Capt Wittm Tucker vppon the Nansamums, & Wariscoyacks. All wth fell vppon them on the same day namely the 23"" of July 16",seed_unreviewed,"apply only when context is collective/territorial, not the named person"
IM00040,Powhatan,Powhatan paramount polity,INDIGENOUS_POLITY,Indigenous_named_polity,allFourVCLCombinedPerPage.json,5909008,"Sce wnder Cammoadities, arms. Powell, ditin, Powell, Wilhun, Captain, 0, 23, 101, 864, 455, 566, 569. Powle. See alse Poole. Powle, Nathaniel, Captain, 554, Powle, Sir Stephen, 363, 369. Powhatan, 10, 118. Powston, —, 80. Poyntell, Richard, 364. Paynis, 20. Prate, Richard, 554, Pratt, John, 365. Prayer Books, 271. Preston, Sir Amias, 363, 369. Prettie, George, 304. Price, Henry, 365",seed_unreviewed,"apply only when context is collective/territorial, not the named person"
IM00041,Powhatans,Powhatan paramount polity,INDIGENOUS_POLITY,Indigenous_named_polity,allFourVCLCombinedPerPage.json,5927971,"3. Swifte, James, 365. Swords. See under Commodities, arms. Symons, Richard, 554. Syneretism, council of union, 418, 419. Syndex, magistracy, 428. Taite, Lewis, 365. Tanner, John, 366. Tanx Powhatans, 9, 251. Tanx Weyonaques, 251, 554, 455. Tapahatonahs, 9. Tappahanna, 359, Tar. See under Commoditics. Tatem, Richard, 245, 257, Taverner, Jubn, 364. Tayler, William, 365. Taylor, —, 290, 5",seed_unreviewed,"apply only when context is collective/territorial, not the named person"
IM00042,Chickahominies,Chickahominy,INDIGENOUS_POLITY,Indigenous_named_polity,allFourVCLCombinedPerPage.json,2593391,"ission. Cheeke, Sir Thomas, I, 228. Councillor, I, 227. Chettenly, Robert. Land, I, 548. Chettle, Richard. Land, I, 548. Chichester, Arthur, Lord. Letter to the Countess of Warwick, I, 181. Chickahominies, II, 395. Children. Conditions of transportation, I, 271, 293, 800, 304-307, 310, 424, Order of Privy Council sending, I, 139. To be transported, I, 270, 287, 293, 431, 683; II, 90, 368. Ch",seed_unreviewed,do not label Chickahominy River as a polity
IM00043,Chickahominies,Chickahominy,INDIGENOUS_POLITY,Indigenous_named_polity,allFourVCLCombinedPerPage.json,4306376,"tain, 447. Chester, William, 82, 210, 322. Officer over colonists, 188-139, 205, Chetle, Richard, 63. Chettenly, Robert (Chetonly), 63. Chichester, City of, 82, 321. Chichley, Clement, 322. Chickahominies, 164, 245, 285. Enemies, 147, 372. Chickahomini River, 16, 227, 589. Children, Apprentices, 259. Chile, 573. China, 548, 573, Chischiack Indians to be bought out, 451. Chitley, Clemen, 82.",seed_unreviewed,do not label Chickahominy River as a polity
IM00044,Chickahomini,Chickahominy,INDIGENOUS_POLITY,Indigenous_named_polity,allFourVCLCombinedPerPage.json,4306426,"over colonists, 188-139, 205, Chetle, Richard, 63. Chettenly, Robert (Chetonly), 63. Chichester, City of, 82, 321. Chichley, Clement, 322. Chickahominies, 164, 245, 285. Enemies, 147, 372. Chickahomini River, 16, 227, 589. Children, Apprentices, 259. Chile, 573. China, 548, 573, Chischiack Indians to be bought out, 451. Chitley, Clemen, 82. Choanocki River, 17. Cholfer, Richard, 570. Chri",seed_unreviewed,do not label Chickahominy River as a polity
IM00045,Pamunkey,Pamunkey,INDIGENOUS_POLITY,Indigenous_named_polity,allFourVCLCombinedPerPage.json,835753,"X, 417-418. ALL, SEPTEMBER 10 862.* Governor in Virginia. Commission by governor and captain-general of Virginia to Sir George Yeardley to make war on the Indians; also for his voyage to Pamunkey. — LC. IV. ‘Ref: MS. Rec. Virginia Co., III, pt. ii, pp. 38*, 39. 16455—voL 1—06——11 [combined_page=367] 160 INTRODUCTION [1622 SEPTEMBER 11 863. ‘‘The Late Massacre in Virginia.’’ ‘‘A P",seed_unreviewed,do not label Pamunkey River as a polity
IM00046,Pamunkey,Pamunkey,INDIGENOUS_POLITY,Indigenous_named_polity,allFourVCLCombinedPerPage.json,4214657,"twentieth, and of Scotland the Ivj in the yeare of ot Lord God one thousand six hundred twentie two, and in the Sixteenth yeare of this Plantation. To 8"" George Yeardley for his Vioage to Pamunkey. Francis WYATT CCLVIII. Str Epwin Sanpys. A Lerrer to Joun Frerrar SEPTEMBER 23, 1622 Ferrar Papers Document in Magdalene College, Cambridge. Autograph Letter, Signed, with Seal List of",seed_unreviewed,do not label Pamunkey River as a polity
IM00047,Pamunkey,Pamunkey,INDIGENOUS_POLITY,Indigenous_named_polity,allFourVCLCombinedPerPage.json,4378330,"irginia, 210. Palavicine, Edward, 60. Palavicine, Toby, 62. Pallet, —, 290. Palmer, —, 63. Palmer, Edw., 65, 66. Palmer, Miles, 87, 331. Palmer, William, 87, 331, 592, 593. Paly, John, 567. Pamunkey River, 16, 228, 244, 554, 678, 679, 708, 710. Pardons, by governor in Virginia, 74. Parice, Tobias, 538. Parington, Sir Francis, 62. Parker, Sir Nicholas, 86, 331. Parker, Thomas, Mayor of",seed_unreviewed,do not label Pamunkey River as a polity
IM00048,Pamaunkok,Pamunkey,INDIGENOUS_POLITY,Indigenous_named_polity,allFourVCLCombinedPerPage.json,4550128,"I make no question, but when the leaves sre greene, they wilbce somewhat nearer, and now forsooth they would faine have peace, Conditionallie, that they may haue their Corne at Kiskiek, and Pamaunkok, that is Just at our backe, and when their Corne is readie, haue at yo"" bucklers you braue $Cow--§ Englishmen. I was with the Gofinour at James Cittie, and told both him, and the Councell t",seed_unreviewed,do not label Pamunkey River as a polity
IM00049,Pamunkey,Pamunkey,INDIGENOUS_POLITY,Indigenous_named_polity,allFourVCLCombinedPerPage.json,5828507,"n William Tucker to examine passes and collect debts of passengers on ships, 446. To Captain Willtun Turker concerning rates on commodities, 445-446. To Captain William Tucker for voyage up Pamunkey River, 190. [combined_page=2678] INDEX Commission—Continued. To Council of State fo govern in governor's absence, 399-100. To Edmund Tutchin for voyage to Virginia, 509. ‘To settle go",seed_unreviewed,do not label Pamunkey River as a polity
IM00050,Pamunkeys,Pamunkey,INDIGENOUS_POLITY,Indigenous_named_polity,allFourVCLCombinedPerPage.json,5896160,"t of reinin, 401, 494. Palisadoes, 101, 259, 583. Palmer, Edward, 80, 210. Pulver, Jahn, 210. Palmer, Mil Patmer, W im, 20, 80, 365. Commissioner for setlling government of ws 491, 404. Pamunkeys (Pamaunkok, Pomunkies), 9, 37, 98, 451, Defeated, 507-508. Pamiuukey River, 558. Commission to Captain William Tueker to voyage up, 190. Panton, Sir Thomas, 363. Paper tonching Discussion",seed_unreviewed,do not label Pamunkey River as a polity
IM00051,Pamaunkok,Pamunkey,INDIGENOUS_POLITY,Indigenous_named_polity,allFourVCLCombinedPerPage.json,5896171,"n, 401, 494. Palisadoes, 101, 259, 583. Palmer, Edward, 80, 210. Pulver, Jahn, 210. Palmer, Mil Patmer, W im, 20, 80, 365. Commissioner for setlling government of ws 491, 404. Pamunkeys (Pamaunkok, Pomunkies), 9, 37, 98, 451, Defeated, 507-508. Pamiuukey River, 558. Commission to Captain William Tueker to voyage up, 190. Panton, Sir Thomas, 363. Paper tonching Discussion of Salaries",seed_unreviewed,do not label Pamunkey River as a polity
IM00052,Pomunkies,Pamunkey,INDIGENOUS_POLITY,Indigenous_named_polity,allFourVCLCombinedPerPage.json,5896182,". Palisadoes, 101, 259, 583. Palmer, Edward, 80, 210. Pulver, Jahn, 210. Palmer, Mil Patmer, W im, 20, 80, 365. Commissioner for setlling government of ws 491, 404. Pamunkeys (Pamaunkok, Pomunkies), 9, 37, 98, 451, Defeated, 507-508. Pamiuukey River, 558. Commission to Captain William Tueker to voyage up, 190. Panton, Sir Thomas, 363. Paper tonching Discussion of Salaries in the Bom",seed_unreviewed,do not label Pamunkey River as a polity
IM00053,Pamunkey,Pamunkey,INDIGENOUS_POLITY,Indigenous_named_polity,allFourVCLCombinedPerPage.json,5932064,"03, 369. To examine passes and collect debts of | Vertue, Christopher, 31a, passcugers on ships, 446. Victory, Lodwine. To fight Indians, 250 251, Petilion to governor for wage To voyage 1p Pamunkey River, 190. Vincent, Henry, 366, Instructions from governor in Virginia, 6-8. Vineent, Willian, 543. Lotter from governor, 444-445. Vineentio, Italian glacsworker, 23. Levy men to build for",seed_unreviewed,do not label Pamunkey River as a polity
IM00054,Chesapeake,Chesapeake,AMBIGUOUS,needs_context,allFourVCLCombinedPerPage.json,4306102,"381-384. For hire of ship, 398, 687. With Mr. Williams of Bristol, 193-195. See also Commissions. Chatfield, James, 81, 321. Chatterton, —, Dr., 58. Chelsey, Richard, Wages as seryant, 451. Chesapeake Bay, 114, 573, 622, 678, 707. Chest, Company’s, 354, 359, Chester, —, Captain, 447. Chester, William, 82, 210, 322. Officer over colonists, 188-139, 205, Chetle, Richard, 63. Chettenly, Rob",seed_unreviewed,"can name a polity, bay, or place; adjudicate from local context"
IM00055,Chesceak,Chesapeake,AMBIGUOUS,needs_context,allFourVCLCombinedPerPage.json,4685296,"River, Whieh must be supplide, and that speedelie * * * §with$ [combined_page=2180] AFTER APRIL 4, 1623 103 greater numbers, that may make good, this theire now Inhabited scate, & that of Chesceak, A pale beinge runn betweene Wynns the whole forest, and makes it inaccessible to y° Salvages, An excellent place & not fitt to he left unpeopled any longer, And to the ende theire bad retu",seed_unreviewed,"can name a polity, bay, or place; adjudicate from local context"
IM00056,Cheskacke,Chesapeake,AMBIGUOUS,needs_context,allFourVCLCombinedPerPage.json,4938839,"the butte with Capten Tucker to poysen them. Soe Capten Tucker begane and our interpreter tasted before the kinge woulde tacke yt, but noi of the same. Soe thene the kinge with the kinge of Cheskacke, [ther] sonnes and all the great men weare drun[forn] howe manye we caiot wryte of but yt is thought some tooe hundred weare poysned and thaye [combined_page=2299] 222 RECORDS OF THE VIRG",seed_unreviewed,"can name a polity, bay, or place; adjudicate from local context"
IM00057,Chesapeake,Chesapeake,AMBIGUOUS,needs_context,allFourVCLCombinedPerPage.json,5823653,"friend in massacre, 98. Cheasley, 257, Cheeke, Sir Hatton, 363. Cheeke, Sir Thomas, 80, Cheese. See under Commodilies. Cheesman, Jo., Lieutenant, 558. Chelsea, 64, 126, Cheny, Richard, 866. Chesapeake (Chesceak, Cheskacke), 7, 108, 221. Chesapeake Bay. Proclamation forbidding trade for corn in, 275-276. Chesner cheese, 280. Che: See under Cominoilities. Chesterman, —, 172. Chetley, —,",seed_unreviewed,"can name a polity, bay, or place; adjudicate from local context"
IM00058,Chesceak,Chesapeake,AMBIGUOUS,needs_context,allFourVCLCombinedPerPage.json,5823665,"ssacre, 98. Cheasley, 257, Cheeke, Sir Hatton, 363. Cheeke, Sir Thomas, 80, Cheese. See under Commodilies. Cheesman, Jo., Lieutenant, 558. Chelsea, 64, 126, Cheny, Richard, 866. Chesapeake (Chesceak, Cheskacke), 7, 108, 221. Chesapeake Bay. Proclamation forbidding trade for corn in, 275-276. Chesner cheese, 280. Che: See under Cominoilities. Chesterman, —, 172. Chetley, —, 290. Chew",seed_unreviewed,"can name a polity, bay, or place; adjudicate from local context"
IM00059,Cheskacke,Chesapeake,AMBIGUOUS,needs_context,allFourVCLCombinedPerPage.json,5823675,". Cheasley, 257, Cheeke, Sir Hatton, 363. Cheeke, Sir Thomas, 80, Cheese. See under Commodilies. Cheesman, Jo., Lieutenant, 558. Chelsea, 64, 126, Cheny, Richard, 866. Chesapeake (Chesceak, Cheskacke), 7, 108, 221. Chesapeake Bay. Proclamation forbidding trade for corn in, 275-276. Chesner cheese, 280. Che: See under Cominoilities. Chesterman, —, 172. Chetley, —, 290. Chew, John, 402",seed_unreviewed,"can name a polity, bay, or place; adjudicate from local context"
IM00060,Chesapeake,Chesapeake,AMBIGUOUS,needs_context,allFourVCLCombinedPerPage.json,5823700,"Sir Hatton, 363. Cheeke, Sir Thomas, 80, Cheese. See under Commodilies. Cheesman, Jo., Lieutenant, 558. Chelsea, 64, 126, Cheny, Richard, 866. Chesapeake (Chesceak, Cheskacke), 7, 108, 221. Chesapeake Bay. Proclamation forbidding trade for corn in, 275-276. Chesner cheese, 280. Che: See under Cominoilities. Chesterman, —, 172. Chetley, —, 290. Chew, John, 402. Chicahominies (Chocohomi",seed_unreviewed,"can name a polity, bay, or place; adjudicate from local context"
IM00061,Accomack,Accomac,AMBIGUOUS,needs_context,allFourVCLCombinedPerPage.json,4602552,"a marke of white paper, and hee hit it at the first, but M* Charles Could not hit it, But see the Enuie of theis slaues, for when they Could not take the ship then o' men saw them threaten Accomack that is the next Plantaéon and nowe ther isno Way but starueing ffor the Gow?uour [combined_page=2136] 62 RECORDS OF THE VIRGINIA COMPANY told vs and S' George, that except the Seaflower",seed_unreviewed,can name a polity/shore/place; adjudicate from local context
IM00062,Accomack,Accomac,AMBIGUOUS,needs_context,allFourVCLCombinedPerPage.json,5807300,"0, 94, 166 Addison, Thomas, 210. Comme wer for settling goverument of | Administration, letters of, 399, Virginia, 491, 494. | Admiral, 461. 462. Abigail. sce iader Ships. ( Admiralty, 242. Accomack, 61. ‘ Of New England, 463, 462, 463, 471, Accounts, 521. Adventure, Roll of. See Roll of Adventure. Cattle after massacre, 132-134. Adventurers, 153, 204, 223, 386, 387, 392, 411, Colonis",seed_unreviewed,can name a polity/shore/place; adjudicate from local context
IM00063,Rappahannock,Rappahannock,AMBIGUOUS,needs_context,allFourVCLCombinedPerPage.json,5911930,"8-395. Rebuttal of Compauy’s defense, 388-397, Cpe oo er stam athe Ratond, John, 8. Raine, —, Captain, 363. Rainetl, Hiuufrey, Bb-4. poten Sitemnmediia’ Noid Ramsden, Milliccut, ato. Rappahannock Ris: Ratcliffe, Sir John, £57, 663. Rawleigh, —, 291. Ray, Res, 406. Read, Thomas, 552, Rebels, 415. Receipt, far Court Books, 123. Record for Couneil for Virginia, $3. Religion, 36",seed_unreviewed,often a river; do not infer a polity without contextual evidence
IM00064,Monocon,Monacan,INDIGENOUS_POLITY,Indigenous_named_polity,allFourVCLCombinedPerPage.json,2800999,"heir trade ptely for Covetousnes and to seruc their owne ends, where the Copper is yett in his primary estimaéon w'h Pohaton hath hitherto engrossed and partely for feare of Constrainte. Monocon to the east and head of our Riuer, Powhatons enemy and the Monecon Manahockes to y* Northeast to the head of the Riuer of Moyompo in the — «reer necke of the land to the west betweene our b",seed_unreviewed,spelling varies in colonial records
IM00065,Manahockes,Manahoac,INDIGENOUS_POLITY,Indigenous_named_polity,allFourVCLCombinedPerPage.json,2801074,"opper is yett in his primary estimaéon w'h Pohaton hath hitherto engrossed and partely for feare of Constrainte. Monocon to the east and head of our Riuer, Powhatons enemy and the Monecon Manahockes to y* Northeast to the head of the Riuer of Moyompo in the — «reer necke of the land to the west betweene our bay and the sea. Catheata-Catheatapeins. peitis [185] a greater Weroance then h",seed_unreviewed,spelling varies in colonial records
IM00066,Manahockes,Manahoac,INDIGENOUS_POLITY,Indigenous_named_polity,allFourVCLCombinedPerPage.json,4365858,"n. Maile, Thomas, 330. Mainwaring, Sir Arthur (Manwaring). Sued by company, 43. See also Mannering. Meinwaring, Sir Henry (Mannering), 61, 64. Mainwaring, Thomas, 64. Man, Joseph, 59. Manahockes, 19. Mand, Josias, 86. Mandeville, Lord President, 510. Mangolleflild, 186. Mangopeesomon (Opechankano), 584. Manguahaian (Great Bear), 584. Manhood, Sir Peter, 86, 329. Manner, The,",seed_unreviewed,spelling varies in colonial records
IM00067,Tanx Powhatans,Tanx Powhatans,INDIGENOUS_POLITY,Indigenous_named_polity,allFourVCLCombinedPerPage.json,4998377,"faith ete the xxjtt, And of Scotland the Lyj 1623 The 17"" yeare of this Plantation. Francis Wyatt. The lke Comission (mutatis mutandis) was graunted to Capt Samuell Mathews to go vppon the Tanx Powhatans. To Cap' Nath: West vppon the Apomatacks, and Tanx Weyonaques. To Capt Wittm Tucker vppon the Nansamums, & Wariscoyacks. All wth fell vppon them on the same day namely the 23"" of July 16",seed_unreviewed,collective term in volume IV index/text
IM00068,Tanx Powhatans,Tanx Powhatans,INDIGENOUS_POLITY,Indigenous_named_polity,allFourVCLCombinedPerPage.json,5927966,"s, 553. Swifte, James, 365. Swords. See under Commodities, arms. Symons, Richard, 554. Syneretism, council of union, 418, 419. Syndex, magistracy, 428. Taite, Lewis, 365. Tanner, John, 366. Tanx Powhatans, 9, 251. Tanx Weyonaques, 251, 554, 455. Tapahatonahs, 9. Tappahanna, 359, Tar. See under Commoditics. Tatem, Richard, 245, 257, Taverner, Jubn, 364. Tayler, William, 365. Taylor, —, 290, 5",seed_unreviewed,collective term in volume IV index/text
IM00069,Tanx Weyonaques,Tanx Weyanokes,INDIGENOUS_POLITY,Indigenous_named_polity,allFourVCLCombinedPerPage.json,4998439,"e of this Plantation. Francis Wyatt. The lke Comission (mutatis mutandis) was graunted to Capt Samuell Mathews to go vppon the Tanx Powhatans. To Cap' Nath: West vppon the Apomatacks, and Tanx Weyonaques. To Capt Wittm Tucker vppon the Nansamums, & Wariscoyacks. All wth fell vppon them on the same day namely the 23"" of July 1623. Aweek after Capt [sack Maddison marched against the Great W",seed_unreviewed,collective term in volume IV index/text
IM00070,Tanx Weyonaques,Tanx Weyanokes,INDIGENOUS_POLITY,Indigenous_named_polity,allFourVCLCombinedPerPage.json,5927990,"65. Swords. See under Commodities, arms. Symons, Richard, 554. Syneretism, council of union, 418, 419. Syndex, magistracy, 428. Taite, Lewis, 365. Tanner, John, 366. Tanx Powhatans, 9, 251. Tanx Weyonaques, 251, 554, 455. Tapahatonahs, 9. Tappahanna, 359, Tar. See under Commoditics. Tatem, Richard, 245, 257, Taverner, Jubn, 364. Tayler, William, 365. Taylor, —, 290, 516. Tavlor, John, 557 Tay",seed_unreviewed,collective term in volume IV index/text
IM00071,Weroances,weroance,INDIGENOUS_TITLE,Indigenous_title,allFourVCLCombinedPerPage.json,2796488,"ers and natiues, for ae the first yo"" defence must be vppon advauntage of the place and way vnto” ""8"" [combined_page=1295] Small fortes Cape comforte Watches Catle kept heardes Powhaton Weroances Tributary 18 RECORDS OF THE VIRGINIA COMPANY it for fortes haue no other vse but that a fewe men may defend and dispute their footinge with them against a greater nomb and to winne time",seed_unreviewed,"office/title, not a personal name or one people"
IM00072,Weroances,weroance,INDIGENOUS_TITLE,Indigenous_title,allFourVCLCombinedPerPage.json,2798467,"that yo’ Catle be kept in heards waited and attended on by some small watch or so enclosed by them selues that they destroy not yo’ corne and other seed provisions: 19 For Powhaton and his Weroances it is Clere even to reason beside our experience that he loued not our neigbourhood and therefore you may no way trust him, but if you finde it not best to make him yo' prisoner yet you mus",seed_unreviewed,"office/title, not a personal name or one people"
IM00073,weroances,weroance,INDIGENOUS_TITLE,Indigenous_title,allFourVCLCombinedPerPage.json,2798710,"ience that he loued not our neigbourhood and therefore you may no way trust him, but if you finde it not best to make him yo' prisoner yet you must make him yo’ tributary, and all other his weroances about him first to acknowledge no other Lord but Kinge James, and so we shall free them all from the Tirrany of Powhaton ‘ vppon them Euery Lord of a Province shall pay you and send you int",seed_unreviewed,"office/title, not a personal name or one people"
IM00074,Weroances,weroance,INDIGENOUS_TITLE,Indigenous_title,allFourVCLCombinedPerPage.json,2800232,"r feare. Wherefore if you pceaue that they vppon yo"" landinge, fly vp into the Countrey and forsake their habitaton you must scise into yo"" custody half there corne and harvest and their Weroances and all other their Weroances. knowne successors at once whom if you intreate well and educate those wh are younge and to suceeede in the governement in yo"" Manners and Religion, their pe",seed_unreviewed,"office/title, not a personal name or one people"
IM00075,Weroances,weroance,INDIGENOUS_TITLE,Indigenous_title,allFourVCLCombinedPerPage.json,2800262,"aue that they vppon yo"" landinge, fly vp into the Countrey and forsake their habitaton you must scise into yo"" custody half there corne and harvest and their Weroances and all other their Weroances. knowne successors at once whom if you intreate well and educate those wh are younge and to suceeede in the governement in yo"" Manners and Religion, their people will easily obey you and",seed_unreviewed,"office/title, not a personal name or one people"
IM00076,Weroance,weroance,INDIGENOUS_TITLE,Indigenous_title,allFourVCLCombinedPerPage.json,2801259,"econ Manahockes to y* Northeast to the head of the Riuer of Moyompo in the — «reer necke of the land to the west betweene our bay and the sea. Catheata-Catheatapeins. peitis [185] a greater Weroance then he is, also his enemy to the Southeast and South. he hath no freinde to the North. The Masawoymekes make {ees ]ti continuall incursions vppon him and and vppon all those that [combi",seed_unreviewed,"office/title, not a personal name or one people"
IM00077,Werowance,weroance,INDIGENOUS_TITLE,Indigenous_title,allFourVCLCombinedPerPage.json,3683856,"re verie weak, and that theye who attend the Bridegrome worthelie must haue oyle in theire lampes, I will onlie now report this vato you w® I haue noted amoungest theis Savadges. The greate Werowance Powhawtan in his annuall progress through his pettye provinces cofiing to Patowamack, was there as in other places intertained with the greatest honnor that Nation could, amoung’st other sh",seed_unreviewed,"office/title, not a personal name or one people"
IM00078,Indians,Indian,COLONIAL_UMBRELLA_LABEL,colonial_umbrella,allFourVCLCombinedPerPage.json,17712,esources of the lands from Florida to Newfoundland. It is the same spirit of adventure which inspired the narratives of Jobn Smith and Henry Spelman as they told of their relations with the Indians of America. But it is in the progress of both the commercial and the political life of England that the Virginia Company is important. For the plantation founded and nourished by a private,seed_unreviewed,source language; never normalize to a single polity
IM00079,Indians,Indian,COLONIAL_UMBRELLA_LABEL,colonial_umbrella,allFourVCLCombinedPerPage.json,43967,"nd left the council still uncertain, though hopeful of the discovery of a passage to the south sea. Further- more, Captain Newport positively stated that there could be no commerce with the Indians, and all evidence shows that the natives were to be a resource for the neces- sities of life rather than for the exchange of lucrative objects of trade. Hence it is that the broadside which",seed_unreviewed,source language; never normalize to a single polity
IM00080,Indians,Indian,COLONIAL_UMBRELLA_LABEL,colonial_umbrella,allFourVCLCombinedPerPage.json,45978,"r of colonists and under such unsettled conditions. According to Wingfield the provisions for defense seem to have been insufficient, the magazine was mismanaged, and the relations with the Indians were strained. To John Smith must be attributed the wisdom of foreseeing the necessity of strong support from England and of the establishment of permanent colonial settlements and the deve",seed_unreviewed,source language; never normalize to a single polity
IM00081,Indians,Indian,COLONIAL_UMBRELLA_LABEL,colonial_umbrella,allFourVCLCombinedPerPage.json,67188,"land. It also included an interesting reference to Raleigh’s colonists. The general policy in administering the affairs of the colonists and the detailed orders as to the relations with the Indians, as far as they concern guards, trade, and treaties, and the daily life of the inhabitants, indicate a definiteness in the control of the company which formerly was not understood. In such",seed_unreviewed,source language; never normalize to a single polity
IM00082,Indians,Indian,COLONIAL_UMBRELLA_LABEL,colonial_umbrella,allFourVCLCombinedPerPage.json,69353,"yet by no means so far-reaching. A common store, a common magazine, common refectories, labor by groups with a superintendent for each five or six persons, the prohibition of trade with the Indians except through the truck merchant were economic methods which looked to the gain of the adventurer in London rather than to the develop- ment of a colonial settlement. When the settlers had",seed_unreviewed,source language; never normalize to a single polity
IM00083,Indians,Indian,COLONIAL_UMBRELLA_LABEL,colonial_umbrella,allFourVCLCombinedPerPage.json,81605,"y accurate and satisfactory treatment of the development in the colony during those years. Hamor givesa clear statement of the methods and success of Captain Dale in his relations with the Indians, of his organization and reform of the colony, and of his establishment of order therein, and reveals clearly the state of affairs on the arrival of Gates, the cause of the failure heretofo",seed_unreviewed,source language; never normalize to a single polity
IM00084,Indian,Indian,COLONIAL_UMBRELLA_LABEL,colonial_umbrella,allFourVCLCombinedPerPage.json,81980,"ure heretofore, and the details of the building of the successive towns, with descriptions and statistics for each. He gives also an his- torical narrative of the relations with the various Indian tribes and his knowledge and statements concerning the resources of the country are equally satisfactory. While Whittaker’s Good Newes from Virginia and The New Life of Virginea are of valu",seed_unreviewed,source language; never normalize to a single polity
IM00085,Indians,Indian,COLONIAL_UMBRELLA_LABEL,colonial_umbrella,allFourVCLCombinedPerPage.json,83824,"us the evils of the early settlement were to be avoided. But of necessity this plan was temporary. Argall, like Smith, was a good colonizer. The explorations of Smith and his trade with the Indians, together with the order and prosperity which were brought by Dale, resulted in the founding of various settlements, such as Henrico and others farther south, which became self-supporting a",seed_unreviewed,source language; never normalize to a single polity
IM00086,Indians,Indian,COLONIAL_UMBRELLA_LABEL,colonial_umbrella,allFourVCLCombinedPerPage.json,184868,"by erecéon of hande. M’ Capps reward of 5. men passage free at the Companies charge, in consideraéon of his many yeares service for the Company in Virginia w"" hazard of his life amonge the Indians is likewise confirmed. After these buisinesses were thus ordered and the day farr spent, it was moved that seeing my Lo: of Southampton was not yet come, they might notw'standing proceed t",seed_unreviewed,source language; never normalize to a single polity
IM00087,Indian,Indian,COLONIAL_UMBRELLA_LABEL,colonial_umbrella,allFourVCLCombinedPerPage.json,215462,llott him Elizab: Iland neere Cape Codd to plant vppon The Court agreed y' direcéon should be given to the Gouernor to that effect. M* Webb moved y* some course might be taken that the two Indian Maydes might be disposed of to free the Company of the weeklie charge that now they are at for the keeping of them. Whervppon some havinge moved y‘ they might be sent to y* Somer Tland¢ at,seed_unreviewed,source language; never normalize to a single polity
IM00088,Indian,Indian,COLONIAL_UMBRELLA_LABEL,colonial_umbrella,allFourVCLCombinedPerPage.json,216391,Gouernor to examyne the matter of One Undertakinge to plant Lyquo- righ. A Roll for Aduen- turers. St Richard Bulk- ey to haue his Lande alioted att Eliz: Cittie m' Webbs mocon or y¢ 2 Indian Maydes. mn’ Francks re- quest [combined_page=99] 486 RECORDS OF THE VIRGINIA COMPANY Accompt between them and drive itt to some certaine poynte and for the dewbte ||debt|| appearinge to,seed_unreviewed,source language; never normalize to a single polity
IM00089,Indians,Indian,COLONIAL_UMBRELLA_LABEL,colonial_umbrella,allFourVCLCombinedPerPage.json,233689,"d in the best man- ner at the Comp*: charge, and shall have the Patent they desire for seaven years. [242] Provided that in leive of their moytie of Beads w"" is the matter of Trade with the Indians properly belonginge to the Companie they take a valuable consideragon either outt of the Companies moytie of Glasse or in Corne or other like Comodities as [combined_page=107] The Comittee",seed_unreviewed,source language; never normalize to a single polity
IM00090,Indian,Indian,COLONIAL_UMBRELLA_LABEL,colonial_umbrella,allFourVCLCombinedPerPage.json,238841,o solicite v’ Bishops C’. The moéon for ael- licitinge Kn* C’. for their subserip- Gons referd to \* Audito™. ni’ Webb to Carry the Role Magazine to be audited [combined_page=109] y¢ 2 Indian mayde to be sent to vt Soe mer Ilandé A Comittee for drawinge y* Gou9- nors Instrucéons Ca: Bargraues Pe- ti¢on for exaimin- inve of Wittnesses. 496 RECORDS OF THE VIRGINIA COMPANY shou,seed_unreviewed,source language; never normalize to a single polity
IM00091,Indian,Indian,COLONIAL_UMBRELLA_LABEL,colonial_umbrella,allFourVCLCombinedPerPage.json,239408,edingé therin the Courte have added vnto them— m* Ayres. m* Mellinge m’ Bland. and m’ Casewell. m’ Cuffe. Itt beinge referred to this Courte to dyrect some course for the dis- pose of two Indian maydes haveing byne a long time verie chargeable to y° Company itt is now ordered that they shalbe furnished and sent to the Summer [ands whether they were willinge to goe w™ one servante a,seed_unreviewed,source language; never normalize to a single polity
IM00092,Indian,Indian,COLONIAL_UMBRELLA_LABEL,colonial_umbrella,allFourVCLCombinedPerPage.json,255186,"ilke, began to be planted aceordinge to the Companies former directions and that they prospered with soe good successe, as allso to heare of a confirmaéon of a Peace, and of a League w™ the Indian Kinge wherby not onely a great trade and comerce w™ them hearafter for Corne and other Comodities is like to ensue and good means allso for converting them to Christianytie and to draw them",seed_unreviewed,source language; never normalize to a single polity
IM00093,Indians,Indian,COLONIAL_UMBRELLA_LABEL,colonial_umbrella,allFourVCLCombinedPerPage.json,278776,"combined_page=128] JULY 16, 1621 515 third for the advancement of the Glasse ffurnace as hath been for- merly menéoned; The ffowerth was for the settinge out of a Voyadge to trade with the Indians in Virginia for Furrs, It beinge certainely enformed by m™ Chamberlyn & others and now of late from the Gouerno’ and Counsell of State in Virginia of the great trade of Furrs w the French a",seed_unreviewed,source language; never normalize to a single polity
IM00094,Indians,Indian,COLONIAL_UMBRELLA_LABEL,colonial_umbrella,allFourVCLCombinedPerPage.json,279632,"ght fitt y* direcéon should be given to the Gouernor to afforde his best assistance herein. The said Adventurers have made choyse of m’ Blany to be their ffacto"" or Agent to trade with the Indians for Furrs, and for this purpose allso m’ Bland hath vndertaken to peure one to ioyne with him that is verie skillfull in those kinde of Comodities if the Adven- turers think so good. Itt w",seed_unreviewed,source language; never normalize to a single polity
IM00095,Indians,Indian,COLONIAL_UMBRELLA_LABEL,colonial_umbrella,allFourVCLCombinedPerPage.json,387086,"to 800"" as may appeare by the subscriptions. [combined_page=180] NOVEMBER 21, 1621 567 The ffourth Roll was intended for a most certaine and benificiall trade of ffurrs to be had w'"" the Indians in Virginia in the lymitte of the Southerne Colony, it beinge credibly informed both by letters from the Gouernor and Counsell of State in Virginia as also by relaéon of others of the great",seed_unreviewed,source language; never normalize to a single polity
IM00096,Indians,Indian,COLONIAL_UMBRELLA_LABEL,colonial_umbrella,allFourVCLCombinedPerPage.json,586366,"ormation concerning the affairs, needs, and hopes of the colony, while Governor Yeardley also gives some valuable statements with regard to new settlers, the council, the relations with the Indians, and the government of the colony; both complain of the scant provisioning of the new settlers, The burden of the Yeardley letters, however, is the investigation of the affairs of Captain A",seed_unreviewed,source language; never normalize to a single polity
IM00097,Indians,Indian,COLONIAL_UMBRELLA_LABEL,colonial_umbrella,allFourVCLCombinedPerPage.json,587262,"upporting Argall and criticizing the governor. As from all correspondence of such a character, new ideas are gained, new points of view, and often additional knowledge of relations with the Indians and with one another. Many of these letters are annotated by John Ferrar, revealing the degree of importance which he attached to their various and often conflicting statements. PUBLIC REC",seed_unreviewed,source language; never normalize to a single polity
IM00098,Indians,Indian,COLONIAL_UMBRELLA_LABEL,colonial_umbrella,allFourVCLCombinedPerPage.json,607735,"from Martin to his brother-in-law, Sir Julius Ceesar, written in December, 1622. give startling suggestions with regard to an ideal policy for the colony. ‘*The manner howe to bringe in the Indians into subjection w™ out makinge an utter extirpation of them...” is the heading of the paper in which Martin proposes to disable the main body of the enemy by cutting them off from their sou",seed_unreviewed,source language; never normalize to a single polity
IM00099,Indians,Indian,COLONIAL_UMBRELLA_LABEL,colonial_umbrella,allFourVCLCombinedPerPage.json,608262,"l their Townes in wynter.” By this means and by gaining a store of grain for two years’ supply, be plans for the recovery from the massacre. In order to secure the entire territory from the Indians, ina second letter he propounds a scheme by which the Crown or the company can make a ** Royall plantation for gods glory his Ma"": and Royall progenyes ecuer happines and the Companies exce",seed_unreviewed,source language; never normalize to a single polity
IM00100,Indians,Indian,COLONIAL_UMBRELLA_LABEL,colonial_umbrella,allFourVCLCombinedPerPage.json,654268,"le tone of the book changes. Personal feuds and quarrels, complaints, and accusations fill the pages. Whether the friction was due to the extreme distress brought about by the attack of the Indians or whether it was but the excuse for open opposition by the party of the Crown, which had been rapidly developing, is difficult to determine. From the spring of 1622 until February, 1622/3,",seed_unreviewed,source language; never normalize to a single polity
IM00101,Indians,Indian,COLONIAL_UMBRELLA_LABEL,colonial_umbrella,allFourVCLCombinedPerPage.json,693296,"years 1621, 1622, and 1623, and concern the collection of taxes, the designation of laborers for public works, the regu- lation of prices of commodities, the restraint of relations with the Indians, and the control of the morals of the citizens. In addition to these documents issued by the governor is a series of twenty-four commissions and warrants issued to individuals to act as com",seed_unreviewed,source language; never normalize to a single polity
IM00102,Indians,Indian,COLONIAL_UMBRELLA_LABEL,colonial_umbrella,allFourVCLCombinedPerPage.json,693552,"n to these documents issued by the governor is a series of twenty-four commissions and warrants issued to individuals to act as commanders of cities and hundreds, to carry on trade with the Indians, to make discoveries, to wage war upon the Indians, and to collect moneys. Another group of documents in the same collection consists of thirty- six petitions to the governor and council be",seed_unreviewed,source language; never normalize to a single polity
IM00103,Indians,Indian,COLONIAL_UMBRELLA_LABEL,colonial_umbrella,allFourVCLCombinedPerPage.json,693603,"ries of twenty-four commissions and warrants issued to individuals to act as commanders of cities and hundreds, to carry on trade with the Indians, to make discoveries, to wage war upon the Indians, and to collect moneys. Another group of documents in the same collection consists of thirty- six petitions to the governor and council between 1622 and 1624. They are 6For a citation of t",seed_unreviewed,source language; never normalize to a single polity
IM00104,Indians,Indian,COLONIAL_UMBRELLA_LABEL,colonial_umbrella,allFourVCLCombinedPerPage.json,757418,"Hist. Suc. Coll., ser. 4, Vol. IX, pp. 1-4. Transcript in N. Y. Pub. Lib,, Barlow Papers, Virginia, Vol, I. OCTOBER 20 42.* Governor Argall. Pardon to George White for running away to the Indians with arms and ammunition; also to Arthur Edwards and to Henry Potter. (1) LC. (2) VHS. IV. Ref: (1) Mise. Papers, 1606-1683, quarto. (Abstract only.) (2) MS., Coll. Va. Hist. Soc., John Ra",seed_unreviewed,source language; never normalize to a single polity
IM00105,Indians,Indian,COLONIAL_UMBRELLA_LABEL,colonial_umbrella,allFourVCLCombinedPerPage.json,760481,"ng because they have joined the cape merchant with him in equal trust. IV. Ref: See under No. 40. (1) LC. (2) VHS. See No. 40, Remarks. 57.* Four warrants as to trade and relations with the Indians. (1) LC. (2) VHS. IV. Ref: See under No. 40. See No. 40, Remarks, [1618 ?] 58.* A complete list in alphabetical order of the ‘‘ Adventurers to Virginia,’ with the several amounts of thei",seed_unreviewed,source language; never normalize to a single polity
IM00106,Indians,Indian,COLONIAL_UMBRELLA_LABEL,colonial_umbrella,allFourVCLCombinedPerPage.json,774240,"37. JUNE 17, 21 110.* Treasurer and Council for Virginia. (1) A commission to Wye. (2) A letter to Sir Geo. Yeardley, expressing pleasure at reforms enacted and outlining policy toward the Indians. TI. ef: Admiralty Court, Instance and Prize, Libels 80, No. 123. PRO. In the records of the suit of the Virginia Company with Wye, 1620, See post, No, 148. JULY 2 111.* Geo. Thorpe. A let",seed_unreviewed,source language; never normalize to a single polity
IM00107,Indians,Indian,COLONIAL_UMBRELLA_LABEL,colonial_umbrella,allFourVCLCombinedPerPage.json,805265,"and Council of Virginia. Warrant concerning Capt. John Martin. IV. Pub: Brown, First Republic, 414. MAY 15 AND 16 243.* Geo. Thorpe and John Pory. A letter to Sir Edwin Sandys concerning Indians, com- modities, and perplexities of government. MC. {LC} IV. Ref: Ferrar Papers. MAY 15 244.* George Thorpe and John Pory. A letter to Sir Edwin Sandys, concerning the commodities and need",seed_unreviewed,source language; never normalize to a single polity
IM00108,Indians,Indian,COLONIAL_UMBRELLA_LABEL,colonial_umbrella,allFourVCLCombinedPerPage.json,816314,"raphic reproduction of part in the Library of Congress. DECEMBER 23 286.* Governor in Virginia. Comission by the governor and captain-genera!l of Virginia to Dan’l Tucker to trade with the Indians. LC. IV. Ref: MS. Rec. Virginia Co., III, pt. ii, p. 36. 1622 287.* Draft of a letter to see that grant of the King tu the Company of the importation of tobacco for seven years from Virgin",seed_unreviewed,source language; never normalize to a single polity
IM00109,Indians,Indian,COLONIAL_UMBRELLA_LABEL,colonial_umbrella,allFourVCLCombinedPerPage.json,832362,"n 350 (circum) of the English. PRO. VII. Ref: State Papers, Domestic, James I, Vol. 132, No. 38. Pub: Sainsbury, Calendar of State Papers, Colonial, p. 31. JULY 14 350. Sir Thomas Wilson. Indians have killed in Virginia 300-400 English, and but for accident man, mother, and child had all been slain. PRO. VII. Ref: State Papers, Domestic, James I, Vol. 132, No. 41. Pub: Sainsbury,",seed_unreviewed,source language; never normalize to a single polity
IM00110,Indians,Indian,COLONIAL_UMBRELLA_LABEL,colonial_umbrella,allFourVCLCombinedPerPage.json,833777,"r of State Papers, Colonial, p. 32. JULY 20 $55.* Privy Council. Order of Privy Council that old cast arms in Tower, unfit for modern use, be delivered to Virginia Company for use against Indians. (1) PC. (2) PRO. -[NY] I, Ref: (1) Privy Council Register, James I, Vol. V, p. 449. (2) Colonial Entry Book, Vol. 79, p. 202. Pub; Sainsbury, Calendar of State Papers, Colonial, p. 32. Tra",seed_unreviewed,source language; never normalize to a single polity
IM00111,Indians,Indian,COLONIAL_UMBRELLA_LABEL,colonial_umbrella,allFourVCLCombinedPerPage.json,834168,"ipt: New York Public Library, Bancroft Papers, I, fos. 481-483, AUGUST 1 356.* Treasurer and Council for Virginia. Letter to governor and council in Virginia, concern- ing protection from Indians and sole importation of tobacco. LC. Ill. Ref: (1) MS. Rec. Virginia Co., III, pt. ii, pp. 23°-25. (2) Instructions, Commis- sions, and Letters, 1606-1683, pp. 102-107. Pub: Neill, Virginia",seed_unreviewed,source language; never normalize to a single polity
IM00112,Indians,Indian,COLONIAL_UMBRELLA_LABEL,colonial_umbrella,allFourVCLCombinedPerPage.json,835721,"MC. Pub: Virginia Mag. of Hist., X, 417-418. ALL, SEPTEMBER 10 862.* Governor in Virginia. Commission by governor and captain-general of Virginia to Sir George Yeardley to make war on the Indians; also for his voyage to Pamunkey. — LC. IV. ‘Ref: MS. Rec. Virginia Co., III, pt. ii, pp. 38*, 39. 16455—voL 1—06——11 [combined_page=367] 160 INTRODUCTION [1622 SEPTEMBER 11 863. ‘‘The L",seed_unreviewed,source language; never normalize to a single polity
IM00113,Indians,Indian,COLONIAL_UMBRELLA_LABEL,colonial_umbrella,allFourVCLCombinedPerPage.json,836636,"IV. Ref: MS. Rec. Virginia Co., III, pt. ii, p. 58. 1622 OCTOBER 7 367.* Virginia Company. A letter to the governor and council in Virginia, concerning further advice about destroying the Indians. LC. III. Ref: MS. Rec. Virginia Co., ILI, pt. ii, p. 25¢-27. Pub: Neill, Virginia Company of London, pp. 347-359. OCTOBER 13 368.* Sir Edwin Sandys. A letter to John Ferrar, concerning ‘",seed_unreviewed,source language; never normalize to a single polity
IM00114,Indians,Indian,COLONIAL_UMBRELLA_LABEL,colonial_umbrella,allFourVCLCombinedPerPage.json,837178,"to governor and council in Virginia. LC. IV. Ref: MS. Ree. Virginia Co., ITI, pt ii, p. 58. OCTOBER 23 370.* Governor of Virginia. Commission to Capt. Ralph Hamer to force a trade with the Indians for provisions for the Colony. LC. IV. Ref: MS. Rec. Virginia Co., ITI, pt. ti, p. 39. OCTOBER 24 371.* Governor of Virginia. Commission to Capt. William Eden, alias Sampson, to trade fo",seed_unreviewed,source language; never normalize to a single polity
IM00115,Indians,Indian,COLONIAL_UMBRELLA_LABEL,colonial_umbrella,allFourVCLCombinedPerPage.json,840157,"commodities. LC. IV. Ref: MS. Rec. Virginia Co., III, pt. ii, p. 47. [combined_page=369] 162 INTRODUCTION [1622-1628 DECEMBER 15 384.* Jhd. [John] Martin. ‘The manner howe to bringe the Indians into subiection w""out makinge an utter extirpation of them together w"" the reasons.”’ BM. [LC] VI. Ref: Additional MSS., 12496, fos. 459-460. (Caesar Papers. ) «The manner howe Virginia may",seed_unreviewed,source language; never normalize to a single polity
IM00116,Indians,Indian,COLONIAL_UMBRELLA_LABEL,colonial_umbrella,allFourVCLCombinedPerPage.json,857392,": Calendar: Hist. MSS. Com., Highth Report, pt.2, pp. 40-41. Autograph similar to John Harvey's. 450.* P. Arundlie. Extract from letter of P. Arundle, recounting how Spilman was eut off by Indians, and attributing treachery to the example of Europeans. PRO. V1; Ref: Manchester Papers, No. 341. Pub; Calendar: Hist. MSS. Com., Highth Report, pt. 2, p. 42. 451.* Account of a small suppl",seed_unreviewed,source language; never normalize to a single polity
IM00117,Indians,Indian,COLONIAL_UMBRELLA_LABEL,colonial_umbrella,allFourVCLCombinedPerPage.json,858874,"7. APRIL 4 467.* Council in Virginia. Letter to Virginia Company of London, describing attempts for sassa- fras & silke-grass; return of planters to different houses, etc., and treaty with Indians. (1) LC. (2) PRO. IV. Ref: (1) MS. Rec. Virginia Co., III, pt. ii, pp. 6, 6%. (2) State Papers, Colonial, James I, Vol. II, No. 22. Pub: Sainsbury, Calendar of State Papers, Colonial, pp. 4",seed_unreviewed,source language; never normalize to a single polity
IM00118,Indians,Indian,COLONIAL_UMBRELLA_LABEL,colonial_umbrella,allFourVCLCombinedPerPage.json,859489,", II, 164. [combined_page=377] 170 INTRODUCTION [1623 APRIL 7 459.* Sir Francis Wyatt. <A letter to John Ferrar, giving particulars of rebuilding of colony and advising extinction of the Indians and martial law. PRO. [NY] IV. Ref: State Papers, Colonial, James I, Vol. II, No. 26. Pub: Sainsbury, Calendar of State Papers, Colonial, p. 42. Transcript, New York Public Library, Bancrof",seed_unreviewed,source language; never normalize to a single polity
IM00119,Indians,Indian,COLONIAL_UMBRELLA_LABEL,colonial_umbrella,allFourVCLCombinedPerPage.json,872245,"quayak. LC. IV. Ref: MS. Ree. Virginia Co., IIT, pt. ii, p. 40. MAY 12 602.* Governor in Virginia. Commission by governor and captain-general of Virginia to Gilbert Peppet to trade with y* Indians. LC. IV. Ref: MS. Rec. Virginia Co., III, pt. ii, p. 40. 508.* Commission by governor of Virginia to Capt. Ralph Tucker to go against the Indians. LC. IV. Ref: MS. Rec. Virginia Co., ITI,",seed_unreviewed,source language; never normalize to a single polity
IM00120,Indians,Indian,COLONIAL_UMBRELLA_LABEL,colonial_umbrella,allFourVCLCombinedPerPage.json,872392,"irginia to Gilbert Peppet to trade with y* Indians. LC. IV. Ref: MS. Rec. Virginia Co., III, pt. ii, p. 40. 508.* Commission by governor of Virginia to Capt. Ralph Tucker to go against the Indians. LC. IV. Ref: MS. Rec. Virginia Co., ITI, pt. ii, p. 50°. MAY 13 504.* Governor in Virginia. Warrant of governor in Virginia for sending every twentieth man to work on the fort at Wariscay",seed_unreviewed,source language; never normalize to a single polity
IM00121,Indians,Indian,COLONIAL_UMBRELLA_LABEL,colonial_umbrella,allFourVCLCombinedPerPage.json,885318,"wer to the 15 articles prepared against the company at a meeting of the commissioners. MC. Ill, Ref: Ferrar Papers. JULY 17, 23 544.* Governor Wyatt. Commission to Capt. Pierce to burn y* Indians’ Corn; with a minute of the other commissions of that sort and the time when they fell upon the Indians. IV. Ref: MS. Rec., Virginia Co., III, pt. ii, p. 41. LC, JULY 19 545.* Privy Counc",seed_unreviewed,source language; never normalize to a single polity
IM00122,Indians,Indian,COLONIAL_UMBRELLA_LABEL,colonial_umbrella,allFourVCLCombinedPerPage.json,885422,"rar Papers. JULY 17, 23 544.* Governor Wyatt. Commission to Capt. Pierce to burn y* Indians’ Corn; with a minute of the other commissions of that sort and the time when they fell upon the Indians. IV. Ref: MS. Rec., Virginia Co., III, pt. ii, p. 41. LC, JULY 19 545.* Privy Council. Order giving allowance of pay to officers attending on the commissioners to examine the Virginia bus",seed_unreviewed,source language; never normalize to a single polity
IM00123,Indians,Indian,COLONIAL_UMBRELLA_LABEL,colonial_umbrella,allFourVCLCombinedPerPage.json,890059,"r and council in Virginia in regard to rights of trading. IV. ‘Ref: MS. Rec. Virginia Co., III, pt. ii, p. 59"". LC. SEPTEMBER 4 561.* Governor in Virginia. Proclamation about trading with Indians for corn in the bay. — LC. IV. Ref: MS. Rec. Virginia Co., IIT, pt. ii, p. 49. SEPTEMBER 16 562.* Invoice of goods sent to Virginia by John Harrison in ‘‘Marmaduke,’’ John Dennis, master,",seed_unreviewed,source language; never normalize to a single polity
IM00124,Indians,Indian,COLONIAL_UMBRELLA_LABEL,colonial_umbrella,allFourVCLCombinedPerPage.json,897617,"Congress. OCTOBER 24 582.* Privy Council. Order to John Harvey to investigate the conditions of Virginia—plantations, fortifications, provisions, boats, public works, and relations with the Indians. PC, I. Ref: Privy Council Register, James I, Vol. VI, p. 137. Transcript, New York Public Library, Bancroft Papers, Vol. II, fos. 205-207. 583.* Privy Council. A letter tothe Governor and",seed_unreviewed,source language; never normalize to a single polity
IM00125,Indians,Indian,COLONIAL_UMBRELLA_LABEL,colonial_umbrella,allFourVCLCombinedPerPage.json,908385,"ning the general assembly. IV. Ref: MS. Rec. Virginia Co., ITI, pt. ii, fo. 53. LC. JANUARY 30 620.* Council in Virginia. A letter to the Virginia Company of London, describing revenge on Indians, (1) LC. (2) PRO. [NY] IV. Ref: (1) MS. Ree. Virginia Co., III, pt. i, pp. 7-8. (2) State Papers, Domestic, James I, Vol. 156, No. 1. Pub: (1) Calendar: Virginia, Mag. of Hist., VI, 374-377",seed_unreviewed,source language; never normalize to a single polity
IM00126,Indians,Indian,COLONIAL_UMBRELLA_LABEL,colonial_umbrella,allFourVCLCombinedPerPage.json,918216,"ers, Domestic, James I, Vol. 160, No. 70. Pub: Sainsbury, Calendar of State Papers, Colonial, p. 59. MARCH 16 652.* Governor in Virginia. A commission to Rawleigh Crashaw to trade with the Indians. LC. IV. Ref: MS. Rec. Virginia Co., III, pt. ii, p. 41."" MARCH 23, 24, 25 658.* John Haruey. ‘To the right wor:tt S' Francis Wyatt knight &e and to y* Counsell of Estate the third petition",seed_unreviewed,source language; never normalize to a single polity
IM00127,Indians,Indian,COLONIAL_UMBRELLA_LABEL,colonial_umbrella,allFourVCLCombinedPerPage.json,944091,"rs of Martin’s Hundred, concerning the land for the East India School. MC. VI. = ‘Ref: Ferrar Papers. 736. Council in Virginia. Action concerning a will, a complaint, and use of arms by the Indians. LC. IV. Ref: MS. Court Book of the Colony. NOVEMBER 9 737. The King. ‘Proclamation of a concession to Edward Dichfield and others’? concerning tobacco. I. Pub: (1) Hazard, Historical Col",seed_unreviewed,source language; never normalize to a single polity
IM00128,Indians,Indian,COLONIAL_UMBRELLA_LABEL,colonial_umbrella,allFourVCLCombinedPerPage.json,945999,"R 2 743.* Council in Virginia. Letter ‘‘To the right Honobtt Henry Earle of Suthamptone, with the Lordes and others of the counsell & compeny of Virginia,’’ concerning the victory over the Indians. (1) LC. (2) PRO. IV. Ref: (1) MS. Ree. Virginia Co., III, pt.i, p. 11a. (2) State Papers, Colonial, James I, Vol. THI, No. 30. Pub: (1) Calendar: Virginia Mag. of Hist., VII, 180-131. (2)",seed_unreviewed,source language; never normalize to a single polity
IM00129,Indians,Indian,COLONIAL_UMBRELLA_LABEL,colonial_umbrella,allFourVCLCombinedPerPage.json,1159751,"n my designes, to the furtherance of w'"" good worke, the Convertinge of Intidles to the fayth of Christe I pmised by my good frends 500"" for the mayntenance of a Convenyent nomber of younge Indians taken att the age of Seaven years or younger & instructed in the readinge and ynderstandinge the principalls of Xian Religion vuto the Age of 12 years and then as oveasion seryeth to be tra",seed_unreviewed,source language; never normalize to a single polity
IM00130,Indians,Indian,COLONIAL_UMBRELLA_LABEL,colonial_umbrella,allFourVCLCombinedPerPage.json,1165312,"Lette™ from Virginia importinge the wellfare of the Plantaéou although they have been much distempord by reason of an intemporate heate not onely hapninge vnto them but chietly amongst the Indians requestinge that the Company would send them some Phisitians and Appothycaries of w"" they stand much need off: relatinge allso to y* great Comforte of the Comp*: and ineouragm' of those w™",seed_unreviewed,source language; never normalize to a single polity
IM00131,Indian,Indian,COLONIAL_UMBRELLA_LABEL,colonial_umbrella,allFourVCLCombinedPerPage.json,1165785,"happened since the English was there planted haveing had two harvest, the first beinge shaken with the winde pduced a second, and the ground beinge so extraordinary ffatt & good y' sowinge Indian Corne vppon that stuble they had likewise a great Cropp therof.’ [79] Signifyinge allso that one Cap‘ Spillman who thought to deprave y° Gou9nor of his Authoritie by his instigaton to Opoc",seed_unreviewed,source language; never normalize to a single polity
IM00132,Indians,Indian,COLONIAL_UMBRELLA_LABEL,colonial_umbrella,allFourVCLCombinedPerPage.json,1167360,"for divers reasons thinks itt inconvenyent, first because they intend not to goe this 2 or :3: monneths and then after there arryvall' wilbe longe in settlinge themselves, as allso that the Indians are not acquainted w them, and so they may stay 4 or 5 years before they have account that any good is donne. And for to putt itt into the hands of pryvate men to bringe them vpp att x"" a",seed_unreviewed,source language; never normalize to a single polity
IM00133,Indians,Indian,COLONIAL_UMBRELLA_LABEL,colonial_umbrella,allFourVCLCombinedPerPage.json,1167764,"some proposed they hould itt not soe fitt by reason of the causualty vnto w™ itt is subiect. Butt forasmuch as divers hundreds and pticularr PlantaGons are all- redie there settled and the Indians well acquainted w""” them, as namely, Smithe Hundred, Martine Hundred, Bartlett¢ Eiurediret & the like that therfore they receave and take charge of them by w™ course they shalbe sure to be",seed_unreviewed,source language; never normalize to a single polity
IM00134,Indians,Indian,COLONIAL_UMBRELLA_LABEL,colonial_umbrella,allFourVCLCombinedPerPage.json,1350458,ertifie the truth therof vnto the Courte. Vppon the request of Captaine Warde for the returne of Luke Burden into England now deteyned in Virginia for takinge a way certaine goods from the Indians there The Courte was pleased to order that a letter should be write to S' George Yeardley Gouernor of Virginia to pmitt the said Luke Burden to come ouer if hee be onely deteyned for that f,seed_unreviewed,source language; never normalize to a single polity
IM00135,Indians,Indian,COLONIAL_UMBRELLA_LABEL,colonial_umbrella,allFourVCLCombinedPerPage.json,1397734,"nto them but rather prayed that the Company would be pleased to be att tke |/some]| charge to send them a few triflinge Comodities [169] As Beades and such like toyes wherby to truck w™ the Indians for Corne and other necessaries to encrease and maynteyne therby a Christian Comerce, and trade with the Sauages, w™ they exceedingly desire may be continued. Touchinge Gabriell Wishers fo",seed_unreviewed,source language; never normalize to a single polity
IM00136,Indian,Indian,COLONIAL_UMBRELLA_LABEL,colonial_umbrella,allFourVCLCombinedPerPage.json,1481828,inia there was a great quantitie of Woodland Marish and other grounds beinge in cireum- ference by estimaéon fower score Miles or thereabout¢ for w™ ground he did compound with Powhatan the Indian Kinge or cheife of that place and bounded the same out with markeable Trees and other Mark¢€ of perpetuall knowledge and remembrance with a solemne 1 The caption of this petition is the au,seed_unreviewed,source language; never normalize to a single polity
IM00137,Indian,Indian,COLONIAL_UMBRELLA_LABEL,colonial_umbrella,allFourVCLCombinedPerPage.json,1512420,"u beinge Gouernor restraine noe man but Passengers M’ Marriners bringe the greatest part of Tobacco and all the Sassafras for themselues, It is laid vnto yo"" charge that you appropriate the Indian Trade to yo’ selfe, yo"" vse our ffrigatt that came from the Sumer Iland¢ and the other with our men to trade for yo"" owne benifitt, yo"" proclaime in the Colony that no man shall trade with",seed_unreviewed,source language; never normalize to a single polity
IM00138,Indians,Indian,COLONIAL_UMBRELLA_LABEL,colonial_umbrella,allFourVCLCombinedPerPage.json,1512620,"de to yo’ selfe, yo"" vse our ffrigatt that came from the Sumer Iland¢ and the other with our men to trade for yo"" owne benifitt, yo"" proclaime in the Colony that no man shall trade with the Indians nor any buy any ffurrs but yo"" selfe: It is also iustified that you take the auncient Planters of the Colony w™ ought to be free and likewise those from the coffion garden to sett them vpon",seed_unreviewed,source language; never normalize to a single polity
IM00139,Indians,Indian,COLONIAL_UMBRELLA_LABEL,colonial_umbrella,allFourVCLCombinedPerPage.json,1518277,to deliver them hee hath dofi us soe greate displeasure at the returne of this ship as hee could not haue worked to haue dofi us a greater. Hee hath forbidden all trade and commerce w™ the Indians but trades amongs|t} them w” the Summer Island Frigott and our men to his owne benifitt. Hee takes the auncient Collony men which should now bee free and our men from the Common Garden to s,seed_unreviewed,source language; never normalize to a single polity
IM00140,Indians,Indian,COLONIAL_UMBRELLA_LABEL,colonial_umbrella,allFourVCLCombinedPerPage.json,1518630,ur men from the Common Garden to sett them aboute his owne imployment and w™ the Collonys stoare of Corne feeds his men hee proclaym€ y‘ noe man shall dare to buy any thing of Furr |\of the Indians] but himself as yf the Plantation and y° people there were ordayned onely to serue his turne. Theese and to many like Errours of his are layde to his chardge for w® the Adventurers heare wi,seed_unreviewed,source language; never normalize to a single polity
IM00141,Indians,Indian,COLONIAL_UMBRELLA_LABEL,colonial_umbrella,allFourVCLCombinedPerPage.json,1599947,moéon was made that forasmuch ||as|| m* Truloue and his Associate intend to proceed in their Plantaéon beinge no whitt discouraged with this late Massacre of the English by the treacherous Indians are nowe settinge forth a Barke called the Truloue of London of about 46: Tun to Virginia they therefore desired the hono”® fauo’ of this Court to graunt them a Comission for ||the|| said S,seed_unreviewed,source language; never normalize to a single polity
IM00142,Indians,Indian,COLONIAL_UMBRELLA_LABEL,colonial_umbrella,allFourVCLCombinedPerPage.json,1600350,"e w™ the Court agreed vnto. Vpon the humble request of W™ Sheffeild peti@oninge for leaue to ad - minister vpon the goode¢ (that are saued) of his Sonne Tho: Sheffeild lately slaine by the Indians w™ good¢ he desires to preserue for the vse of a Sonne of the said Thomas a Child about the age of twoe yeares saued aliue in that bloudie Massacre, forsomuch as it was sup- posed this woul",seed_unreviewed,source language; never normalize to a single polity
IM00143,Indians,Indian,COLONIAL_UMBRELLA_LABEL,colonial_umbrella,allFourVCLCombinedPerPage.json,1605235,"ECORDS OF THE VIRGINIA COMPANY S' Edw: Sackuill beinge entreated by the former Court to acquaint the Lorde of his Ma” Counsell with the Massacre of the English Col- lony in Virginia by the Indians there and with the present necessity of Armes and people to make a reparaéon, did nowe report that with the first oppertunity he had accordingly informed their tps, and after some questions",seed_unreviewed,source language; never normalize to a single polity
IM00144,Indians,Indian,COLONIAL_UMBRELLA_LABEL,colonial_umbrella,allFourVCLCombinedPerPage.json,1606245,"o promise them assistance, and therevpon defiaunded what the Companies desire. It was answeared Muniéon and people whereby they might be enhabled to take a iust revenge of those treacherous Indians, and to recouer what they had nowe lost as also to secure themselues against the like or any other forraigne Enimy that should offer to assault them wherevpon it pleased his Ma‘* to promise",seed_unreviewed,source language; never normalize to a single polity
IM00145,Indians,Indian,COLONIAL_UMBRELLA_LABEL,colonial_umbrella,allFourVCLCombinedPerPage.json,1613679,"moued herevnto, and further it was agreed and thought fitt, that the Bowes and Arrowes w™ his Ma‘ had giuen to the Virginia Companie (in respect the vse and seatteringe of them amongst the Indians might proue a thinge dangerous to our owne people, and withall make them acquainted with the manner of fash- oninge the Arrowe head¢) that therefore they should be deposited and kept safe i",seed_unreviewed,source language; never normalize to a single polity
IM00146,Indians,Indian,COLONIAL_UMBRELLA_LABEL,colonial_umbrella,allFourVCLCombinedPerPage.json,1646186,"discharged accordinge to their request vpon the said Bill. Capt: Hamers Letter was read, relatinge some accident¢€ that had happned in the Colony since the Massacre, the killinge of certen Indians, burninge of their Townes, the ioyninge with the Kinge of Patomecke against Opachankano Cap: Maddison sent vnto him with 30: English, the insolent Answ* of Opachankano to the Gouerno™ messa",seed_unreviewed,source language; never normalize to a single polity
IM00147,Indians,Indian,COLONIAL_UMBRELLA_LABEL,colonial_umbrella,allFourVCLCombinedPerPage.json,2207001,"rth) not onely tooke life and beinge butt peeeded in a moste hopefull and comfortable Course for many years togeather w vnity and love amongst ourselvs, & quyett enterteynm‘ of those Sauadg Indians by w endeavours sundry of those Infidells and some of emynent sort were converted to Christian Religion, Staple Comodities began to be raysed and imported into this kingdome, as Iron, Sturg",seed_unreviewed,source language; never normalize to a single polity
IM00148,Indians,Indian,COLONIAL_UMBRELLA_LABEL,colonial_umbrella,allFourVCLCombinedPerPage.json,2213890,"here every man madded yppon that and little thought or looked for any thinge ellse. I found y°® Antient Plantatons of Henrico and Charles Citty wholly quitted and lefte to y° spoyle of the Indians who not onely burned the houses said to be [combined_page=1024] 376 RECORDS OF THE VIRGINIA COMPANY once y° best of all others, butt fell vppon the Poultry, Hoggs, Cowes, Goats and Horse",seed_unreviewed,source language; never normalize to a single polity
IM00149,Indians,Indian,COLONIAL_UMBRELLA_LABEL,colonial_umbrella,allFourVCLCombinedPerPage.json,2227054,"ise to make a generall gatheringe for the buildinge of such a Convenient house w™ by this time had been in good forwardnes had itt not pleased God to suffer this Disaster to fall out by the Indians. But although there be no publique Guesthouse yett are new Commers entertayned and lodged & pvided for by y® Gouerno"" in pryvate houses; And for any dyinge in the feilds (through this defec",seed_unreviewed,source language; never normalize to a single polity
IM00150,Indian,Indian,COLONIAL_UMBRELLA_LABEL,colonial_umbrella,allFourVCLCombinedPerPage.json,2228650,"od for our murringe §murmuringe§ att plentie Wheat hath this yeare been sould and still is in many places at three times the rate itt hath borne win two or three years last past: And againe Indian Corne hath heretofore comonly been sould after the rate of five shillings the bushell, And farther meale bore so high a price this year as itt cost redy mony in Eng- land together w™ the fr",seed_unreviewed,source language; never normalize to a single polity
IM00151,Indians,Indian,COLONIAL_UMBRELLA_LABEL,colonial_umbrella,allFourVCLCombinedPerPage.json,2233468,"mer Coffiodities of Wine and Silke, & likewise divers other good Comodities. [277] 8 I found y*® Antient Plantations of Henrico, & Charles Citty wholly quitted and lefte to y° spoile of y® Indians who not onely burned y® houses saide to be once y° best of all others, but fell Vppon y° Poultry, Hoggs, Cowes, Goates, and Horses wherof they killed great numbers to y° greate greife as we",seed_unreviewed,source language; never normalize to a single polity
IM00152,Indians,Indian,COLONIAL_UMBRELLA_LABEL,colonial_umbrella,allFourVCLCombinedPerPage.json,2256666,"then Gouernor to prey on the West Indies as shall be elswere showne. The second Information by the Petitoners is, That vnder y°® form9 Gou9m* ther was a quyett entertaynment of the Savadge Indians by w™ sundry of those Infidles and some of emynent note wer couerted to Christian Religion wheras of late there hath been a Massacre and Hostillytie between the Natives and our Colony of Vi",seed_unreviewed,source language; never normalize to a single polity
IM00153,Indians,Indian,COLONIAL_UMBRELLA_LABEL,colonial_umbrella,allFourVCLCombinedPerPage.json,2409330,ia Corne such newe men as they shall send the next yeare in case they can against that time pro- uide themselues of so good store and that it be of their owne growth and not by trade w™ the Indians whereof they are to certifie the Companie here by the first Shippinge accordingly. At A CoURT HELD FOR VIRGINIA ON WEDENSDAY IN THE AFTERNOONE THE 15 oF Oct: i623 PRESENT S' Sam: Argall.,seed_unreviewed,source language; never normalize to a single polity
IM00154,Indian,Indian,COLONIAL_UMBRELLA_LABEL,colonial_umbrella,allFourVCLCombinedPerPage.json,2439729,"6] Ea of Southampton and the rest of the Lord¢ of the Counsell for Virginia: And began thus That by a succesfull Stratagem they had not only regained their people but cutt of diuers of the Indian Kinges and great Comaunders: Amongst whome they are confident that Opachankano was one it beinge impossible for him to escape, beinge the designe was chiefely on his person and that exposed",seed_unreviewed,source language; never normalize to a single polity
IM00155,Indian,Indian,COLONIAL_UMBRELLA_LABEL,colonial_umbrella,allFourVCLCombinedPerPage.json,2547877,"izt) William Dansey, — Miller, and Iames Bradford, The Court ordered that hee should haue the proporéon of 200 Acres allowed him for their psonall shares. There was brought to the Court an Indian Boy by one William Perry lately come ouer from Virginia, for whome a moéon was made for some Contribuéon toward¢ his mayntenance, wherby to bring him vp in Christianitie and some good cours",seed_unreviewed,source language; never normalize to a single polity
IM00156,Indian,Indian,COLONIAL_UMBRELLA_LABEL,colonial_umbrella,allFourVCLCombinedPerPage.json,2558675,"affed to promise his pformance of their desires, and the like did the other of their parte. The Court beinge moved that some course might be taken for the Educaéon and bringinge vpp of the Indian boy that was lately brought ouer from Virginia by one William Perry, did thervppon entreate m’ Copeland a Mynister to take him into his care and charge: And did promise hee should haue allo",seed_unreviewed,source language; never normalize to a single polity
IM00157,Indian,Indian,COLONIAL_UMBRELLA_LABEL,colonial_umbrella,allFourVCLCombinedPerPage.json,2630749,"rl of. Council, I, 383. Huntleye, Sir George. Suit with company, I, 123, 124. Hurd, Edward. Land, II, 91. Patent, II, 412. Hutchinson, Henry. Land, T, 619. Hyde, Nicholas. Council, I, 473. Indian corn, II, 382. Indians, IT, 93, 395. Trade with, I, 493. Maids, I, 485, 496. Ingram, Sir Arthur, II, 120, 138, 162. Sole importation of tobacco, II, 36. Instructions. To the company from Ki",seed_unreviewed,source language; never normalize to a single polity
IM00158,Indians,Indian,COLONIAL_UMBRELLA_LABEL,colonial_umbrella,allFourVCLCombinedPerPage.json,2630771,". Huntleye, Sir George. Suit with company, I, 123, 124. Hurd, Edward. Land, II, 91. Patent, II, 412. Hutchinson, Henry. Land, T, 619. Hyde, Nicholas. Council, I, 473. Indian corn, II, 382. Indians, IT, 93, 395. Trade with, I, 493. Maids, I, 485, 496. Ingram, Sir Arthur, II, 120, 138, 162. Sole importation of tobacco, II, 36. Instructions. To the company from King, I, 222. To Berkeley",seed_unreviewed,source language; never normalize to a single polity
IM00159,Indian,Indian,COLONIAL_UMBRELLA_LABEL,colonial_umbrella,allFourVCLCombinedPerPage.json,2660320,"ry, Earl of Northumberland Land, II, 122. Tobacco for, II, 122. Perkins, Sir Christopher, IT, 79. Perkins, Works, I, 421. Perry, Richard. Land, I, 534. Patent, I, 534. Perry, William (Indian). Petition to king, II, 519. To be aided by roll, H, 532. INDEX Petitions, I, 153, 156, 162, 245. Committee on, II, 118. Committee to consider methods of, II, 111. Report, II, 117. To be",seed_unreviewed,source language; never normalize to a single polity
IM00160,Indian,Indian,COLONIAL_UMBRELLA_LABEL,colonial_umbrella,allFourVCLCombinedPerPage.json,2689560,"6-49. Committee, I, 374. Court, I, 591, 592. Desire petition to Parliament, I, 443. Discovery of, I, 47-49. Error in court book, I, 430. Freedom from customs, I, 282. Governor for, II, 464. Indian maids, I, 485, 496; II, 35. Land in Virginia, I, 425, 430, 492, 582; II, 158-159. Orders and Consiitutions, I, 152. [combined_page=1247] INDEX Somers Islande—Continued. Orders omitted fr",seed_unreviewed,source language; never normalize to a single polity
IM00161,Indians,Indian,COLONIAL_UMBRELLA_LABEL,colonial_umbrella,allFourVCLCombinedPerPage.json,2700924,"41, 143, 144, ; Trade. Commission for, I, 548. Custom of, II, 325-326, Freedom guaranteed company, IT, 325-896. Freedom in Virginia, I, 241, To be argued, I, 278. Granted, I, 294, 303, With Indians, IT, 52. See also Magazine. Tradesmen. For college land, I, 234, Treasurer, Lord, I, 633. [combined_page=1252] 604 Trevor, Sir John, jr. Land, II, 279, 295. Trevor, Sir John, sr. Land",seed_unreviewed,source language; never normalize to a single polity
IM00162,Indian,Indian,COLONIAL_UMBRELLA_LABEL,colonial_umbrella,allFourVCLCombinedPerPage.json,2712207,"Nominated for treasurer by king, II, 28. Proposition in place of tobacco contract, I, 312. Winne, Edmund. Patent, II, 20, 32. ‘Women, I, 391. Cared for, I, 428. Charge for sending, I, 256. Indian maids, I, 485, 496. Joint stock for sending to colony, I, 515, 566. To be sent, I, 256, 269. Wood, ——,, I, 420. Wood, Abrose. Land transferred, I, 630. Wood, John, I, 402. Wood, Phillip. La",seed_unreviewed,source language; never normalize to a single polity
IM00163,Indians,Indian,COLONIAL_UMBRELLA_LABEL,colonial_umbrella,allFourVCLCombinedPerPage.json,2725894,"hority to a British colony. Source material for the history of the company through the year 1622 is presented in this volume. March 22, 1622, saw the frightful massacre of colonists by the Indians. The story of that tragedy, the efforts for recovery, and the beginning of the reestablished colony conclude this volume. The editor wishes to make acknowledgment to Prof. J. Franklin Jame",seed_unreviewed,source language; never normalize to a single polity
IM00164,Indians,Indian,COLONIAL_UMBRELLA_LABEL,colonial_umbrella,allFourVCLCombinedPerPage.json,2757519,"Master of the Rolls (Sir Caesar). December 9, 1622___-.-----------------+---------- Governor and Council in Virginia. Proclamation. December 10, John Martin. “The Manner Howe to Bringe the Indians into Subiection.” December 15, 1622.._-.-..-------------------- Jobn Martin. How Virginia may be made a Royal Plantation. MER Feeney oy ead Um sapere I ar OL pee eee ae: Page 658 658 659 6",seed_unreviewed,source language; never normalize to a single polity
IM00165,Indians,Indian,COLONIAL_UMBRELLA_LABEL,colonial_umbrella,allFourVCLCombinedPerPage.json,2763595,"ly vpon y° worst way, least he should haue none, to prosecute y* ' The manuscript is so torn as to be illegible. ?See note at the end of the document. [combined_page=1280] BEFORE 1609 3 Indians as Barbar’s, and therby Naturally slaues. When after 50 yeares his Fryars declyn’d him from y* seuere and vnIust course, and he labourd by men of all learninge to prouide himselfe of a more",seed_unreviewed,source language; never normalize to a single polity
IM00166,Indians,Indian,COLONIAL_UMBRELLA_LABEL,colonial_umbrella,allFourVCLCombinedPerPage.json,2763880,"from y* seuere and vnIust course, and he labourd by men of all learninge to prouide himselfe of a more acceptable title, all y° reasons, w"" were prepard to him, by men of discourse, from y® Indians transgressing y® Law of Nature; from his [ciuilians] for their denying com- merce: from his Canonists, by y° Donation: and from his Deuines, by preparation of religion, were so incohcerent",seed_unreviewed,source language; never normalize to a single polity
IM00167,Indian,Indian,COLONIAL_UMBRELLA_LABEL,colonial_umbrella,allFourVCLCombinedPerPage.json,2794167,"onehorn Ohonahorn seated where the Riuer of Choanocki devideth***® ; it self into three braunches and falleth into the sea of Rawnocke in thirtie ae fiue degrees this place if you seeke by Indian guides from James forte to Winocke Winocke by water, from thence to Manqueocke, some twenty miles from Le thence to Caththega, as much and from thence to Oconahoen you shall Oconahoen finde",seed_unreviewed,source language; never normalize to a single polity
IM00168,Indians,Indian,COLONIAL_UMBRELLA_LABEL,colonial_umbrella,allFourVCLCombinedPerPage.json,2802055,"per and Furres called Gataa Cataaneon that trade and discouery wilbe to greate purpose, yf it may be setled yearely: 22 Such trade as you shall finde necessary or pfitable for you with the Indians you shall endeauour to drawe them to seeke of you and to bringe their Comiodities into yo’ forte wh will greatly ease the imployment of many men, and this you may bringe to passe by seeming",seed_unreviewed,source language; never normalize to a single polity
IM00169,Indians,Indian,COLONIAL_UMBRELLA_LABEL,colonial_umbrella,allFourVCLCombinedPerPage.json,2827119,"gues from our owne Bay) newly discovered since his Lp’s coffiing heither, from whence wee pmise our selues many commodities both of fish from the Bay, for our Colour, and from the tractable Indians of that place (of whome wee have made already some tryall) both Corne, furres &e. And (Hono?” 8"") I have by theis few yet troublesome Lines given you the accompt & truth of what wee know a",seed_unreviewed,source language; never normalize to a single polity
IM00170,Indians,Indian,COLONIAL_UMBRELLA_LABEL,colonial_umbrella,allFourVCLCombinedPerPage.json,2920119,"ys Knight deliuer these. [Indorsed:] Mt John Rolph From Virginia, To St Edwin Sandys 8 June: 1617 Their iournie to Virginia. Good estate of the Colonie. Store of Cattle & ploughs. The Indians loving: & will part w"" their child’n. Their Comfort of his son, He left at Plimmouth w*t 8"" Lewes Stukeley. Desireth the Stipend may be continued to him. Prayeth a place of command & land",seed_unreviewed,source language; never normalize to a single polity
IM00171,Indians,Indian,COLONIAL_UMBRELLA_LABEL,colonial_umbrella,allFourVCLCombinedPerPage.json,2922443,". Parpons To GEORGE WHITE, ARTHUR Epwarpbs, AND Henry Potrrer OcroBER 20, 1617 For Reference, See No. XXII List of Records No. 42 [53] pardons Geo. White pardoned for runing away to y*® Indians with his arms & ammunition which facts deserve death according to y® express articles & laws of this Colony in that case provided and established and for w™ offences he stands liable to y*",seed_unreviewed,source language; never normalize to a single polity
IM00172,Indians,Indian,COLONIAL_UMBRELLA_LABEL,colonial_umbrella,allFourVCLCombinedPerPage.json,2922841,"a marshalls Court. under Seal Colony 20. 8° 1617. Anth® Edwards for Stealing a prisoner woman, for w° he was liable to Censure marshalls Court Henry potter for Stealing a Calf & running to Indians. death t the others y* same crimes XXVIII. Governor ARGALL. CoMMISsIONS OctoBEr 20, 1617 (?) For Reference, See No. XXIII List of Records No. 43 [54]Sev' Comissions to trade to y* N° pa",seed_unreviewed,source language; never normalize to a single polity
IM00173,Indians,Indian,COLONIAL_UMBRELLA_LABEL,colonial_umbrella,allFourVCLCombinedPerPage.json,2929814,"rds No. 57 Warrants To 3 or 4 to Exam? witnesses & report to y® Gov"" To M® of Ships not to let their sailors go ashore or talk with y® people at Kiquoughtan To Some persons to trade with Indians To the Ranger of y° forest at Kigoton to take up Indians. Spyes or hogstealers contrary to Articles of peace. XL. A Comptetrs List in ALPHABETICAL ORDER or THE “ADVENTURERS To VIRGINIA,”",seed_unreviewed,source language; never normalize to a single polity
IM00174,Indians,Indian,COLONIAL_UMBRELLA_LABEL,colonial_umbrella,allFourVCLCombinedPerPage.json,2929872,"to y® Gov"" To M® of Ships not to let their sailors go ashore or talk with y® people at Kiquoughtan To Some persons to trade with Indians To the Ranger of y° forest at Kigoton to take up Indians. Spyes or hogstealers contrary to Articles of peace. XL. A Comptetrs List in ALPHABETICAL ORDER or THE “ADVENTURERS To VIRGINIA,” WITH THE SEVERAL AMOUNTS oF THEIR Horptna' 1618(?)? Manc",seed_unreviewed,source language; never normalize to a single polity
IM00175,Indians,Indian,COLONIAL_UMBRELLA_LABEL,colonial_umbrella,allFourVCLCombinedPerPage.json,2956012,"s. Ship Carpenters are controuled to serve without y* wages agreed for, all artificers sent upon wages he undertakes to pay here. Corn dont ans"" his expectaton desires but 50 men to be sent Indians so poor cant pay their debts & tribute pohawtan goes from place to place visiting his Country taking his pleasure in good friendship w' us laments his daughters death but glad her child is",seed_unreviewed,source language; never normalize to a single polity
IM00176,Indians,Indian,COLONIAL_UMBRELLA_LABEL,colonial_umbrella,allFourVCLCombinedPerPage.json,2956660,"hath planted mulbery trees. mr’ Lambert has found out that Tob° cures better on lines than in heaps and desires lines be sent. last summer a great mortality among us, far greater among the Indians and a morrain amongst the deer. desire ord™ for m' Wickham & mt"" Maycock a Camb. Schollar and a person to read to m* Wick™ (his eyes being dim) desires another Govt to be sent all desire Th",seed_unreviewed,source language; never normalize to a single polity
IM00177,Indians,Indian,COLONIAL_UMBRELLA_LABEL,colonial_umbrella,allFourVCLCombinedPerPage.json,2958417,"XLV. Governor ArGatt, Proc LaMations or Epicts May 18, 1618 For Reference, See No. XXIII List of Records No. 75 Agt private Trucking with Savages & pulling down pallisadoes Ag‘ teaching Indians to shoot wt® guns on pain of death to learner & teacher and how to hunt deer or hogs without Gov™ leave to go armed to Church & to work, keep watch Hoggs in Ja. Town 2! time forfeit to Col",seed_unreviewed,source language; never normalize to a single polity
IM00178,Indians,Indian,COLONIAL_UMBRELLA_LABEL,colonial_umbrella,allFourVCLCombinedPerPage.json,3041556,". H. [or H.] I assure you is not smale, I am now removed thether and my eye shall be ever pisent. The Spirituall vine you speake of will not so sodaynly be planted as it may be desired, the Indians being very loath vpon any tearmes to part with theire children, the best course I could devise herein to draw the people in to live amongst vs, was that Opachankeno would apoynt and Cuse ou",seed_unreviewed,source language; never normalize to a single polity
IM00179,Indians,Indian,COLONIAL_UMBRELLA_LABEL,colonial_umbrella,allFourVCLCombinedPerPage.json,3099537,"ghe, Gent. (as the said Thomas Davis deposed upon oathe,) that they had made a harde voiage, had they not mett with a Canoa coming out of a creeke where their shallop could not goe. For the Indians refusing to sell their Corne, those of the shallop entered the Canoa with their armes and tooke it by force, measuring out the eorne with a baskett they had into the Shallop and (as the sai",seed_unreviewed,source language; never normalize to a single polity
IM00180,Indians,Indian,COLONIAL_UMBRELLA_LABEL,colonial_umbrella,allFourVCLCombinedPerPage.json,3100578,"also ordered by tlie Assembly the same day in case Captaine Martin and the ging of his shallop would not thoroughly answere an accusation of an outrage committed gainst a certaine Conoa of Indians in the haye, that then it was thought reason (his Patent notwithstanding, the authority whereof he had in that case abused) he should from henceforth take leave of the Governour as other me",seed_unreviewed,source language; never normalize to a single polity
IM00181,Indians,Indian,COLONIAL_UMBRELLA_LABEL,colonial_umbrella,allFourVCLCombinedPerPage.json,3109212,"rein subject to exception, only the Governors particular opinion to my selfe in private hathe bene as touching a clause in the thirde booke, that in these doubtfull times between us and the Indians, it would behoove us not to make as lardge distances between Plantation as ten miles, but for our more strength ande security to drawe nearer together. At the same time, there remaining no",seed_unreviewed,source language; never normalize to a single polity
IM00182,Indians,Indian,COLONIAL_UMBRELLA_LABEL,colonial_umbrella,allFourVCLCombinedPerPage.json,3113117,"t (his Patent notwithstanding) whensoever he should send in to the baye to trade, he would be contente to putt in security to the Governour for the good behaviour of his people towardes the Indians. It was at the same time further ordered by the Assembly that the Speaker, in their names, should (as he nowe doth) humbly demaunde of the Treas- urer, Counsell and Company an exposition o",seed_unreviewed,source language; never normalize to a single polity
IM00183,Indians,Indian,COLONIAL_UMBRELLA_LABEL,colonial_umbrella,allFourVCLCombinedPerPage.json,3115980,"land to my lo: la warre, Captain Argall and Sir George Yeardley, knight. By this present General Assembly be it enacted that no injury or oppres- sion be wrought by the English against the Indians whereby the present peace might be disturbed and antient quarrells might be revived. And farther be it ordained that the Chicohomini are not to be excepted out of this lawe; untill either t",seed_unreviewed,source language; never normalize to a single polity
IM00184,Indians,Indian,COLONIAL_UMBRELLA_LABEL,colonial_umbrella,allFourVCLCombinedPerPage.json,3118186,"ccording to his owne apparell, if he be married, aceording to his owne and his wives, or either of their apparell. As touching the instruction of drawing some of the better disposed of the Indians to converse with our people and to live and labour amongst them, the Assembly who knowe well their dispositions thinke it fitte to enjoin, least to counsell those of the Colony, neither utt",seed_unreviewed,source language; never normalize to a single polity
IM00185,Indians,Indian,COLONIAL_UMBRELLA_LABEL,colonial_umbrella,allFourVCLCombinedPerPage.json,3119149,"em to lodge in aparte by themselves, and lone inhabitants by no meanes to entertain them. Be it enacted by this present assembly that for laying a surer foundation of the conversion of the Indians to Christian Religion, eache towne, citty, Borrough, and particular plantation do obtaine unto themselves by just means a certine number of the natives’ children to be educated by [combine",seed_unreviewed,source language; never normalize to a single polity
IM00186,Indian,Indian,COLONIAL_UMBRELLA_LABEL,colonial_umbrella,allFourVCLCombinedPerPage.json,3121147,"ity, may farther be in- creased. And whosoever do faill in the performance of this shalbe subject to the punishment of the Governour and Counsell of Estate. For hempe also both English and Indian and for English flax and Anniseeds, we do require and enjoine all householders of this Colony that have any of those seeds to make tryal thereof the nexte season. Moreover be it enacted by",seed_unreviewed,source language; never normalize to a single polity
IM00187,Indians,Indian,COLONIAL_UMBRELLA_LABEL,colonial_umbrella,allFourVCLCombinedPerPage.json,3130614,"sse the laste and finall consente of the General Assembly. A thirde sorte of lawes, suche as may issue out of every man’s private conceipte. It shalbe free for every man to trade with the Indians, servants onely excepted, upon paine of whipping, unless the Mr. will redeeme it off with the payment of an Angell, one-fourth parte whereof to go to the Provost Marshall one fourth parte t",seed_unreviewed,source language; never normalize to a single polity
IM00188,Indians,Indian,COLONIAL_UMBRELLA_LABEL,colonial_umbrella,allFourVCLCombinedPerPage.json,3130955,"go to the Provost Marshall one fourth parte to the discoverer, and the other moyty to the publique uses of the Incorporation. That no man doe sell or give any of the greatter howes to the Indians, or any English dog of quality, as a mastive, greyhound, bloodhounde, lande or water spaniel, or any other dog or bitche whatsoever, of the Englishe race, upon paine of forfaiting 5s sterli",seed_unreviewed,source language; never normalize to a single polity
IM00189,Indians,Indian,COLONIAL_UMBRELLA_LABEL,colonial_umbrella,allFourVCLCombinedPerPage.json,3131251,"ny other dog or bitche whatsoever, of the Englishe race, upon paine of forfaiting 5s sterling to the publique uses of the Incor- poration where he dwelleth. That no man do sell or give any Indians any piece shott or poulder, or any other armes, offensive or defensive upon paine of being held a [combined_page=1450] JULY 80, 31, AUGUST 2, 3, 4, 1619 Tl Traytour to the Colony, and of",seed_unreviewed,source language; never normalize to a single polity
IM00190,Indian,Indian,COLONIAL_UMBRELLA_LABEL,colonial_umbrella,allFourVCLCombinedPerPage.json,3131929,"place acquainted therwith, upon paine of paying twenty shillings to the publique uses of the same Incorporation where the party delinquent dwelleth. That no man shall purposely goe to any Indian townes, habitations or places or resortes without leave from the Governor or comaunder of that place wher he liveth, upon paine of paying 40s to publique uses as aforesaid. That no man liv",seed_unreviewed,source language; never normalize to a single polity
IM00191,Indians,Indian,COLONIAL_UMBRELLA_LABEL,colonial_umbrella,allFourVCLCombinedPerPage.json,3133987,"r canoas without leave from the owner shalbe helde and esteemed as a felon and so proceeded againste; tho hee that shall take away by violence or stelth any canoas or other thinges from the Indians shall make valuable restitution to the said Indians, and shall forfaict, if he be a freeholder, five pound; if a servant, 40s, or endure a whipping; and anything under the value of 13d shal",seed_unreviewed,source language; never normalize to a single polity
IM00192,Indians,Indian,COLONIAL_UMBRELLA_LABEL,colonial_umbrella,allFourVCLCombinedPerPage.json,3134039,"nd esteemed as a felon and so proceeded againste; tho hee that shall take away by violence or stelth any canoas or other thinges from the Indians shall make valuable restitution to the said Indians, and shall forfaict, if he be a freeholder, five pound; if a servant, 40s, or endure a whipping; and anything under the value of 13d shall be accounted Petty larcency. All ministers shall",seed_unreviewed,source language; never normalize to a single polity
IM00193,Indians,Indian,COLONIAL_UMBRELLA_LABEL,colonial_umbrella,allFourVCLCombinedPerPage.json,3137437,"all trade into the baye, either in shallop, pinnaee, or ship, with- out the Governor's license, and without putting in security that neither himself nor his Company shall force or wrong the Indians, upon paine that, doing otherwise, they shalbe censured at their returne by the Governor and Counsell of Estate. All persons whatsoever upon the Sabaoth daye shall frequente divine service",seed_unreviewed,source language; never normalize to a single polity
IM00194,Indians,Indian,COLONIAL_UMBRELLA_LABEL,colonial_umbrella,allFourVCLCombinedPerPage.json,3140311,"s present Governor, whereby the honour and dignity of his place and person, and so of the whole Colonie, might be brought into contempte, by which meanes what mischiefs might ensue from the Indians by disturbance of the peace or otherwise, may easily be conjectured. Some thinges of this relation Spelman confessed, but the most parte he denyed, excepte onely one matter of importance, a",seed_unreviewed,source language; never normalize to a single polity
IM00195,Indians,Indian,COLONIAL_UMBRELLA_LABEL,colonial_umbrella,allFourVCLCombinedPerPage.json,3140883,"sin place. By which and by other reportes it seemeth he hath alienated the minde of Opochancano from this present Governour, and brought him in much disesteem, both with Opochancano and the Indians, and the whole Colony in danger of their slippery designes. The general assembly upon Poole’s testimony onely not willing to putt Spelman to the rigour and extremity of the !awe which migh",seed_unreviewed,source language; never normalize to a single polity
IM00196,Indians,Indian,COLONIAL_UMBRELLA_LABEL,colonial_umbrella,allFourVCLCombinedPerPage.json,3235388,"you wilbe contente to obserue the very principle and rudiments of our Infant-Comonwealth; w% though nowe contemptible, your lo? may liue to see a flourishing Estate; maugre both Spaniards & Indians. The oecasion of this ships coming hither was an aceidental consortship in the West Indies w‘ the Tresurer an English man of warre also, licensed by a Cofiission from the Duke of Sauoye to",seed_unreviewed,source language; never normalize to a single polity
IM00197,Indians,Indian,COLONIAL_UMBRELLA_LABEL,colonial_umbrella,allFourVCLCombinedPerPage.json,3236718,"ating in the meane while this warlike people (then whom for their small number, no prince can be serued w better) by his example to prepare their courages. Both those of our nation and the Indians also haue this Torride soffier bene visited w' great sicknes & mortality; w’ our good God (his name be blessed for it) hath reeompensed w‘* a maruelous plenty, suche as hath not bene seen s",seed_unreviewed,source language; never normalize to a single polity
IM00198,Indians,Indian,COLONIAL_UMBRELLA_LABEL,colonial_umbrella,allFourVCLCombinedPerPage.json,3238016,"s country, three thinges there bee, w*> in fewe yeares may bring this Colony to perfection; the English plough, Vineyards, & Cattle. For the first, there be many grounds here cleared by the Indians to our handes, w** being muche worne out, will beare no more of their corne, w*"" requireth an extrordinary deale of sappe & sub- stance to nourish it: but of our graine of all sortes it wil",seed_unreviewed,source language; never normalize to a single polity
IM00199,Indian,Indian,COLONIAL_UMBRELLA_LABEL,colonial_umbrella,allFourVCLCombinedPerPage.json,3238477,"ish wheat, tho the last haruest 1618. was onely shed upon the stubble, and so selfe- sowne, w'out any other manurance. In Iuly last so soon as we had reaped this selfe-sowen wheate, we sett Indian corne upon the same grounde, w is come up in great abundance; and so by this meanes we are to enjoye two crops in one yeare from off one & the same fielde. The [combined_page=1500] SEPTEMB",seed_unreviewed,source language; never normalize to a single polity
IM00200,Indian,Indian,COLONIAL_UMBRELLA_LABEL,colonial_umbrella,allFourVCLCombinedPerPage.json,3250649,nd Counsell to aduise the said two gentlemen to rent out the greatest part of ther people to some honest and sufficent men of the Colonie tell Cristmas Come twelue month for jij barrell? of Indian Corne and 55' waight of tobace® a man weh might abundantlie serve them for victuall¢ and Apparrell for the yeare next ensuinge the expiraéon of ther time when as they should returne to the,seed_unreviewed,source language; never normalize to a single polity
IM00201,Indians,Indian,COLONIAL_UMBRELLA_LABEL,colonial_umbrella,allFourVCLCombinedPerPage.json,3251753,Question beinge mad of the danger of his seate beinge far from any other Englishe Plantacén in the bottom of the bay Warrestogack he said he was Confident to make the place good against the Indians beinge a necke land and defended by his howse especially seeinge Lieftennant Basse and Ensigne washer are to ioyne wth hime who together wth his Com- panies will make vp a party of thirtye,seed_unreviewed,source language; never normalize to a single polity
IM00202,Indians,Indian,COLONIAL_UMBRELLA_LABEL,colonial_umbrella,allFourVCLCombinedPerPage.json,3252318,"inge wth his remayin- der at Harrowatox in Consortship with Captaine Mathewes, both for his ease in buildinge ther beinge two howes allready builte to his hand and for his securitye against Indians tell he haue better strenthe and meanes to seatt. vpon the Colledge land for w** purpose he went to the same place wth Captaine Mathewes on Tewesday Night Nouemb 15: 1619: Lieftenant whita",seed_unreviewed,source language; never normalize to a single polity
IM00203,Indian,Indian,COLONIAL_UMBRELLA_LABEL,colonial_umbrella,allFourVCLCombinedPerPage.json,3253273,"1507] 228 RECORDS OF THE VIRGINIA COMPANY Att the same Consultation Nouembr 11"" the gouernor demanded the opinion of the Counsell concerninge a piect revealed vnto him by Neue- mettanan an Indian Comonly Called by the name of Englishe Jacke wt"" the fethers at Charles hundredth y* 25 of october: as from the parte of Opachancamo who by the mouthe of the same Indian reqvired from the g",seed_unreviewed,source language; never normalize to a single polity
IM00204,Indian,Indian,COLONIAL_UMBRELLA_LABEL,colonial_umbrella,allFourVCLCombinedPerPage.json,3253443,"y Neue- mettanan an Indian Comonly Called by the name of Englishe Jacke wt"" the fethers at Charles hundredth y* 25 of october: as from the parte of Opachancamo who by the mouthe of the same Indian reqvired from the governor some 8 or tenn Engleshe w* ther Armes to assiste hime in battell against a people dwelinge about a daies Jornye beyond the ffall€ Called Massituppamohtnock to bee",seed_unreviewed,source language; never normalize to a single polity
IM00205,Indians,Indian,COLONIAL_UMBRELLA_LABEL,colonial_umbrella,allFourVCLCombinedPerPage.json,3254718,"warre might in time serue as well for priuatt vses of pitular psons as to furnishe y* intended Collidge this beinge a fayer opptunitye for the Aduanement of this blessed worke seinge those Indians are in noe sort willinge to sell or by fayer meanes to part wth their Children, lastly this Cworse at least for y° plsent might wine amity and Confidence from Jtoyatin the great Kinge from",seed_unreviewed,source language; never normalize to a single polity
IM00206,Indian,Indian,COLONIAL_UMBRELLA_LABEL,colonial_umbrella,allFourVCLCombinedPerPage.json,3283237,"m (though young) yet a pper civill gent, and of good hopes, not long after restored him to his Command. Captaine Henry Spelman being aceused by Robte Poole (one of the inter- preto™ of the Indian language) of many crimes w might be pliudiciall to the State in generall, and to every mans safety in pticular, receiued Censure at this generall Assembly. But the Governo™ hoping he might",seed_unreviewed,source language; never normalize to a single polity
IM00207,Indians,Indian,COLONIAL_UMBRELLA_LABEL,colonial_umbrella,allFourVCLCombinedPerPage.json,3293163,"tting his smale vessell, and purposeth this Inland sea this spring to make a new tryall. as he Called it ang ie “ - Capt Lawne at his arriuall seated himself in Wareskoyack Bay wth his the Indians Company, but by his owne syeknes and his peoples (wherein there was on one the improvideney) he quytted his Plantaton, went vpp to Charles Cyty, Cod towarde vi.and about Novemb' died. So hi",seed_unreviewed,source language; never normalize to a single polity
IM00208,Indian,Indian,COLONIAL_UMBRELLA_LABEL,colonial_umbrella,allFourVCLCombinedPerPage.json,3405941,"I hope will not take it ill that I have So Charged thé for this pvision of victuall, being it is soe that I find this varyety of victuall to be much to the content and health of the people. Indian-corne allso of my owne I feede them with whereof I thanke the Lorde and praysed be his name, there is enough in the Country for all the people now Arived: theire Allovance I give thé exceed",seed_unreviewed,source language; never normalize to a single polity
IM00209,Indian,Indian,COLONIAL_UMBRELLA_LABEL,colonial_umbrella,allFourVCLCombinedPerPage.json,3590847,"d_page=1676] 394 RECORDS OF THE VIRGINIA COMPANY as they shall be able to cleere manure order dresse, husband and vse, eyther in orchards, gardens, vineyards or for Tobacco, corne, mayz or Indian Wheat, oad, silk gras flaxe or hempe, or for pasture and hay for kine & other cattle or for plantinge of olyves, sewing or plantinge of cotton wooll Anyseed, Wormseed and the like, the same",seed_unreviewed,source language; never normalize to a single polity
IM00210,Indian,Indian,COLONIAL_UMBRELLA_LABEL,colonial_umbrella,allFourVCLCombinedPerPage.json,3638536,e although god-bethanked this countrey meand€¢ in plentie of vict- uall euerie daie (as I shall make appeare in o* pticular by wrytinge) and wee haue found a waie to make soe good drinke of Indian corne as I ptest I haue diuers times refused to drinke good stronge Englishe beare and chosen to drinke that. 5° I speake it as a frend (w** is a heigh cofiindation) I find the Countrey to,seed_unreviewed,source language; never normalize to a single polity
IM00211,Indians,Indian,COLONIAL_UMBRELLA_LABEL,colonial_umbrella,allFourVCLCombinedPerPage.json,3710934,"ers at Martins hundred would thinke themselues muche wronged, if any other should be sctt on worke to diuide their groundes. Besides, if that company intende (as I doe heare) to buy out the Indians of Chi- schiack, those twoe worthy gentlemen might perhaps speed a great deale better by chusing them a seate in those partes. Thus muche I thought good to signify in answer to M' Nicolas H",seed_unreviewed,source language; never normalize to a single polity
IM00212,Indian,Indian,COLONIAL_UMBRELLA_LABEL,colonial_umbrella,allFourVCLCombinedPerPage.json,3791305,"supply them w'®, wt he shalbe repaid: and thus supplied wee hope they wilbe encoraged to bringe that so much desired worke to its pfeeéon Wee exeedingly approue yo"" course in takinge in of Indian families as beinge a great meanes to reduce that Nation to Civility and to the imbrace- ing of our Christian religeon; the blessed end wee haue proposed to o* selues in this Plantation and",seed_unreviewed,source language; never normalize to a single polity
IM00213,Indians,Indian,COLONIAL_UMBRELLA_LABEL,colonial_umbrella,allFourVCLCombinedPerPage.json,3796504,"specially haue a care to seat him neare some well inhabited place, that neither his Ginge be subiect to surprize, nor the Comoditie of glass and beade@ be vilified by to Comon a sale to the Indians And wee canot forbeare to deliu' ynto you the good opinion the Company has received of Liuetennt Whittakers for the good accompt given by him of his charge, but especially of his obedience",seed_unreviewed,source language; never normalize to a single polity
IM00214,Indian,Indian,COLONIAL_UMBRELLA_LABEL,colonial_umbrella,allFourVCLCombinedPerPage.json,3809462,"desire may be earefully preserved for his people. And here we cannot hide from youe an information that is lately given vs that such provisions as we send w‘* new men are taken from them & Indian corne given them instead thereof, the extreame labo"" of beatinge thereof, being no smale disharteninge to the new comers; and this sud- daine change of diett is affirmed confidently to be t",seed_unreviewed,source language; never normalize to a single polity
IM00215,Indians,Indian,COLONIAL_UMBRELLA_LABEL,colonial_umbrella,allFourVCLCombinedPerPage.json,3880961,"all seeme to weake we desire yo"" to make supplie out of the Collony, of such men as are most fitt, and in especiall that yo"" putt in two or three skilfull in the languages and maners of the Indians, and expert in those places, wherein the trade is to be, that may serue for guides and Interpreters. The Adventurers had purposed to haue sent some quantities of beanes and pease for trade",seed_unreviewed,source language; never normalize to a single polity
IM00216,Indians,Indian,COLONIAL_UMBRELLA_LABEL,colonial_umbrella,allFourVCLCombinedPerPage.json,3900133,"MPANY or any other Comodities, wch they Can afford him, And that the said Cap‘: Tucker shall in his such voyage w the Company defend himselfe, wt what power & strength hee may, against any Indians, w™ shall (con- trary to o"" peace) oppose themselves against him. Prouided that hee nor any of his people shall offend any w‘tout Just & lawfull Cause giuen by them, And for the better Mana",seed_unreviewed,source language; never normalize to a single polity
IM00217,Indian,Indian,COLONIAL_UMBRELLA_LABEL,colonial_umbrella,allFourVCLCombinedPerPage.json,3925066,"this yeare, the Iron-works, Glasse-works, Salt-works, the plentifull sowing of all sorts of English graine with the Plough, hauing now cleared good quantitie of ground; setting of store of Indian Corne or Maize, sufficient for our selues, and for trueke with the Natiues; restraint of the quantity of Tobacco, and amendment. of it in the quality, learned by time and experience; The pl",seed_unreviewed,source language; never normalize to a single polity
IM00218,Indian,Indian,COLONIAL_UMBRELLA_LABEL,colonial_umbrella,allFourVCLCombinedPerPage.json,3944314,"to saue many of their liues, whose soules they had formerly saued, as at Iames-Citie, and other places, and the Pinnace trading in Pamounkey Riuer, all whose liues were saued by a conuerted Indian, disclosing the plot in the instant (whereof though our sinnes (say they) made vs vnworthy to be instruments of so glorious a conuersion in generall, yet his infinite wisedome can neuerthel",seed_unreviewed,source language; never normalize to a single polity
IM00219,Indians,Indian,COLONIAL_UMBRELLA_LABEL,colonial_umbrella,allFourVCLCombinedPerPage.json,3945273,"that brought vs this vnweleome newes) haue beene heard at large in the publike Courts, that whilst all their affayres were full of suecesse, and such intercourse of familiaritie, as if the Indians and themselues had beene of one Nation, those treacherous Natiues, after fiue yeares peace, by a generall combination in one day plotted to subuert their whole Colony, and at one instant of",seed_unreviewed,source language; never normalize to a single polity
IM00220,Indian,Indian,COLONIAL_UMBRELLA_LABEL,colonial_umbrella,allFourVCLCombinedPerPage.json,3947133,"f birth, vertue, and industry, and of the Councell there, suffered ynder this their cruelty and treason. That the slaughter had beene vniuersall, if God had not put it into the heart of an Indian belonging to one Perry, to disclose it, who liuing in the house of one Pace, was vrged by another Indian his Brother (who came the night before and lay with him) to kill Pace, (so commanded",seed_unreviewed,source language; never normalize to a single polity
IM00221,Indian,Indian,COLONIAL_UMBRELLA_LABEL,colonial_umbrella,allFourVCLCombinedPerPage.json,3947238,"That the slaughter had beene vniuersall, if God had not put it into the heart of an Indian belonging to one Perry, to disclose it, who liuing in the house of one Pace, was vrged by another Indian his Brother (who came the night before and lay with him) to kill Pace, (so commanded by their King as he declared) as hee would kill Perry: telling further that by such an houre in the morn",seed_unreviewed,source language; never normalize to a single polity
IM00222,Indian,Indian,COLONIAL_UMBRELLA_LABEL,colonial_umbrella,allFourVCLCombinedPerPage.json,3947538,"e declared) as hee would kill Perry: telling further that by such an houre in the morning a number would come from diuers places to finish the Execution, who failed not at the time: Perries Indian rose out of his bed and reueales it to Paee, that vsed him as a Sonne: And thus the rest of the Colony that had warning giuen them, by this meanes was saued. Such was (God bee thanked for i",seed_unreviewed,source language; never normalize to a single polity
IM00223,Indians,Indian,COLONIAL_UMBRELLA_LABEL,colonial_umbrella,allFourVCLCombinedPerPage.json,3951857,"are situate in the fruitfullest places of the land) shall be inhabited by vs, whereas heretofore the grubbing of woods was the greatest labour. Thirdly, Because those commodities which the Indians enioyed as much or rather more than we, shall now also be entirely possessed by vs. The Deere and other beasts will be in safety, and infinitly inerease, which heretofore not onely in the g",seed_unreviewed,source language; never normalize to a single polity
IM00224,Indian,Indian,COLONIAL_UMBRELLA_LABEL,colonial_umbrella,allFourVCLCombinedPerPage.json,3952164,"s will be in safety, and infinitly inerease, which heretofore not onely in the general) huntings of the King (whereat foure or fiue hundred Deere were vsually slaine) but by each particular Indian were destroied at all times of the yeare, without any difference of Male, Damme, or Young. The like may be said of our owne Swine and Goats, whereof they haue vsed to kill eight in tenne mo",seed_unreviewed,source language; never normalize to a single polity
IM00225,Indians,Indian,COLONIAL_UMBRELLA_LABEL,colonial_umbrella,allFourVCLCombinedPerPage.json,3952477,"ur owne Swine and Goats, whereof they haue vsed to kill eight in tenne more than the English haue done. There will be also a great increase of wild Turkies, and other waighty Fowle, for the Indians neuer put difference of destroying the Hen, but kill them whether in season or not, whether in breeding time, or sitting on their egges, or hauing new hatched, it is all one to them: whereb",seed_unreviewed,source language; never normalize to a single polity
IM00226,Indians,Indian,COLONIAL_UMBRELLA_LABEL,colonial_umbrella,allFourVCLCombinedPerPage.json,3954261,"d abetting their enemies against them, may their ruine or subiection be soone effected. So the Spaniard made great vse for his owne turne of the quarrels and enmities that were amongst the Indians, as throughly vnderstanding and following that Maxime of the Politician, Diude & impera, Make diuisions and take Kingdomes: For thus he got two of the greatest Kingdomes of the West Indies,",seed_unreviewed,source language; never normalize to a single polity
IM00227,Indian,Indian,COLONIAL_UMBRELLA_LABEL,colonial_umbrella,allFourVCLCombinedPerPage.json,3959380,"ot had more counterbuffes farre then wee, as out of their owne histories at large may be proued. Columbus vpon his returne from the West Indies into Spaine, hauing left his people with the Indian in peace, and promise of fayre vsage towards them, yet [28] at his comming backe againe, hee found no one man aliue of them, but all by the Natiues treacherously slaine. After this againe,",seed_unreviewed,source language; never normalize to a single polity
IM00228,Indians,Indian,COLONIAL_UMBRELLA_LABEL,colonial_umbrella,allFourVCLCombinedPerPage.json,3959637,"at his comming backe againe, hee found no one man aliue of them, but all by the Natiues treacherously slaine. After this againe, when the Spanish Colony was increased in great numbers, the Indians (from whom the Spaniards for trucking stuffe vsed to haue all their corn) generally conspired together to plant no corne at all, intending therby to famish them, themselues liuing in the me",seed_unreviewed,source language; never normalize to a single polity
IM00229,Indian,Indian,COLONIAL_UMBRELLA_LABEL,colonial_umbrella,allFourVCLCombinedPerPage.json,3960458,"anes the whole Colony well-neare surfetted, sickned, and dyed miserably. After againe, vpon fresh and great supplyes new made, an infinite company of them by their incontinency dyed of the Indian disease, that hath now got a French name, which at first (as being a strange and vnknowne malady) was deadly vpon whomsoeuer it lighted. Besides (before they knew the cause and remedy) very",seed_unreviewed,source language; never normalize to a single polity
IM00230,Indians,Indian,COLONIAL_UMBRELLA_LABEL,colonial_umbrella,allFourVCLCombinedPerPage.json,3963171,"ey were to deale with a most populous & numerous nation, which they ouereame at last: So as Oudedo in his third Booke of the first Part of his West Indie History saith, that of a million of Indians at least, that were in Hispaniola, there were not (in little more than forty yeares space after the first beginning of the Plantation) fiue hundred of thé & all their children liuing: for t",seed_unreviewed,source language; never normalize to a single polity
IM00231,Indians,Indian,COLONIAL_UMBRELLA_LABEL,colonial_umbrella,allFourVCLCombinedPerPage.json,3963371,"least, that were in Hispaniola, there were not (in little more than forty yeares space after the first beginning of the Plantation) fiue hundred of thé & all their children liuing: for the Indians that liued there, after were brought out of the Continent into that Tland, or out of one Tland to be planted in another. [combined_page=1847] 562 RECORDS OF THE VIRGINIA COMPANY On the ot",seed_unreviewed,source language; never normalize to a single polity
IM00232,Indians,Indian,COLONIAL_UMBRELLA_LABEL,colonial_umbrella,allFourVCLCombinedPerPage.json,3963899,"e Digression, since I haue mentioned Ouiedo who liued aboue twenty two yeares in the West Indies, I will acquaint you with bis obseruation and iudgement of the nature and disposition of the Indians there, that you may compare and see in what, and how farre, it agrees with that of the Natiues of VIRGINIA. They are (saith hee) by nature sloathfull and idle, vitious, melancholy, slouenl",seed_unreviewed,source language; never normalize to a single polity
IM00233,Indian,Indian,COLONIAL_UMBRELLA_LABEL,colonial_umbrella,allFourVCLCombinedPerPage.json,3964199,"INIA. They are (saith hee) by nature sloathfull and idle, vitious, melancholy, slouenly, of bad conditions, lyers, of small memory, of no constancy or trust. In another place he saith, The Indian is by nature of all people the most lying and most ineonstant in the world, sottish and sodaine: neuer looking what dangers may happen afterwards, lesse capable then children of sixe [31] o",seed_unreviewed,source language; never normalize to a single polity
IM00234,Indians,Indian,COLONIAL_UMBRELLA_LABEL,colonial_umbrella,allFourVCLCombinedPerPage.json,3966054,"eatest wealth of the West Indies now at this present time. True it is indeed, that in the first Conquest the Spaniards [combined_page=1848] 1622 563 got great and mighty treasure from the Indians, which they in long space had heaped vp together, [82] and in those times the Indians shewed them entyre and plentifull rich mynes, which by length of time (as is well known and published t",seed_unreviewed,source language; never normalize to a single polity
IM00235,Indians,Indian,COLONIAL_UMBRELLA_LABEL,colonial_umbrella,allFourVCLCombinedPerPage.json,3966140,"the first Conquest the Spaniards [combined_page=1848] 1622 563 got great and mighty treasure from the Indians, which they in long space had heaped vp together, [82] and in those times the Indians shewed them entyre and plentifull rich mynes, which by length of time (as is well known and published to the world by those that haue beene there) are wasted and exhausted since, so as now",seed_unreviewed,source language; never normalize to a single polity
IM00236,Indians,Indian,COLONIAL_UMBRELLA_LABEL,colonial_umbrella,allFourVCLCombinedPerPage.json,3969126,"good let them doe it speedily, that so by taking the prioritie of time, they may haue also the prioritie of place, in choosing the best Seats of the Country, which now by vanquishing of the Indians, is like to offer a more ample and faire choice of fruitfull habitations, then hitherto our gentlenesse and faire comportment to the Sauages could attaine vnto. Wherein no doubt but all the",seed_unreviewed,source language; never normalize to a single polity
IM00237,Indian,Indian,COLONIAL_UMBRELLA_LABEL,colonial_umbrella,allFourVCLCombinedPerPage.json,3981311,"amongst so many [47] Flats and small [lands not so safe. Neither is the com- modiousnesse of VIRGINIAS situation onely in respect of this west Alan- ticke Ocean, but also in respect of the Indian Ocean, which wee commonly call the South Sea, which lyeth on the West and North west side of VIRGINIA, on the other side of the Mountains beyond our Fals, and openeth a free and faire passa",seed_unreviewed,source language; never normalize to a single polity
IM00238,Indians,Indian,COLONIAL_UMBRELLA_LABEL,colonial_umbrella,allFourVCLCombinedPerPage.json,3996209,"that Country may be made vsefull for many comiodities to supply the wanteé of this Kingdome with those thinge, which are now fett from forreyn kingdomes, but by main- teyning warre with the Indians, and the former benefitt, which hath bene made by Tobacco they haue bene hindered and mispent their times therein soe long as that now the freight and yo"" Ma€ customes and duties being firs",seed_unreviewed,source language; never normalize to a single polity
IM00239,Indian,Indian,COLONIAL_UMBRELLA_LABEL,colonial_umbrella,allFourVCLCombinedPerPage.json,4002139,"l sortes of the best graine, as wheate Barlie Oates and pease of all the beste kinde, for though wee bee very desirous to falle to the sowinge of all sortes of our English graine as well as Indian (since this Countrey ys very pper for them and that there ys much eleare grounde in the Colonie) wherin a ! Sie in manuseript. [combined_page=1870] 582 RECORDS OF THE VIRGINIA COMPANY pl",seed_unreviewed,source language; never normalize to a single polity
IM00240,Indians,Indian,COLONIAL_UMBRELLA_LABEL,colonial_umbrella,allFourVCLCombinedPerPage.json,4091606,"lled the Tyger now ridinge at Ancho’ before James Citty, and to sett saile w” the first oportunitie of wind into the Bay, and any Riuer falling into the said Bay, and there to trade w*"" the Indians for corne; and in case he cann get no trade w* them, or not such as he expecteth, then it shalbe lawfull to take it from them (if he be able) by force. And I do further giue vnto the said C",seed_unreviewed,source language; never normalize to a single polity
IM00241,Indians,Indian,COLONIAL_UMBRELLA_LABEL,colonial_umbrella,allFourVCLCombinedPerPage.json,4135269,"Countrey, full of Pine trees, aboue twenty miles long, whereby a great abundance of Pitch and Tarre may be made: and other sorts of woods there were, fit for Pot-ashes and Sope-ashes. The Indians haue made relation of a Copper-mine, that is not far from thence, how they gather it, and the strange making of it: a piece whereof was sent home, being found (after triall) very excellent",seed_unreviewed,source language; never normalize to a single polity
IM00242,Indian,Indian,COLONIAL_UMBRELLA_LABEL,colonial_umbrella,allFourVCLCombinedPerPage.json,4136278,"Virginia, brought thither from thenee these Plants, vz. Vines of all sorts, Orange and Leman trees, Sugar canes, Cassado roots (that make bread) Pines, Plantans, Potatoes, and sundry other Indian fruites and plants, not formerly seene in Virginia, which begin to prosper very well. Gifts. The Gentlemen and Mariners that came in the Royall James from] ,, ,, the East Indies (being a",seed_unreviewed,source language; never normalize to a single polity
IM00243,Indians,Indian,COLONIAL_UMBRELLA_LABEL,colonial_umbrella,allFourVCLCombinedPerPage.json,4157771,"rest of his Ma‘** Counsell in Virginia The humble petition of John Powntis Sheweth That whereas y*® inhabitants of Southampton hundred since the late bloudy murthering of nation by the Indians, hath been often infested by them & still is aboue other Plantations wherby they are not onlie putt [combined_page=1941] JUNE 17, 1622 653 from planting Corne, tobacco, & other nessarie",seed_unreviewed,source language; never normalize to a single polity
IM00244,Indians,Indian,COLONIAL_UMBRELLA_LABEL,colonial_umbrella,allFourVCLCombinedPerPage.json,4188019,"ia to the detestaéon of all good mind‘, the scorne of others, and o* extreame griefe and shame: In y° strength of those fault®, vndoubtedly, and the neglect of the Devine worshipp, haue the Indians prevailed, more then in yo"" weaknes; whence the evill there- fore sprung the remedy must first begin: and an humble reconciliation be made w* the devine Ma** by future conformitie vnto his",seed_unreviewed,source language; never normalize to a single polity
IM00245,Indians,Indian,COLONIAL_UMBRELLA_LABEL,colonial_umbrella,allFourVCLCombinedPerPage.json,4190664,"of the Lord¢ of his most Hono” Privie Counsell, hath out of his Royall bountie been pleased to bestow vppon vs diu™ armes (although in these part€ vnserv- iceable, yett) such as against the Indians may be verie vsefull; we we doubt not but by the Abigaile to send yo""; and are further put in an assured hope to obtaine the number of 400 young men, well furnished out of England and Wales",seed_unreviewed,source language; never normalize to a single polity
IM00246,Indians,Indian,COLONIAL_UMBRELLA_LABEL,colonial_umbrella,allFourVCLCombinedPerPage.json,4195926,", but w so sufficient a number of able men and well provided, as may, not in theire owne, but in yo"" iudgement¢ (who shalbe therefore accountable) defend themselues from any assault¢ of the Indians: in w"" regard, as also for theire better Civill goverment (w* mutuall societie doth most conduce vnto) wee think it fitt, that the houses and buildinge be so contrived together, as may make",seed_unreviewed,source language; never normalize to a single polity
IM00247,Indians,Indian,COLONIAL_UMBRELLA_LABEL,colonial_umbrella,allFourVCLCombinedPerPage.json,4204627,"the principalle either in execu- gon or contriuement of this Treacherie shall fall: but if any ean take Opachancano himself, he shall haue a great and singular reward from vs. As for those Indians whom God vsed as instrument¢ of revealing and pre- ventinge the totall ruine of yo"" all we thinke a good respect and recom- pence due vnto them, w*® be a good and carefull education of them",seed_unreviewed,source language; never normalize to a single polity
IM00248,Indians,Indian,COLONIAL_UMBRELLA_LABEL,colonial_umbrella,allFourVCLCombinedPerPage.json,4252101,"d vnd'stood &e. Greetinge. Whereas the pilsent necessitie of the Colony to be relieued w't Corne requireth, that by all meanes possible, either of warr or trade, Corne be procured from the Indians, by whose Treachery we haue been hindred this jiisent yeare, from such quantities of Corne groweing of 0"" owne, as might suffice o° plsent necessities. Now Know yee that I S* Francis Wyatt",seed_unreviewed,source language; never normalize to a single polity
IM00249,Indians,Indian,COLONIAL_UMBRELLA_LABEL,colonial_umbrella,allFourVCLCombinedPerPage.json,4253737,"nd weather to sett Saile w"" the said Shipp and Comp® into Patomack Riuer there to procure Corne, or any other Comodities either by trade, or by force of armes as occaton shalbe giuen by the Indians. And also if there shall not be sufficient Corne to be procured in Patomack Riuer, tho the full lading of the Shipp, then it shall and may be lawfull for the said Capt Raph Hamor, to saile",seed_unreviewed,source language; never normalize to a single polity
IM00250,Indian,Indian,COLONIAL_UMBRELLA_LABEL,colonial_umbrella,allFourVCLCombinedPerPage.json,4254851,"er he shall come, I leaue to the discretion of the said Capt Raph Hamor. Lastly I do straightly charge and Comand eu%y pticuler pson in this Vioage & employmt, not to trucke or trade w"" any Indian whatsoeu9, for Corne or any other thing, wout the speciall leaue of the said Capt Raph Hamor, but readily and willingly to execute the Comandeé of the said Capt Raph Hamor, as they will ans",seed_unreviewed,source language; never normalize to a single polity
IM00251,Indians,Indian,COLONIAL_UMBRELLA_LABEL,colonial_umbrella,allFourVCLCombinedPerPage.json,4268829,"BIECTION.” DecemsBer 15, 1622 Additional Manuscripts, 12496, fos. 459-460. (Caesar Papers.) Document in British Museum, London. List of Records, No. 384. The manner howe to bringe in the Indians into subiection w*out makinge an vtter exterpation of them together wt the reasons. First By disablinge the mayne bodie of the Enemye from haueinge the Sinnewes of all expedigons. As namel",seed_unreviewed,source language; never normalize to a single polity
IM00252,Indians,Indian,COLONIAL_UMBRELLA_LABEL,colonial_umbrella,allFourVCLCombinedPerPage.json,4271021,"Canowes couered before S' George Yardley came in by my Aunchient Thomas!#den ¥' these Savage & servant¢, besides necessitie hath made those Savages more notes industrious then any other Indians in ot Baye, w* followeth to appeare in this seacond pfitt. first by Varringe them of trade for ffor the assured ventinge of | skinns they haueinge none them selues. Cloth it followeth Co",seed_unreviewed,source language; never normalize to a single polity
IM00253,Indians,Indian,COLONIAL_UMBRELLA_LABEL,colonial_umbrella,allFourVCLCombinedPerPage.json,4272013,"Countrie where weare walled townes, not to vtterly dis- troy the heathen, least the woode and wilde beast¢ should ouer runn them My owne observatéon hath bene such as assureth me y‘ if the Indians inhabitt not amongst vs vnder obedience And as they haue ever kept downe y* wood¢ and slayne the wolues, beares, and other beast¢, (w® are in greate numb’) we shalbe more opressed in short",seed_unreviewed,source language; never normalize to a single polity
IM00254,Indians,Indian,COLONIAL_UMBRELLA_LABEL,colonial_umbrella,allFourVCLCombinedPerPage.json,4274709,"are passage to the Southward Riuer and where the most necessarie places are for fortificaéon against a forren Enemye. JuG Martin. [Indorsed:] 15 Decéb. 1622. The manner howe to bringe the Indians into subiection. CCLXXIIT. Jonn Martry. How Vinainta MAY BE MADE A Roran PLANTATION December 15, 1622 Additional Manuscripts, 12496, fos. 456-457, (Casear Papers.) Document in British Mu",seed_unreviewed,source language; never normalize to a single polity
IM00255,Indian,Indian,COLONIAL_UMBRELLA_LABEL,colonial_umbrella,allFourVCLCombinedPerPage.json,4275887,"st and west and by North of equall length w** the latytude: his owne princi- pall seate is in y* seacond Riuer called Pamiunkey in the harte of his owne inhabited territories. This revolted Indian Kinge in his square Co- Maundeth 32 Kingdoms vnd"" him. Euerye Kingdome Contayneinge the quantitie of one of o* sheires here in England. Eauerie such Kingdome hath one especiall towne seate",seed_unreviewed,source language; never normalize to a single polity
IM00256,Indians,Indian,COLONIAL_UMBRELLA_LABEL,colonial_umbrella,allFourVCLCombinedPerPage.json,4279521,"d them by ord' from the Deputic or Generall to the Deputie leiftennante of euery Sheire. Thus this parte of the Countrie beinge possessed, it will not onely quite frustrate and disable the Indians o7 enymies euer to substst of them selues, but force them to haue their dependancie vppon vs, for foode & Clothinge w their industrie will well acquite to the whole Kingdome in short space",seed_unreviewed,source language; never normalize to a single polity
IM00257,Indians,Indian,COLONIAL_UMBRELLA_LABEL,colonial_umbrella,allFourVCLCombinedPerPage.json,4290626,"Company, Officers. Barington. See Barrington. Beadle, Gabriel, 80, 318. Barker, James, 77. Beadle, John, 319. Barker, John, accountant or clerk, 183, 384, 392, Beads. See under Commodities; Indians; Trade. 404, 566. Beamond, Richard, 4238. Barker, Robert, Printer, 80, 319, 435. Beamont, Sir Thomas, 80, 318. Barkham, Sir Edward, Lord Mayor of London, Beaumont, John, 81, 320. 65, 559. B",seed_unreviewed,source language; never normalize to a single polity
IM00258,Indians,Indian,COLONIAL_UMBRELLA_LABEL,colonial_umbrella,allFourVCLCombinedPerPage.json,4306528,"of, 82, 321. Chichley, Clement, 322. Chickahominies, 164, 245, 285. Enemies, 147, 372. Chickahomini River, 16, 227, 589. Children, Apprentices, 259. Chile, 573. China, 548, 573, Chischiack Indians to be bought out, 451. Chitley, Clemen, 82. Choanocki River, 17. Cholfer, Richard, 570. Christenings, Registration of, 171. Church of England. See under Religion. Churches. See under Religi",seed_unreviewed,source language; never normalize to a single polity
IM00259,Indians,Indian,COLONIAL_UMBRELLA_LABEL,colonial_umbrella,allFourVCLCombinedPerPage.json,4308187,"t, 102. Purpose defined, 102. Tenants, 115, 217, 226, 227. Killed in massacre, 566. Minister for, 277, 490. Treatment of new, explained, 257-258. Vines planted for, 447, 448. See also under Indians, Religious educa- tion. College land. See under Land, College tenants. See under College in Virginia. Collett, John, 61. Collett, Thomas, 61. Collier, —, 537. Collier, Stephen, 451. [combi",seed_unreviewed,source language; never normalize to a single polity
IM00260,Indians,Indian,COLONIAL_UMBRELLA_LABEL,colonial_umbrella,allFourVCLCombinedPerPage.json,4309029,"18-514, 514-515, 516-517, 525, 533. For fur trade, 698-699, For new settlement, 656-657, 678~679. For officers in Virginia by Argell, 75, 75-76, Ql: For trade, by Argall, 75. Yor trade with Indians, 535-536, 622, 654-655, 696-697, 700-701. Governor of private plantation, 202, 381- 397, 897-400. Tavestigation of government, 607. Military command for safety after massacre, 609, 610, 611",seed_unreviewed,source language; never normalize to a single polity
IM00261,Indians,Indian,COLONIAL_UMBRELLA_LABEL,colonial_umbrella,allFourVCLCombinedPerPage.json,4309310,"397, 897-400. Tavestigation of government, 607. Military command for safety after massacre, 609, 610, 611, 623, 664-665. Sought by William Wye, 281, 286-287. To fight as allies of Potomack Indians, 654-655. To fight Indians, 678-679, 696-697, 698-699, To masters of ships, 199-201, 368-369, 498-499, 613-514, 514-515, 616-617, 425, 533, 591-592, 696-697, 698-699, 700-701. See alse unde",seed_unreviewed,source language; never normalize to a single polity
IM00262,Indians,Indian,COLONIAL_UMBRELLA_LABEL,colonial_umbrella,allFourVCLCombinedPerPage.json,4309337,"n of government, 607. Military command for safety after massacre, 609, 610, 611, 623, 664-665. Sought by William Wye, 281, 286-287. To fight as allies of Potomack Indians, 654-655. To fight Indians, 678-679, 696-697, 698-699, To masters of ships, 199-201, 368-369, 498-499, 613-514, 514-515, 616-617, 425, 533, 591-592, 696-697, 698-699, 700-701. See alse under Company; Council and Trea",seed_unreviewed,source language; never normalize to a single polity
IM00263,Indians,Indian,COLONIAL_UMBRELLA_LABEL,colonial_umbrella,allFourVCLCombinedPerPage.json,4309866,"of Alderman Johnson, 149-150, 150-151. Commodities, 30, 74, 196, 310, 446-447, 502-503, 544-549, 562-564. Agriculture, 209, 220-221. Annis seed, 166. Bake houses, 475. Beads for trade with Indians, 495. Commodities—Continucd., Beehives, 532. Beer or ale— Prices fixed, 430. Selling and making limited, 427-428, Cargo on return trips to England, 466, Cattle— From England, 221, 243. La",seed_unreviewed,source language; never normalize to a single polity
IM00264,Indians,Indian,COLONIAL_UMBRELLA_LABEL,colonial_umbrella,allFourVCLCombinedPerPage.json,4310356,"80. Wages, payment in, 76. Chemical experiments by apothecaries en- couraged, 476. Copper, 17, 19, 533, 642. Cordage making, 116, 278, 305. Corn, 166, 242, 244, 255, 474. Mills, 475. From Indians by trade or force after massacre, 696-697, 698-699, 700-701. Production for own use, 146-147, 280, 495-496. Customs duties, 510. See alsa Custom house. Drought, 120. Fish, 242, 243, 279-280",seed_unreviewed,source language; never normalize to a single polity
IM00265,Indians,Indian,COLONIAL_UMBRELLA_LABEL,colonial_umbrella,allFourVCLCombinedPerPage.json,4310993,"sent to Virginia, 532. Furnishings for the Margaret, 178-189. Fur trade, 488, 526-527, 530, 641. Ship fitted for, 640. Heinp, skilled workers needed for, 257. Horses from England, 221. Indians to be deprived of, 704-705. Tron works, 129, 497. John Berkeley in charge of, 475-4786. Diseouraged by planters, 302-303. Flourishing, 464, 640. Restoration after massacre, 670-671. Ur",seed_unreviewed,source language; never normalize to a single polity
IM00266,Indians,Indian,COLONIAL_UMBRELLA_LABEL,colonial_umbrella,allFourVCLCombinedPerPage.json,4313011,", 162. Quality of, 476, 503-504, 648. Refused in trade, 486, 496. Seed requested, 195. Trade restrained, 125, 167-169, 519- 520, 687. Trade in, 116, 142. Seasons suited to, 78. Tribute from Indians, 19. A Valuation of the Commodities Growing and to be had in Virginia, 237-239. Vine growing, 116, 220-221, 240, 254, 581. Encouraged, 279, 474, 663. Law concerning, 166. Need of vines, 256",seed_unreviewed,source language; never normalize to a single polity
IM00267,Indians,Indian,COLONIAL_UMBRELLA_LABEL,colonial_umbrella,allFourVCLCombinedPerPage.json,4315212,"Laws of Colony; Planta- tion, government. Investigation of dishonesty in, 356- 357, 607, 645. Records, 352-354. Seal, use of, 342. Grants of privileges, 34-35, 359-362, 514- 515, 634-687. Indians, revenge after massacre, 671-673. See also Indians, relations with. Company, Virginia—Continued. Law making, 358-359. Letters from— Argall, 92. Council in Virginia, 581-588, 611-615. K",seed_unreviewed,source language; never normalize to a single polity
IM00268,Indians,Indian,COLONIAL_UMBRELLA_LABEL,colonial_umbrella,allFourVCLCombinedPerPage.json,4315263,"gation of dishonesty in, 356- 357, 607, 645. Records, 352-354. Seal, use of, 342. Grants of privileges, 34-35, 359-362, 514- 515, 634-687. Indians, revenge after massacre, 671-673. See also Indians, relations with. Company, Virginia—Continued. Law making, 358-359. Letters from— Argall, 92. Council in Virginia, 581-588, 611-615. King, eoncerving silk, 661-662. Letters to — Gover",seed_unreviewed,source language; never normalize to a single polity
IM00269,Indians,Indian,COLONIAL_UMBRELLA_LABEL,colonial_umbrella,allFourVCLCombinedPerPage.json,4319717,"3. Commissions, 158. Controversies, 169, 170. [combined_page=2013] INDEX Couneil in Virginia— Continued. Defined, 483. Exploration encouraged by, 488. Funds for entertainment of, 100. Indians, agreement to assist, 228. Instructions by company, 479. See also Company, Virginia, instructians to Gover- nor and Council in Virginia. Land— To regulate ownership, 131, 133, 160, 597,",seed_unreviewed,source language; never normalize to a single polity
IM00270,Indians,Indian,COLONIAL_UMBRELLA_LABEL,colonial_umbrella,allFourVCLCombinedPerPage.json,4322963,"fts to new planter, 291, 293, Patent, 643. Tobacco, transportation of, 126. Dale, Sir Thomas, 70, 82, 100, 105, 127, 160, 167, 218, 322, Deceased, 521. Deputy Governor, 99. Land bought from Indians, 304, Magazine, founding of, 519. Marshal of Virginia, 26, 32, 68. Praised by company, 101. Damport, —, 65. Damyron, John, 301. Daniel, Mr. Dombelowe’s man, 567. Daniel, John, 538. Danks, J",seed_unreviewed,source language; never normalize to a single polity
IM00271,Indians,Indian,COLONIAL_UMBRELLA_LABEL,colonial_umbrella,allFourVCLCombinedPerPage.json,4329883,"ommission to him (alias Sampson), 698- 699. Edmondes, Sir Clement, 609, Edmondes, Sir Thomas, Treasurer of the House- hold, 510. Edolph, Sir Robert, 338. Education. See College in Virginia; Indians, religious instruction; and East India School. Edward, 571. Edward, —, 603. Edward VI, King, 543. Edwards, Captain, 126. Edwards, Arthur. Pardoned, 74. Edwards, Robert, 66. Edwin, See under",seed_unreviewed,source language; never normalize to a single polity
IM00272,Indians,Indian,COLONIAL_UMBRELLA_LABEL,colonial_umbrella,allFourVCLCombinedPerPage.json,4334105,"e for Somers Islands, 603. Council for Virginia, 482, 491, 498, 507, 528, 634, 652. Court for Somers Islands, 603. Deceased, 576. Deputy in 1622, 652,690. Gifts for religious teaching of Indians, 117, 576. Letter from Robert Newland, 660-661. Letter from Sir Edwin Sandys, 509. Ferrar, Nicholas, et al. Warrant, 467. Ferrar, William (Farrars), 83, 145, 32-4. Massacre at his house, 5",seed_unreviewed,source language; never normalize to a single polity
IM00273,Indians,Indian,COLONIAL_UMBRELLA_LABEL,colonial_umbrella,allFourVCLCombinedPerPage.json,4338407,"0, Gibbs, — Committee for Somer Islands, 603. Gifford, Isabell, 396, 405, 426. Married at sea, 397. Gifford, Phillip, 62. Gift (Guift) of God, See under Ships. Gifts. See East India School; Indians; Religion. Gilbert, John, 83, 325. Gilford, —, 291, 368. Ginnet, Post. Permission to return to England, 23 [combined_page=2020] 732 Gipps, Thomas, 83, 325. Girdlers, Company of, 84, 625.",seed_unreviewed,source language; never normalize to a single polity
IM00274,Indians,Indian,COLONIAL_UMBRELLA_LABEL,colonial_umbrella,allFourVCLCombinedPerPage.json,4344663,"h of, 100, 101, 147, 154, Hart, John, 63. 178, 246, 264, 313, 453, 495, 566, 573, 576, 670. Hart, Sir Percival, 338. To build Guest House, 276. Hartley, Robert, 84, 326. Site of College for Indians, 102. Hartnell, Thomas, 538. Henrico College, 540. Harvey, John, Captain, 62. Henrico Istand, 611. Harwell, Sir Edmond, 64. Massacre at, 565. Harwell, Francis, 64. Henry, a Welshman, 570. P",seed_unreviewed,source language; never normalize to a single polity
IM00275,Indian,Indian,COLONIAL_UMBRELLA_LABEL,colonial_umbrella,allFourVCLCombinedPerPage.json,4350071,"-394. Company and Adventurers for Berkley Hundred, 130-134, 200, 202. Soneerning shares in Berkley Hundred, 210- 211, 271-274, 412-415, Indentured Servants. Law concerning, 174. India, 547. Indian Ocean, 573. Indians, 110. Anecdote concerning, 438. Astronomy of, 584. Character of, 372, 549. A Declaration of the State of the Colony and...a Relation of the Barbarous Mas- sacre ..., 541",seed_unreviewed,source language; never normalize to a single polity
IM00276,Indians,Indian,COLONIAL_UMBRELLA_LABEL,colonial_umbrella,allFourVCLCombinedPerPage.json,4350090,"dventurers for Berkley Hundred, 130-134, 200, 202. Soneerning shares in Berkley Hundred, 210- 211, 271-274, 412-415, Indentured Servants. Law concerning, 174. India, 547. Indian Ocean, 573. Indians, 110. Anecdote concerning, 438. Astronomy of, 584. Character of, 372, 549. A Declaration of the State of the Colony and...a Relation of the Barbarous Mas- sacre ..., 541-579. Deprived of co",seed_unreviewed,source language; never normalize to a single polity
IM00277,Indians,Indian,COLONIAL_UMBRELLA_LABEL,colonial_umbrella,allFourVCLCombinedPerPage.json,4350567,"with, 19-21, 71,73-74, 79, 128-129, 163, 164, 165, 172, 446, 469, 470, 487, 550, 552, 584. Land sale to Sir Thomas Dale, 304. Laws to regulate relations with, 706-707. See Company, INDEX Indians, 110—Continued. Leagues with, 228, 245, 584, 655. The Manner Howe to Bringe the Indians into Subiection, by John Martin, 704-707. Massacre, 587, 612-613. Colonists’ revenge, 671-673. Mines,",seed_unreviewed,source language; never normalize to a single polity
IM00278,Indians,Indian,COLONIAL_UMBRELLA_LABEL,colonial_umbrella,allFourVCLCombinedPerPage.json,4350655,"4. Land sale to Sir Thomas Dale, 304. Laws to regulate relations with, 706-707. See Company, INDEX Indians, 110—Continued. Leagues with, 228, 245, 584, 655. The Manner Howe to Bringe the Indians into Subiection, by John Martin, 704-707. Massacre, 587, 612-613. Colonists’ revenge, 671-673. Mines, 533. Poverty and sickness, 92. Precautions against, 161, 171, 227, 669-670, 704-707. Re",seed_unreviewed,source language; never normalize to a single polity
IM00279,Indians,Indian,COLONIAL_UMBRELLA_LABEL,colonial_umbrella,allFourVCLCombinedPerPage.json,4351556,"fur trade, 527. Laws, 170, 173. Restraint of, 20-21, 93, 522. Treachery of, 147, 174-175, 245, 247, 613-614. Tributary, 18-19. See also Massacre; Opochankano; Pow- hatan. Infidells, 38. See Indians. Ingram, Sir Arthur, 85, 327, 338. Sued by company, 43. Innholders, Company of, 85, 327. Inioeoeks, 27. Iniocasocks (priests), 14. Inland Sea, 246. Insects, 560. Instrucéons orders and cons",seed_unreviewed,source language; never normalize to a single polity
IM00280,Indians,Indian,COLONIAL_UMBRELLA_LABEL,colonial_umbrella,allFourVCLCombinedPerPage.json,4359337,"reacher, 65. Lawnes Hundred, 168. Lawrence, John, 61. Laws of Colony. Agriculture, 166. Cattle, 171-172. Communications, 171, 173. Contracts, 167. Defense of, 521. Indentured servants, 174. Indians, 164, 165-166, 170. Making of, 159, 164-169, 241, 345, 358-259, 518. Morals, 164, 165, 172, 173. Proposed to avoid danger from Indians, 706-707. Record of, 353. Registration, 171. Religious",seed_unreviewed,source language; never normalize to a single polity
IM00281,Indians,Indian,COLONIAL_UMBRELLA_LABEL,colonial_umbrella,allFourVCLCombinedPerPage.json,4359472,"racts, 167. Defense of, 521. Indentured servants, 174. Indians, 164, 165-166, 170. Making of, 159, 164-169, 241, 345, 358-259, 518. Morals, 164, 165, 172, 173. Proposed to avoid danger from Indians, 706-707. Record of, 353. Registration, 171. Religious observances, 171, 172, 173, 174. Trade, 167-169, 173. Lawson, Thomas, 85, 329. Layer, Thomas, 328. Laziness, Law against, 164. Leach,",seed_unreviewed,source language; never normalize to a single polity
IM00282,Indians,Indian,COLONIAL_UMBRELLA_LABEL,colonial_umbrella,allFourVCLCombinedPerPage.json,4366078,"86. Mandeville, Lord President, 510. Mangolleflild, 186. Mangopeesomon (Opechankano), 584. Manguahaian (Great Bear), 584. Manhood, Sir Peter, 86, 329. Manner, The, Howe to Bringe the Indians into Subiection, 704-707. Mannering, Sir Arthur, 86, 329. See also Main- waring. Manqueocke, 17. Mansell, —, Captain, 534. Mansell, Sir Robert (Maunsell), 85, 329. Council for Virginia",seed_unreviewed,source language; never normalize to a single polity
IM00283,Indians,Indian,COLONIAL_UMBRELLA_LABEL,colonial_umbrella,allFourVCLCombinedPerPage.json,4367373,"unts, 436. Accused by John Rolfe, 170, Cattle, 444. Commission for trade, 78. Council in Virginia, 13. How Virginia may be made a Royal Planta- tion, 707, 710. The Manner Howe to Bringe the Indians inio Subiection, 704-707. No representation in General Assembly, 155-156, 163. Patent rights, 155-156, 163, 702-703. Patent transferred, 599, Request to Master of the Rolls concerning Paten",seed_unreviewed,source language; never normalize to a single polity
IM00284,Indians,Indian,COLONIAL_UMBRELLA_LABEL,colonial_umbrella,allFourVCLCombinedPerPage.json,4367685,"3. Patent transferred, 599, Request to Master of the Rolls concerning Patent, 702-703. Suit against Bargrave, 522. Summoned to come before General Assem- bly, 157-158, 162-163. Treatment of Indians, 157, 163. Martin, John (Martine), 62, 330. Martin, John, the Persian, 423. Martin, Richard (Martyn), 86, 329. Council for Virginia, 68. Martin, Thomas, 86, 330. See under Ships. See unde",seed_unreviewed,source language; never normalize to a single polity
IM00285,Indians,Indian,COLONIAL_UMBRELLA_LABEL,colonial_umbrella,allFourVCLCombinedPerPage.json,4386184,"rn trading, 535-536. Commissions to find new sites for plant- ing, 656-657, 678-679. 1282—33——49 Commission for federation with Pato- mackes, 654-645. Commissions for forced trading with Indians after massacre, 622, 696-697, 698-699, 700-701. Commissions for free fishing, 514-515, 516-517, 525. Commissions for martial law after mas- sacre, 609, 610, 611, 623, 664-665. Council. Se",seed_unreviewed,source language; never normalize to a single polity
IM00286,Indians,Indian,COLONIAL_UMBRELLA_LABEL,colonial_umbrella,allFourVCLCombinedPerPage.json,4389317,", 635. Minister, 628, 633. For Planter only, 629-633. French and Walloons, 491-492, 497-498. Governor, kind desired, 231-232, Health of, 127-128, 298, 299, 417. Hire, rate of, 457, 589-590. Indians. See Indians, Relations with; Re- ligious education. Land grants for new, 360-361. Laws of — Governor to be notified of all journeys, ATs Registration, 171. Tobacco planting limited, 586. S",seed_unreviewed,source language; never normalize to a single polity
IM00287,Indians,Indian,COLONIAL_UMBRELLA_LABEL,colonial_umbrella,allFourVCLCombinedPerPage.json,4389330,"er, 628, 633. For Planter only, 629-633. French and Walloons, 491-492, 497-498. Governor, kind desired, 231-232, Health of, 127-128, 298, 299, 417. Hire, rate of, 457, 589-590. Indians. See Indians, Relations with; Re- ligious education. Land grants for new, 360-361. Laws of — Governor to be notified of all journeys, ATs Registration, 171. Tobacco planting limited, 586. See also Laws",seed_unreviewed,source language; never normalize to a single polity
IM00288,Indians,Indian,COLONIAL_UMBRELLA_LABEL,colonial_umbrella,allFourVCLCombinedPerPage.json,4390432,"plaint, 534-535. Diet, 298-299. Public or officers’ land, rules for tenants, 479. Servants for, 313. Servants’ transportation, 115. Sort needed, 301. Supplies for, 117. Trade— By force with Indians, 696-697, 698- 699, 700-701. Tobacco not to be used in making pay- ments, 486. Transportation of, 68-69, 77, 254, 313-314, 649-651. Appeal for authority to transport for- cibly, 259. Appren",seed_unreviewed,source language; never normalize to a single polity
IM00289,Indians,Indian,COLONIAL_UMBRELLA_LABEL,colonial_umbrella,allFourVCLCombinedPerPage.json,4397016,". Church of Rome— Repudiation of, 4-5. Spy suspected, 304. Churches, building of, 17, 131. Encouragement of, 49, 208, 348, 468-469. Excommunication, 172. Gifts for, 117, 575-577. Heresy, 2. Indians, conversion of. See under Indians. Laws concerning, 172, 173. 753 Religion—Continued. Ministers, 485. Agreement in Patent that each bor- ough or plantation maintain one, 310, 598, 628.",seed_unreviewed,source language; never normalize to a single polity
IM00290,Indians,Indian,COLONIAL_UMBRELLA_LABEL,colonial_umbrella,allFourVCLCombinedPerPage.json,4397050,"4-5. Spy suspected, 304. Churches, building of, 17, 131. Encouragement of, 49, 208, 348, 468-469. Excommunication, 172. Gifts for, 117, 575-577. Heresy, 2. Indians, conversion of. See under Indians. Laws concerning, 172, 173. 753 Religion—Continued. Ministers, 485. Agreement in Patent that each bor- ough or plantation maintain one, 310, 598, 628. Agreement with Robert Paulett, 401",seed_unreviewed,source language; never normalize to a single polity
IM00291,Indians,Indian,COLONIAL_UMBRELLA_LABEL,colonial_umbrella,allFourVCLCombinedPerPage.json,4397306,"sters, 485. Agreement in Patent that each bor- ough or plantation maintain one, 310, 598, 628. Agreement with Robert Paulett, 401- 402. Instructions to, 277. Tnstruetions for converting Indians, Dike Need of, 74, 583. Support of, 102, 106, 276-277. Opinions of Indians, 584. Pope, repudiation of, 4-5. Profaneness, Schism, 14, Regulation of by punishments, 27, 93, 172, 275.",seed_unreviewed,source language; never normalize to a single polity
IM00292,Indians,Indian,COLONIAL_UMBRELLA_LABEL,colonial_umbrella,allFourVCLCombinedPerPage.json,4397384,"e, 310, 598, 628. Agreement with Robert Paulett, 401- 402. Instructions to, 277. Tnstruetions for converting Indians, Dike Need of, 74, 583. Support of, 102, 106, 276-277. Opinions of Indians, 584. Pope, repudiation of, 4-5. Profaneness, Schism, 14, Regulation of by punishments, 27, 93, 172, 275. Sacrament to celebrate reconciliation, 445. Schism, 14. Spaniards in Virgini",seed_unreviewed,source language; never normalize to a single polity
IM00293,Indians,Indian,COLONIAL_UMBRELLA_LABEL,colonial_umbrella,allFourVCLCombinedPerPage.json,4409553,"n, Thomas, 88, 333, 592, 593. Shipway, Thomas, 674. Shirley, Hundred, 76, 249, 612. Shrewsbury, Mary, Countess of, 87, 333. Shuker, Jeremy, 538. Sickness. Among colonists, 220, 244. Among Indians, 220. At Captain Lawne’s plantation site, 246. Indian disease, 560. on Spaniards, Silk. See under Commodities. Silk grass, Sve under Commodities. Silver, John, 538. Silver Faleon. Se",seed_unreviewed,source language; never normalize to a single polity
IM00294,Indian,Indian,COLONIAL_UMBRELLA_LABEL,colonial_umbrella,allFourVCLCombinedPerPage.json,4409610,"ey, Hundred, 76, 249, 612. Shrewsbury, Mary, Countess of, 87, 333. Shuker, Jeremy, 538. Sickness. Among colonists, 220, 244. Among Indians, 220. At Captain Lawne’s plantation site, 246. Indian disease, 560. on Spaniards, Silk. See under Commodities. Silk grass, Sve under Commodities. Silver, John, 538. Silver Faleon. See under Ships. Singer, John, Surgeon, 213, 292. Account",seed_unreviewed,source language; never normalize to a single polity
IM00295,Indians,Indian,COLONIAL_UMBRELLA_LABEL,colonial_umbrella,allFourVCLCombinedPerPage.json,4410595,"(Smyth), 406, Agreement with Richard Berkley and As- sociates, 393-394. Smith, John, 60, 63, 88, 334. Sued by company, 48. Smith, John, Captain (Smyth), 88, 333. Command of defense against Indians, 18. Council in Virginia, 13. Smith, Sir John, 88, 333. Accounts, 188, 189, 260, 261, 385, 386, 389, 391, 404. Account of expenses for Virginia plantation, 408. Agreement concerning the s",seed_unreviewed,source language; never normalize to a single polity
IM00296,Indians,Indian,COLONIAL_UMBRELLA_LABEL,colonial_umbrella,allFourVCLCombinedPerPage.json,4416686,"e, William, 539. 334, 339. Stokeley, John, 88, 333. Spelman, Henry, Captain (Spellman, Spilman). Stokes, John, 88. Aceused of treachery, 174-175, 242. Stokes, Thomas, 88, 334. Dealings with Indians, 245, 251. Stone, George, 88, 334. Massacre, 569. Stone, William, 198, 213, 230. Punishment, 175. Accounts, 188. Spence, William, Ensign (Spense), 443, Stonnard, William, 334. Committee, 15",seed_unreviewed,source language; never normalize to a single polity
IM00297,Indians,Indian,COLONIAL_UMBRELLA_LABEL,colonial_umbrella,allFourVCLCombinedPerPage.json,4421173,"79-381, 397-400. Committee— For censuring Alderman Johnson, 149- 151. For securing colonists, 97. Council for Virginia, 190. Couneil in Virginia, 424, 444, 483, 528, 588, 590. Dealings with Indians, 584. Efforts against drunkenness, 447. Indentures, party in, 130, 131, 210-211, 412-415, Letter to Mr. John Ferrar, 448-449. Letter to Sir Edwin Sandys, 462. Letters to John Smyth of Nible",seed_unreviewed,source language; never normalize to a single polity
IM00298,Indians,Indian,COLONIAL_UMBRELLA_LABEL,colonial_umbrella,allFourVCLCombinedPerPage.json,4425186,"518, 608, 626. Restraint of, 28, 173, 510. Ships to return to England in 30 days laden with all commodities possible, 481. Tobacco in, 496, 580-581, 82-588, 499-602. Unlawful trade with Indians, 522, See also Commodities, customs duties; Custom House; Plantation, economic development. Tradesmen. Eneouragement of, 103. Law concerning, 167. Treasurer. Sce under Ships. Treasure",seed_unreviewed,source language; never normalize to a single polity
IM00299,Indians,Indian,COLONIAL_UMBRELLA_LABEL,colonial_umbrella,allFourVCLCombinedPerPage.json,4427478,"hn, Clerk of General Assembly, 154. Twisden, Sir Roger, 66. Twisden, Sir William, 66, 88, 335. Tyler, Robert, 565. Tyler, William, 565. Tyler, William (Senior?), 565. University, For Indians, 102. Lands bounded, 245. See also College. Upfall, James, 567. Valentia, 647. [combined_page=2052] 764 Valete, Mistress Collier, 529, Valuation, A, of the Commodities growing and to be h",seed_unreviewed,source language; never normalize to a single polity
IM00300,Indians,Indian,COLONIAL_UMBRELLA_LABEL,colonial_umbrella,allFourVCLCombinedPerPage.json,4431201,". Waynwright, Thomas, 65. Patent, 118. Webb, — (Webbe), 22, 66, 215. Representative in General Assembly, 154. Webb, Benedict (Webbe). Rights settled, 155-156. Accounts, 390, 391. Trade with Indians, 247. Webb, Edward, 89, 336. Warde, William (Ward), 90, 337. Webb, Elizabeth (Webbe), 396, 405, 426, 674. Warden, John. Webb, Rice, 89, 336. Accounts, 183. Webb, Sandys, 89, 336. Wards, Mas",seed_unreviewed,source language; never normalize to a single polity
IM00301,Indians,Indian,COLONIAL_UMBRELLA_LABEL,colonial_umbrella,allFourVCLCombinedPerPage.json,4440208,"il in Virginia, 490. Commissions, 535-536, 609, 610, 611, 622, 654-655, 656-657, 664-665, 678-679, 695- 696, 697~698, 700-701. Council in Virginia, 483. Governor in Virginia, 528, 588, 590. Indians, dealing with, 549-550, 583-584. INDEX Wyatt, Sir Francis—Continued. Proclamations, 658-660, 703-704. To forward supplies to Dutch sawmill workers, 487. To watch trade, 527, See also un",seed_unreviewed,source language; never normalize to a single polity
IM00302,Indian,Indian,COLONIAL_UMBRELLA_LABEL,colonial_umbrella,allFourVCLCombinedPerPage.json,4444390,"urers associated with him, by Sir Nathaniel Rich and the defenders of Sir Thomas Smith’s regime, Throughout the whole period are portrayed the struggle of the planiation to recover from the Indian massacre of March 22, 1622, and the efforts made by the officials in London and by the Governor, Council, and Assembly in Virginia. The most important and perhaps unique document of the en",seed_unreviewed,source language; never normalize to a single polity
IM00303,Indians,Indian,COLONIAL_UMBRELLA_LABEL,colonial_umbrella,allFourVCLCombinedPerPage.json,4446511,"to create an organized and systematic government, to produce commodities that would provide the necessities for living, and to develop resources that might result in needful trade with the Indians and with England. [combined_page=2062] Two documents of importance, inadvertently omitted at first, but now numbered CCOXLYV A and CDANXAVULA, will be found, not in their chronolagicsl pl",seed_unreviewed,source language; never normalize to a single polity
IM00304,Indians,Indian,COLONIAL_UMBRELLA_LABEL,colonial_umbrella,allFourVCLCombinedPerPage.json,4485609,"her in riuer of Rapahanocke, or in any other riuer vpon the westerne side of the sd baye, or vppon the south side, to trade, or take by foree of Armes, or any other meanes or wayes, fro the Indians ther Inhabitinge, as subiects or Confiderates w'"" Apochankeno, or as thoes whoe had ther hands in the Cruell & treacherous murdering of 07 people, Corne, peas Beanes or wtsocw else Comoditi",seed_unreviewed,source language; never normalize to a single polity
IM00305,Indians,Indian,COLONIAL_UMBRELLA_LABEL,colonial_umbrella,allFourVCLCombinedPerPage.json,4517206,"e dined soe fonge. and an ather to Capt: Croshaw for 200 Fower yt were left one my handes, I was fayne to send tommy owne plantation; two of these a little aft? ran away (1 am afraide to y° Indians) and noe doubt the other two [2] would haue consorted w'® theire companions if sieknes had not fettered them. For y° 56 men w? S° Wiltm Nuee should haue deliuered me here, I was glad to tak",seed_unreviewed,source language; never normalize to a single polity
IM00306,Indians,Indian,COLONIAL_UMBRELLA_LABEL,colonial_umbrella,allFourVCLCombinedPerPage.json,4519418,"aduantage. The ill suecesse of y’ glasse workes is allmost equall vnto this: first the eoucringe of y° house, ere fully finished, was blowne downe, by a tempest noe sooner repaired but y° Indians came vppon ys, w for a while deferd y’ proceedinges. Then they buill vp y¢ furnace, w' after one forthnight yt y* fire was put in, flew in peeces: yet yo wife of one of y° Italians (whom Th",seed_unreviewed,source language; never normalize to a single polity
IM00307,Indians,Indian,COLONIAL_UMBRELLA_LABEL,colonial_umbrella,allFourVCLCombinedPerPage.json,4523791,"ge bere all fallinge sike & many dyinge; euery where dispersinge the contagion. The fore ruminge Suiter hath bene alsoe deadly vnto vs; I for my part, haucinge lost 19 by sickenes & 4 by y* Indians. You may ges in what a pore condition Tam, but the extreame siekenesxe I haue sufferde, the lieart-breakinge to see the ill suecesse of your affayires, want of all thinges necessary for lif",seed_unreviewed,source language; never normalize to a single polity
IM00308,Indians,Indian,COLONIAL_UMBRELLA_LABEL,colonial_umbrella,allFourVCLCombinedPerPage.json,4549869,"promise to write, as I remember, and you desire to heare from me, I perswade my selfe you thinke I will not dissemble, and [ protest you are in the right: Now for true newes thus it is, the Indians are drawne of as farre, as a man can hurle a stone at twice, I make no question, but when the leaves sre greene, they wilbce somewhat nearer, and now forsooth they would faine have peace, C",seed_unreviewed,source language; never normalize to a single polity
IM00309,Indians,Indian,COLONIAL_UMBRELLA_LABEL,colonial_umbrella,allFourVCLCombinedPerPage.json,4552767,"most men the old Prou%h is, Charitye first beginnes at home, take away one of my men, there’s 2000.Plant@ gone, thate 500 waight of Tohaeco, vea and what shall this man dee, rune after the Indians? soft, I haue phaps 10, perhaps 15, perhaps 20 men and aim able to secure my owne Plantacon; how will they doe that are fewer? let them first be Crusht alitle, and then perhaps they will th",seed_unreviewed,source language; never normalize to a single polity
IM00310,Indians,Indian,COLONIAL_UMBRELLA_LABEL,colonial_umbrella,allFourVCLCombinedPerPage.json,4558623,"the murder done all ouer the land that they Could not plant anythinge att all, and att euerie Plantaéon all of them for the most part were slaine and theyr howses & good¢€ burnt. some, the Indians kept ahue and tooke then awaie wt them, and nowe theixe two Indians that they haue taken doe tell vs that the Indians haue 15 aline w' them thus through theyr Roguery the land is ruinated a",seed_unreviewed,source language; never normalize to a single polity
IM00311,Indians,Indian,COLONIAL_UMBRELLA_LABEL,colonial_umbrella,allFourVCLCombinedPerPage.json,4558691,"ge att all, and att euerie Plantaéon all of them for the most part were slaine and theyr howses & good¢€ burnt. some, the Indians kept ahue and tooke then awaie wt them, and nowe theixe two Indians that they haue taken doe tell vs that the Indians haue 15 aline w' them thus through theyr Roguery the land is ruinated and spoyled, and itt will not bee soe stronge againe not this 12 year",seed_unreviewed,source language; never normalize to a single polity
IM00312,Indians,Indian,COLONIAL_UMBRELLA_LABEL,colonial_umbrella,allFourVCLCombinedPerPage.json,4558741,"or the most part were slaine and theyr howses & good¢€ burnt. some, the Indians kept ahue and tooke then awaie wt them, and nowe theixe two Indians that they haue taken doe tell vs that the Indians haue 15 aline w' them thus through theyr Roguery the land is ruinated and spoyled, and itt will not bee soe stronge againe not this 12 yeares, for att our Plantaton of seaurenscore, there w",seed_unreviewed,source language; never normalize to a single polity
IM00313,Indians,Indian,COLONIAL_UMBRELLA_LABEL,colonial_umbrella,allFourVCLCombinedPerPage.json,4600815,"r he hath done much for me, both on my Journy and since, I intreate you not to forget me, but by anie meanes redeeme me, for this day wee heure that there is 26 of English men slayne by the Indians, and they haue taken a Pinnace of M’ Pountis, and haue gotten peeces, Armour, sworde¢, all thinges fitt for Warre, so that they may now steale vpon vs and wee Cannot know them from English,",seed_unreviewed,source language; never normalize to a single polity
IM00314,Indians,Indian,COLONIAL_UMBRELLA_LABEL,colonial_umbrella,allFourVCLCombinedPerPage.json,4602035,"ile of the boat formost they set vp a pole and put the Captaines head vpon it, and so rowed home, then the Deuill set them on againe, so that they furnished about 200 Canoes with aboue 1000 Indians, and came and thought to [5] haue taken the shipp, but shee was too quicke for them weh thing was very much talked of, for they alwayes feared a ship, but now the Rogues growe verie bold, a",seed_unreviewed,source language; never normalize to a single polity
IM00315,Indian,Indian,COLONIAL_UMBRELLA_LABEL,colonial_umbrella,allFourVCLCombinedPerPage.json,4602311,"them weh thing was very much talked of, for they alwayes feared a ship, but now the Rogues growe verie bold, and can vse peeces, some of them, as well or better then an Englishman, ffor an Indian did shoote with M' Charles ny M* Kindsman at a marke of white paper, and hee hit it at the first, but M* Charles Could not hit it, But see the Enuie of theis slaues, for when they Could not",seed_unreviewed,source language; never normalize to a single polity
IM00316,Indians,Indian,COLONIAL_UMBRELLA_LABEL,colonial_umbrella,allFourVCLCombinedPerPage.json,4611627,"ersing then ypan Cone of x Compans [Henoble speach of a noble miu | 66 RECORDS OF THE VIRGINIA COMPANY lastlie, whereas it was the onelye benifit weh wee reapt from the lreacherie of the Indians in drawing ourselues into a narrower Cireuite, whereby the people might haue beene better gouIned, and lived with more Comfort and securitie, publique Charges more easilie defraied, forces",seed_unreviewed,source language; never normalize to a single polity
IM00317,Indians,Indian,COLONIAL_UMBRELLA_LABEL,colonial_umbrella,allFourVCLCombinedPerPage.json,4621878,"omuch as if 1 This letter is abstracted in No. CCCLXXII. It is in the same hand as Number CCCIV. [combined_page=2145] MARCH 30, 1623 71 they had had anie knowledge of the purpose of the Indians, the most part Could not possiblie haue preuented their treacheries: but inust either haue beene beseiged in their houses (and Consequentlie famished) or Cut of as they followed their labou",seed_unreviewed,source language; never normalize to a single polity
IM00318,Indians,Indian,COLONIAL_UMBRELLA_LABEL,colonial_umbrella,allFourVCLCombinedPerPage.json,4623612,"Commaundé. Extreame hath beene the mortalitie of this yeare, wh I am afraid hath dobled the Nomber of those wh were massacred; yet with our small and siekhe forces we haue discomforted the Indians, round about vs, burnt their houses, gathered their Corne and slaine not a few; though they are as swift as Roebuek@ and not to bee destroyed but by surprize or famine they now beginne to d",seed_unreviewed,source language; never normalize to a single polity
IM00319,Indians,Indian,COLONIAL_UMBRELLA_LABEL,colonial_umbrella,allFourVCLCombinedPerPage.json,4624091,"inclineable thereunto and will trie if wee can make them as secure as wee were, that wee may followe their example in destroying thent Although in particuler I haue not suffred mueh by the Indians, yet haue I lost. by sicknes 23 aves of ney small Nomber to the greate dimninuéon of my meanes, and iinpaire of my last yeares profit, and had I not hired in good time the sixth part of a s",seed_unreviewed,source language; never normalize to a single polity
IM00320,Indians,Indian,COLONIAL_UMBRELLA_LABEL,colonial_umbrella,allFourVCLCombinedPerPage.json,4627649,"pline, and Example: but how well wee beganne to build (though impossible to Cantinew) on this prescribed foundaéon I coniecture is not unknowne vnaty you; Neither could the Trecherie of the Indians (although foreknowne) have beene but in part prevented: who like violent lightening are gone as soone as peeived. Yet are we taxed y' the wd = a . - : . ' 7 fromm awing with indisere¢on an",seed_unreviewed,source language; never normalize to a single polity
IM00321,Indians,Indian,COLONIAL_UMBRELLA_LABEL,colonial_umbrella,allFourVCLCombinedPerPage.json,4631964,"nes, insomuch as wee haue lost I beleive few lesse then 500, : and not manic of the rest that haue not knockt at the doores of death. yet with our small and weake forees wee haue Chased the Indians from their aboad@, burnt their houses, taken their Corne and slayne net 2 few. [combined_page=2149] MARCH 30, 1628 75 The great King now sues for peace, and offers a restituton of his Pr",seed_unreviewed,source language; never normalize to a single polity
IM00322,Indians,Indian,COLONIAL_UMBRELLA_LABEL,colonial_umbrella,allFourVCLCombinedPerPage.json,4634849,haue large guifis and larye Coiissions and rorshipped and what goud hane they done for yo? marry tf euen this brought il to nought: Thorp he tath brought sueh a misery vpou vs by letting Y Indians haue their head and none must controll them. The Gouernor ood at that tyme for a Cypher whilest they stood ripping open of gutts: ‘uptaine Newce he cutts our throate on the other side and h,seed_unreviewed,source language; never normalize to a single polity
IM00323,Indians,Indian,COLONIAL_UMBRELLA_LABEL,colonial_umbrella,allFourVCLCombinedPerPage.json,4635059,"ead and none must controll them. The Gouernor ood at that tyme for a Cypher whilest they stood ripping open of gutts: ‘uptaine Newce he cutts our throate on the other side and he letts in v Indians, and that while the other prouides tu kill all the swyne as it were of sett purpose to owthrow alk: and who must make this good againe? The old smoker our (1 knew not how te terme him but)",seed_unreviewed,source language; never normalize to a single polity
IM00324,Indian,Indian,COLONIAL_UMBRELLA_LABEL,colonial_umbrella,allFourVCLCombinedPerPage.json,4658311,"es: Our future miseries doe post a paee: & for prizes of thinges hee sayth: a 1000 of nayles coste 18° or 20"" 1000: I haue payed 12"" sterlinge for a hogs- head of meale 20° for a bushell of Indian Corne and non Sto bee had§ but with great men which endanger mee and myne to sterue beefore haruest: In a Postscript hee sayth: # newes was brought that Cap: Spilmian wis cut off by the Ind",seed_unreviewed,source language; never normalize to a single polity
IM00325,Indians,Indian,COLONIAL_UMBRELLA_LABEL,colonial_umbrella,allFourVCLCombinedPerPage.json,4658504,"ian Corne and non Sto bee had§ but with great men which endanger mee and myne to sterue beefore haruest: In a Postscript hee sayth: # newes was brought that Cap: Spilmian wis cut off by the Indians, hee had warninge of $it§ by an Indian: Hee and his men cominge with theyr armour The kinge of that place asked why lice came soe armed? Spillman ta§u$ld him of his distrust and shewed him",seed_unreviewed,source language; never normalize to a single polity
IM00326,Indian,Indian,COLONIAL_UMBRELLA_LABEL,colonial_umbrella,allFourVCLCombinedPerPage.json,4658544,"great men which endanger mee and myne to sterue beefore haruest: In a Postscript hee sayth: # newes was brought that Cap: Spilmian wis cut off by the Indians, hee had warninge of $it§ by an Indian: Hee and his men cominge with theyr armour The kinge of that place asked why lice came soe armed? Spillman ta§u$ld him of his distrust and shewed him the man that gaue him Warninge, Wheere",seed_unreviewed,source language; never normalize to a single polity
IM00327,Indians,Indian,COLONIAL_UMBRELLA_LABEL,colonial_umbrella,allFourVCLCombinedPerPage.json,4659063,eward to beetray him that had giuen him so faythfull a Warninge) but his owne life payd for it for y° next day hee & his men coming a shore disarmed thinking to trade were all cut of by the Indians. They tooke M* Pountise his shallope & hewed her too picees & came with 60 canowes to take the vnlucky ship the Tyger who had bat 4 saylers & some few land men whe who whilfed vp sayles & w,seed_unreviewed,source language; never normalize to a single polity
IM00328,Indians,Indian,COLONIAL_UMBRELLA_LABEL,colonial_umbrella,allFourVCLCombinedPerPage.json,4659778,"d beene the greatest enemy they had: Spilmans death os a just reuenge, it was done about that part of the Country: If wee had suffi- cient prouision, wee should not necde to seeke after the Indians: It is a great loss to vs for that Cap. was # grea §the hest$ linguist of the Indian Tongue of this Countrys Fh 1 Name uncertain, [combined_page=2164] 90 RECORDS OF THE VIRGINIA COMPANY",seed_unreviewed,source language; never normalize to a single polity
IM00329,Indian,Indian,COLONIAL_UMBRELLA_LABEL,colonial_umbrella,allFourVCLCombinedPerPage.json,4659864,"ut that part of the Country: If wee had suffi- cient prouision, wee should not necde to seeke after the Indians: It is a great loss to vs for that Cap. was # grea §the hest$ linguist of the Indian Tongue of this Countrys Fh 1 Name uncertain, [combined_page=2164] 90 RECORDS OF THE VIRGINIA COMPANY If you thinke fitt to eary our Tobacco into Holland to saue the thirdes Jet mee know",seed_unreviewed,source language; never normalize to a single polity
IM00330,Indian,Indian,COLONIAL_UMBRELLA_LABEL,colonial_umbrella,allFourVCLCombinedPerPage.json,4663191,"lowne MM© Norwoods 2Vp in yo Tarbour by firing of her owne powder.§ The price* of a Hogs- cone ofthese head of Meale by their tres appeareth to be 12"" aad Ssometymes 1558 u hushell of their Indian Corne xx* §the price of a Hogg ten pound and a Hen Hen xv°$ and yet §none of these almost§$ not to be made had for money. §the price a Uogg'§ Insomuch that we find one P. Arundle (who (as b",seed_unreviewed,source language; never normalize to a single polity
IM00331,Indians,Indian,COLONIAL_UMBRELLA_LABEL,colonial_umbrella,allFourVCLCombinedPerPage.json,4665899,"likewise report that the ould planters for the most part wish the gouernment had remained in the same state it was in St Thomas Dale his time and S* Samuell Argolls tune, in which time the Indians All the Bow men of those that bordered vpon the English payed a tribute of Corne and those gouernors so husbanded that busness that the Indians were forced to borrow corne for seed of the E",seed_unreviewed,source language; never normalize to a single polity
IM00332,Indians,Indian,COLONIAL_UMBRELLA_LABEL,colonial_umbrella,allFourVCLCombinedPerPage.json,4666043,"nd S* Samuell Argolls tune, in which time the Indians All the Bow men of those that bordered vpon the English payed a tribute of Corne and those gouernors so husbanded that busness that the Indians were forced to borrow corne for seed of the English and te repay it at theyr haruest with graat aduantidge ! Shorthand symbol. 2 The handwriting resembles that in No. CCCX and is similar",seed_unreviewed,source language; never normalize to a single polity
IM00333,Indians,Indian,COLONIAL_UMBRELLA_LABEL,colonial_umbrella,allFourVCLCombinedPerPage.json,4675031,"in (1) Library of Congress, Washington, D. C.; (2) Public Record Office, London List of Records Ne, 457 Right Hon"" May it please you to understande, yt since our laste Tre, there cam two Indians to mlartins] Hunndred, who accordinge to order were sent vp to James Cyttie, one of which Called (Chauco) who had lived much amost the English, and by revealinge yt pl[ot] To divers vppon t",seed_unreviewed,source language; never normalize to a single polity
IM00334,Indians,Indian,COLONIAL_UMBRELLA_LABEL,colonial_umbrella,allFourVCLCombinedPerPage.json,4715319,"ruyned plantacons: thes writt from virginia, es 4 Iron workes at once wh & none Sall$ of therm by halfes whereas one or 2 might to be effected: That ye prosperths af =° planteéens sett y* Indians on work toy"" massuere Coneerning the lotteryes who they were yt were imployed in them, by whom, wt reward was granted to them, who mooued for that reward Hee thes were putt dewate: what wa",seed_unreviewed,source language; never normalize to a single polity
IM00335,Indians,Indian,COLONIAL_UMBRELLA_LABEL,colonial_umbrella,allFourVCLCombinedPerPage.json,4760470,IRGINIA COMPANY few or none. Some of theis +86 192 dyed by the way and inany dyed as Wee haue Crediblie heard for want of good lookeinge to in Virginia. Many alsoe haue beene slayne by the Indians since the last Massacre. And yet if there remayne aboue 1000 it must necessarilie followe that there were i many aboue 300 lefte by the old GouInmt But to howe manie more might these haue h,seed_unreviewed,source language; never normalize to a single polity
IM00336,Indians,Indian,COLONIAL_UMBRELLA_LABEL,colonial_umbrella,allFourVCLCombinedPerPage.json,4807990,g at Warasquiack wt! were but 3 households. Sinee wth tyme their letters make menéon of 5 or 600 that haue pished wh sicknes and famine. And many after that tyme perished by the hand¢ of th’Indians. And here we doe obserue that when this Muster Roule of the yeare 1622 was taken it appeareth Sby the printed bookes of the Companye§ that ¢ in the 3 yeares before vzt 1619. 1620. 1621: th,seed_unreviewed,source language; never normalize to a single polity
IM00337,Indians,Indian,COLONIAL_UMBRELLA_LABEL,colonial_umbrella,allFourVCLCombinedPerPage.json,4808681,"those 3 yeares before the Massacre there were lost aboue three thowsand soules $w""? neede proeced from much negligence & want of good gou%nt:§ besid€ those that haue pished by & since by th’Indians and by sicknes: And so consequently that the people remayning in the Colony are but few. w"""" likewise appeares by some of their tres. 8: M* George Sandys in his tre to Mt Wrott hath these",seed_unreviewed,source language; never normalize to a single polity
IM00338,Indians,Indian,COLONIAL_UMBRELLA_LABEL,colonial_umbrella,allFourVCLCombinedPerPage.json,4809496,"burthens. Againe the Gouerno"" S' Francis Wyatt 4 April last sites te [sic] $in§ his father sayeth thus: They (meaninge the Company here) talke [2] of an Armye of 500 to issue out vpon th’ Indians in all parts and after 1 Ruhing Armye of 150 to vex them in all places This ioyned w‘h the 5 man te keepe for the fort would leaue some xx men to guard 40 Plautacons hulfe a man to each, co",seed_unreviewed,source language; never normalize to a single polity
IM00339,Indians,Indian,COLONIAL_UMBRELLA_LABEL,colonial_umbrella,allFourVCLCombinedPerPage.json,4809995,diuerse passages in their tres from thence by wh we may discerne the paucitie of the people we find that one Willin Capps beeing generallie approued as a fitt man to be imployed against th’ Indians he demanding but 46 30 small shott and 10 men to secure the Boutes was as it seeines putt of wh §by§ this Reason giuen in their Counsell there. That if theis men should be slayne then theiz,seed_unreviewed,source language; never normalize to a single polity
IM00340,Indians,Indian,COLONIAL_UMBRELLA_LABEL,colonial_umbrella,allFourVCLCombinedPerPage.json,4813716,"etters: 1 That these §the§ people now remayning in the Colony are but few: 2” That they are most weake and miserable §beeing$ in danger to be ruyned $both$ by famine and by the hande of th’ Indians. Awe thirdlie That this misery is befallen them ptlie through want of good gou%ment and direetons both here and there, {Indorsed:] An Abstract of the tres from Virginia, all but Frethornes",seed_unreviewed,source language; never normalize to a single polity
IM00341,Indian,Indian,COLONIAL_UMBRELLA_LABEL,colonial_umbrella,allFourVCLCombinedPerPage.json,4826294,"ress, Washington, D. C. List of Records No. 498 A Proclamation to bee carefull of y* Savadges treacherie. By the Gouerno® and Captaine generall of Virginia. Whereas the coming of certaine Indian¢ lately to Martins Hundred hath given vs cause to suspect, that theire intent is only to spy and obserue the weaknes of o” plantatione, that they may take the better advantage to effect any",seed_unreviewed,source language; never normalize to a single polity
IM00342,Indian,Indian,COLONIAL_UMBRELLA_LABEL,colonial_umbrella,allFourVCLCombinedPerPage.json,4826593,"ue the weaknes of o” plantatione, that they may take the better advantage to effect any treachearous plott against vs. The Governor considering the manifold daungers, that may follow by the Indian@ resorting to privat Plantacions, and treating w™ them, out of his especiall care to plvent any mischeif that may hapne thereby, doth charge and comand, that no pson whatsoeu?, (but only th",seed_unreviewed,source language; never normalize to a single polity
IM00343,Indian,Indian,COLONIAL_UMBRELLA_LABEL,colonial_umbrella,allFourVCLCombinedPerPage.json,4826859,"peciall care to plvent any mischeif that may hapne thereby, doth charge and comand, that no pson whatsoeu?, (but only the chiefe Comander of any Plantation) shall hold any conference w' any Indian® Gf at any time they shall in pesecable maner resort vnto them, and desire a parley) w*out first givinge notice thereof to his Comander: And that no Comander of any plantaéon shall in any w",seed_unreviewed,source language; never normalize to a single polity
IM00344,Indians,Indian,COLONIAL_UMBRELLA_LABEL,colonial_umbrella,allFourVCLCombinedPerPage.json,4838286,"l inhabitt in this Colony, that they plant at least a sufficiencie of Corne for themselues and theire families, and that they do not hope or rely vppon any supply of Corne, by trade w'® the Indians, w"" wilbe in vaine, since leaue and license to trade wt them, shalbe very sparingly grannted to any, and not at all to sueh, whose want of Corne hath proceeded from theire neglect of planti",seed_unreviewed,source language; never normalize to a single polity
IM00345,Indians,Indian,COLONIAL_UMBRELLA_LABEL,colonial_umbrella,allFourVCLCombinedPerPage.json,4865828,beeing spoyled it beeing answered that St G. Yardlie should puide them Corne if they would puide Tobacco. And another fre giues a Reason why they are not suffred to plant Corne least ## th’ Indians should lurke in it. And of this M* Jadwyn complayned lately in open Court. 22 Theyr owne Beekes §printed paprs§ speake but of 180. 23 See M* G. Sandys his tre to M' ffarrar. let it be see,seed_unreviewed,source language; never normalize to a single polity
IM00346,Indians,Indian,COLONIAL_UMBRELLA_LABEL,colonial_umbrella,allFourVCLCombinedPerPage.json,4925491,he former peed this isbeleaveth they haue not left behind them so many able men in the Contrey: elutine And Ht expresse word€ more expressly he sayeth that when they were to goe vpon th’ Indians they could out of the whole Colony but raise ISU (vhereof sO were fitt only to carry burthens) te teownter wea - < -~ divtinns We find also that not only the liues of #bewe 2646 dinerse,seed_unreviewed,source language; never normalize to a single polity
IM00347,Indians,Indian,COLONIAL_UMBRELLA_LABEL,colonial_umbrella,allFourVCLCombinedPerPage.json,4929838,"heit prouidence Sof thexpert Couerno™ & the « oe aa Officers in those tyimes§ that they did not only preuent any such disasters ee iipeeeen as haue lately befallen them by the handé of the Indians, but that eonftrari-s’ If his Mae at hy one [combined_page=2295] 218 RECORDS OF THE VIRGINIA COMPANY will please th call wise they ether forced them to a ™ good correspondence and made",seed_unreviewed,source language; never normalize to a single polity
IM00348,Indian,Indian,COLONIAL_UMBRELLA_LABEL,colonial_umbrella,allFourVCLCombinedPerPage.json,4938446,"to feche som of our Engleshe which the Indianes de- tayned, and withall in culler to conclude a pease with the great Kinge Apochanzion; soe the interpreter which was sente by Jande with an Indian with hime to bringe the kinge to parle with Captain Yucker broughte them soe. After a manve fayned speches the pease was to he eoncluded in a helthe or tooe in sacke which was sente of porp",seed_unreviewed,source language; never normalize to a single polity
IM00349,Indians,Indian,COLONIAL_UMBRELLA_LABEL,colonial_umbrella,allFourVCLCombinedPerPage.json,4950825,"Jones? 1, The lady Wyatts tre to her Mother] that she ix reeouered of her sicknes &e That they? prouisions there at rreasunable rates and not good. This yeare we liue hard by reason of the Indians and yett lite or no meate for we canot send eut vnder 4 or 5 and they be out 2 or 3 dayes und gett so 'In the hand of Sir Nathaniel Rich. 2 See Introduction, with regard to shorthand symbo",seed_unreviewed,source language; never normalize to a single polity
IM00350,Indians,Indian,COLONIAL_UMBRELLA_LABEL,colonial_umbrella,allFourVCLCombinedPerPage.json,4951747,"St Francis Wyatts tre to his father George Wyatt Esqt dat 4 Ap. 1623 Jam® City sayes, M™ Boyse reporteth of a great deale of imiserie that 0° people endure and not least. Hunger in w'h th’ Indians also suffer extreame. The Company agreed wth Capt Each (M? of th’ Abigaile) for erecting of a Fort vpon the Oister bankes: but it pleased God to eall himt away pres- ently after his comin",seed_unreviewed,source language; never normalize to a single polity
IM00351,Indians,Indian,COLONIAL_UMBRELLA_LABEL,colonial_umbrella,allFourVCLCombinedPerPage.json,4952975,"found at his landing out of the Abigaile, The Gouernor & his lady at M* Gookins Plantaé@on: But of all M* Gookin’s men wch he sent ou? the last yeare we found but 7: becing all killd by th’ Indians and his plantaGon ready to fall to decay: The Countrey ai this tyme standeth in as bad an estate as it hath done many a day for we cahot goc to o' labour uwhout armed men to garde us wh wil",seed_unreviewed,source language; never normalize to a single polity
IM00352,Indian,Indian,COLONIAL_UMBRELLA_LABEL,colonial_umbrella,allFourVCLCombinedPerPage.json,4956855,"poorer sort are not able to ee seal live: xij! ster: I hane pd fora hogshead of Meale & that in good sil? xse a iustell of Plate, cheifelie to feed the men that make my house. A Bushell of Indian India? Corne Corne is sold for xx* 8. Idem to Mr’ Cafting. 25 M%ch 1623) I haue ben forced to buy a hogs- head of Meale wh cost me xij""! stert: A faire guilt silu? bowle wth a Couer payed",seed_unreviewed,source language; never normalize to a single polity
IM00353,Indians,Indian,COLONIAL_UMBRELLA_LABEL,colonial_umbrella,allFourVCLCombinedPerPage.json,4964293,"of this Contrey, There was the first pe a i Massaere killd of of English 400 and odd psons: since at tymes there haue ben killd XX and odd And in this last Massacre there was eutt off by th’Indians a Pinnace, a Shallopp, and a small Boate wth 26 men all in compleat Armour the 27 of M9ch 1623 So the truth is we lywe in the feare- fullest age that cuer christians lyued in: And to speake",seed_unreviewed,source language; never normalize to a single polity
IM00354,Indians,Indian,COLONIAL_UMBRELLA_LABEL,colonial_umbrella,allFourVCLCombinedPerPage.json,4965234,"much Corne as we would: And indeed, we dure scarce stepp out of pene eemie ** o dores neither for wood nor water the fast sere The last yeare I had a : very hard yeare of it by reason of th’Indians and J feare this wilbe as bad: T lost the last yeare as many Cattle as were worth a 100"": yet if we saue but o' liues god willing the next yeare I will see yo"" &e 15. Idem to his father i",seed_unreviewed,source language; never normalize to a single polity
IM00355,Indians,Indian,COLONIAL_UMBRELLA_LABEL,colonial_umbrella,allFourVCLCombinedPerPage.json,4967422,me at this tyme but for puision of victualls he that hath it keepes it and will part wth none for they all feare want: The Contrey is fullie determyned this Somer to sett mainly? vpon th’ Indians w‘h if it please God to prosp we shail haue againe a plentifull Contrey; but in the meane tyme we shall want if o° Frend¢ in England doe not stand to vs. If it be possible send me a Hogg,seed_unreviewed,source language; never normalize to a single polity
IM00356,Indians,Indian,COLONIAL_UMBRELLA_LABEL,colonial_umbrella,allFourVCLCombinedPerPage.json,4972109,man and must be peremptorilie compelld from the most: Such an Antipathy is there betweene theyr vast Comands and of grumb- ling Obedience: They talke of an Army of 500 to issue out vpon th’ Indians py this account tn all paris and after a rufiing Armuye of 150 te vex them inall plares: This vet 700 men in ye loyned wth the 4 man for the Fort would leaue some xx men to guard 40 Panbeon,seed_unreviewed,source language; never normalize to a single polity
IM00357,Indians,Indian,COLONIAL_UMBRELLA_LABEL,colonial_umbrella,allFourVCLCombinedPerPage.json,4974350,l [blank]. There is one Rousley a Surgeon that came ou? in the James and brought ten men ou? wth him to Virginia but all his seruants are dead. There are none but women in Captiuitie wth th’Indians for the men that they tooke they putt them to death: Many of yot yong Cattle are dead for there hath ben a generall mortalitic both af man & beast this yeare & the last: Two or 3 freemen th,seed_unreviewed,source language; never normalize to a single polity
IM00358,Indians,Indian,COLONIAL_UMBRELLA_LABEL,colonial_umbrella,allFourVCLCombinedPerPage.json,5012645,enefité of the better setling of the plantationin Virginia. 1. The places #*°h were antientlie $hest§ fortified were the Cities of Henrico and Charles w‘h are now vtterlie demolished by th'Indians: And tho fortifications about James Citie & Elizabeth Citie are Shaue ben§ sulfered by the Colonye of late to grow to such decay that they le sak are become of no strength or vse so that as,seed_unreviewed,source language; never normalize to a single polity
IM00359,Indians,Indian,COLONIAL_UMBRELLA_LABEL,colonial_umbrella,allFourVCLCombinedPerPage.json,5013929,wne wth great Timber Trees so that there is little or no land fitt for {presents culiure but whet is §what§ by industric is cleared of the wood or either hy the Gelony §English§ or +h by th’Indians. 4. The fortifications antientlie vsed were by Trench and Pallizado #°h new are sli gone te ruyne and diuerse blockhouses made of Fenther great Tymber built vppon passages aH and ¢he for s,seed_unreviewed,source language; never normalize to a single polity
IM00360,Indians,Indian,COLONIAL_UMBRELLA_LABEL,colonial_umbrella,allFourVCLCombinedPerPage.json,5051450,"overnor and Capt generall of Virginia. Forasmuch as the tradeing for Corne by diu™ privat men hath not only heene the meanes of bringeing downe the vallew of o” Trucking stuffe amongst the Indians (whilest mens necessities haue caused them to giue any rates for Corne, rather then return emptie) but also beene agreat hin- drance to the planting of Corne (so often, and so strictly Coma",seed_unreviewed,source language; never normalize to a single polity
IM00361,Indians,Indian,COLONIAL_UMBRELLA_LABEL,colonial_umbrella,allFourVCLCombinedPerPage.json,5052191,"creed and by these plsent@ doth straightly charge and Comand, that no pson or psons vin this Colony) of what condi@on or qualitie soever, shall dare to go to trade or truck for Corne w™ any Indians, either Easterne Shore, or win any part of the Bay of Chesapeack: as they will answer the eon- trary at theire vttermost perill@. Given at James Cittie the fourth day of September 1623, Fr",seed_unreviewed,source language; never normalize to a single polity
IM00362,Indians,Indian,COLONIAL_UMBRELLA_LABEL,colonial_umbrella,allFourVCLCombinedPerPage.json,5497508,"to spread, und growe, to find out the best Commodities, and inlarge the Ikine€ Dominions, but they shall secure it both from forraine Enimies, and inable it to give lawes to the Domesticke Indians. 4. Fourthly, the imploying of those men there to make the best & sud- dainest returnes hither. 5. Fiftly the mannageing and ordering those returnes so, as they shall not onely supply and",seed_unreviewed,source language; never normalize to a single polity
IM00363,Indians,Indian,COLONIAL_UMBRELLA_LABEL,colonial_umbrella,allFourVCLCombinedPerPage.json,5522040,"trade, in any River, or Rivers win the Bay, cither vppon pledg, if the Savadges shall require it, or othenvise: forbidding notw“standing the said Raph, to compell by any waics or meanes any Indians whatsoever to trade more then they shalbe willing to trade for; or to offer any violence to any exept in his owne defence, in ease of suspiten of treacherie, or open wrong intended to him o",seed_unreviewed,source language; never normalize to a single polity
IM00364,Indians,Indian,COLONIAL_UMBRELLA_LABEL,colonial_umbrella,allFourVCLCombinedPerPage.json,5570360,"in the bloudy Masaere, & her selfe Caried away w'® the Cruell saluages, amongst them Finduring much misery for teen monthes At the Exspiration it pleased God so to dispase the hartes of the Indians, yt for a small ransome yo"" petitioner w diuers others should be released, In Con- sideration that Doctor Potts laid out two pound of bendes for her release- meat, hee alleageth yo"" petione",seed_unreviewed,source language; never normalize to a single polity
IM00365,Indians,Indian,COLONIAL_UMBRELLA_LABEL,colonial_umbrella,allFourVCLCombinedPerPage.json,5571277,"e most humbly desiereth, that yo"" wilbe pleased to take wt Course shalbe thought iust for her rcleascment fro’ his seruitude, Considering that it much differeth not from her slancry w'* the Indians, & yo"" peticioner shalbe bound to pray ete See the Court holden March the 30% 1624 [combined_page=2556] 474 RECORDS OF THE VIRGINIA COMPANY CDXLV. Joun Hate. Petition to Sim Francis Wyar",seed_unreviewed,source language; never normalize to a single polity
IM00366,Indians,Indian,COLONIAL_UMBRELLA_LABEL,colonial_umbrella,allFourVCLCombinedPerPage.json,5575705,"one, as the Attenipts of the Jndians in these two months of Marche and Aprill, a beadvoll wherof? sent to theyr Lows M* Pory will shewe you, doe shrewdly prognosticate. Other- wise were the Indians driven of from infesting our people and Cattle, as with no great forees in two or 3 yeares, they might bee, then the Plantation wl? good government would vndoutedly flourish. in February at",seed_unreviewed,source language; never normalize to a single polity
IM00367,Indians,Indian,COLONIAL_UMBRELLA_LABEL,colonial_umbrella,allFourVCLCombinedPerPage.json,5658056,"nother reson of the Generall Assemblies sendinge for the said Complaynants to Comune wth him might be and was concerninge an outrage done by some of the said Complaynante people to Certaine Indians in the Bay wth whom wee were in league and peace. in takeing away by violence’ from them a certain quantitie of Corne at wh aet it semed to the assemblie the said Complaynant! conive,! and",seed_unreviewed,source language; never normalize to a single polity
IM00368,Indians,Indian,COLONIAL_UMBRELLA_LABEL,colonial_umbrella,allFourVCLCombinedPerPage.json,5660251,appere by a hill of the sayed Capt Sand's hand wh the said Defend' hath to show he saith alse that the Marriners did throw som smale trompery in to the boat thinge of lite or no vallew the Indians hauinge earied away all other thing@ as it should seeme by there strowinge of old Chest@ and barrell€ about the feild but weather there were at the sayd Capt Saund’s Plantaéon any goode at,seed_unreviewed,source language; never normalize to a single polity
IM00369,Indians,Indian,COLONIAL_UMBRELLA_LABEL,colonial_umbrella,allFourVCLCombinedPerPage.json,5669297,"ing to y° Sumer Tlandes, one Shallop, onc Shippboate, and two small boats belonging to private men. 6. Three Ministers in orders, & Two wout 7. No Comoditie on foote saue Tobaceo. 8. The Indians in dowbtfull Termes. This as they report was the true estate of y° Plantaéons at y* Twelue yeares end. To w* being added the other condiéon of the Colonic, w? in other writinges they expre",seed_unreviewed,source language; never normalize to a single polity
IM00370,Indians,Indian,COLONIAL_UMBRELLA_LABEL,colonial_umbrella,allFourVCLCombinedPerPage.json,5807977,"13-114. Mismanagement of, 82, 487, 532. Assemblies of, 380-352, Cost of Turuishing aud tramsportiug 6 aie Classifieatiun of, 415-417. to Virginia, 2 ; Complaints, 161, 173-174, 212, 521. Indians, collections for eduexting, 1-2. Courts of, 380-382. Investment in Virginia, 186-137, Criticized, 410, Magazine questioneil, 2, 264-205. Diseouragemeut of, 543, 545, Pepper, estimate of val",seed_unreviewed,source language; never normalize to a single polity
IM00371,Indians,Indian,COLONIAL_UMBRELLA_LABEL,colonial_umbrella,allFourVCLCombinedPerPage.json,5820998,"4. Canvas. See under Commodities, clothes. Cape Comfort, 374, 375. Cape Henry, 108, Cape merchant, 263. Held for magazine debts, 515, Capps, William, 161, 235, 238, 558. Defender against Indians, 159. Letter to: John Ferrar, 76-79, Doctor Thomas Wynston, 37-39, Caps. See under Commoditica, clothes. Careleff, —, 565. Carew, George, Lord, 251, 253, 363, 360. Carewe, Edward, 365. C",seed_unreviewed,source language; never normalize to a single polity
IM00372,Indians,Indian,COLONIAL_UMBRELLA_LABEL,colonial_umbrella,allFourVCLCombinedPerPage.json,5825902,". Dutchmen sent for sawmills, 143-144, 523. Excessive niuubers to be iusestigated, 154-155. Food scarcity, 175, 177, Frenchmen for silk and vines, 24, 68, 108, 139, 140, 267, 453, 523. Indians, relations with: Communication witb, forbidden, 167. Levied to fight, 250. Nurober fit to fight in 1623, 216, Ransomed from, 473. Reasons against war with, 451. Inheritance of property",seed_unreviewed,source language; never normalize to a single polity
IM00373,Indians,Indian,COLONIAL_UMBRELLA_LABEL,colonial_umbrella,allFourVCLCombinedPerPage.json,5826255,"with, 451. Inheritance of property, 423-424. Instructions from King, 126-126. Intentions of, 621-522. Italians for glassworks, 23 -24. Levied to build fort, 191, 286-237. Levied to fight Indians, 250. Location of, directions for, 430-432. Ministers, 119. Mortality among, 58-59, 175, 229, 231-235, 237-239, 522. Number of, 520, 522, 524, 526. After massacre, 135-136, Fit to fig",seed_unreviewed,source language; never normalize to a single polity
IM00374,Indians,Indian,COLONIAL_UMBRELLA_LABEL,colonial_umbrella,allFourVCLCombinedPerPage.json,5826455,"50. Location of, directions for, 430-432. Ministers, 119. Mortality among, 58-59, 175, 229, 231-235, 237-239, 522. Number of, 520, 522, 524, 526. After massacre, 135-136, Fit to fight Indians in 1623, 21f, In 1623, 215, 237. Investigated, 153. Sent in four years, 215. Passes required for travel of, 446. Praised, 147. Property, owuership of, 423 424. Provisions to be sent w",seed_unreviewed,source language; never normalize to a single polity
IM00375,Indians,Indian,COLONIAL_UMBRELLA_LABEL,colonial_umbrella,allFourVCLCombinedPerPage.json,5827937,"571 To examine affairs of, 85-86, 122, 216- YAS, 241, 255, 262, 403, 403, 436, 487, 510, 546, 575-580. Report from on coluny delayed, 262- 2638. From the Duteh States, 569, Hollanders, 167. Indians: To fight, 250-251, Trade with, 189, 470. Martial Court, 105. Requested for land of inheritance, 102. Shipping, 190, 460, 461, 462, 463, 509, 526- 527, 541, 567, 508. Spanish wreck, 540. Su",seed_unreviewed,source language; never normalize to a single polity
IM00376,Indians,Indian,COLONIAL_UMBRELLA_LABEL,colonial_umbrella,allFourVCLCombinedPerPage.json,5829140,"regulate swearing and drunkenness, 18. Trade: Tobacco, 488-489, To Captain Ralph Hamor, 447-448. To Captain William Tucker concerning rates of commodities, 445-446. To Gilbert Peppet with Indians, 189. To Rawleigh Croshaw with Indians, 470. Commissioners. Tobacco trade, 50. To investigate Company in London, 253- 256. Conimissioners and Adventurers of Company. Petition to Privy C",seed_unreviewed,source language; never normalize to a single polity
IM00377,Indians,Indian,COLONIAL_UMBRELLA_LABEL,colonial_umbrella,allFourVCLCombinedPerPage.json,5829179,"Trade: Tobacco, 488-489, To Captain Ralph Hamor, 447-448. To Captain William Tucker concerning rates of commodities, 445-446. To Gilbert Peppet with Indians, 189. To Rawleigh Croshaw with Indians, 470. Commissioners. Tobacco trade, 50. To investigate Company in London, 253- 256. Conimissioners and Adventurers of Company. Petition to Privy Couneil to collect money due, 487-488,",seed_unreviewed,source language; never normalize to a single polity
IM00378,Indians,Indian,COLONIAL_UMBRELLA_LABEL,colonial_umbrella,allFourVCLCombinedPerPage.json,5831498,"King. 540 Powder, need of, 528, 545, 568, 569. Powder sent by Company, 641, Shot, 278, 281, 383, 385, 475. Swords, 279, 281. Bacon, 233. Barrels, 278, 280, 282. Beads, used in dealing with Indians, 98-99. Beans, 7. Beaver skins, 166. Beef, 41, 58, 59, 60, 235. [combined_page=2679] 596 Commodities: Continued. Beef net, 2272 seat a Suel bela. 1 Beer, 59, 65, 78, 100, 109, 161, 22",seed_unreviewed,source language; never normalize to a single polity
IM00379,Indians,Indian,COLONIAL_UMBRELLA_LABEL,colonial_umbrella,allFourVCLCombinedPerPage.json,5832138,"dles, 220, Cask, 280, Caitle, 12, 66, 71, 104, 125, 360, 382, 883, 385, 438, 511, 416, 517. Accounting of, 15, 94, 566. Prom England, 82, 177, 179, 432. Tnerease among, 422, Killed by Indians, 67, 118, 188, 476, 524, Mortality among, 229, 283, 234, 235, 238. Plenty of, 4. Price of, 126, 285. Punishment for stealmg, 284. Scarcity of, £20. State of after massacre, 131-134,",seed_unreviewed,source language; never normalize to a single polity
IM00380,Indians,Indian,COLONIAL_UMBRELLA_LABEL,colonial_umbrella,allFourVCLCombinedPerPage.json,5833266,"280, Corn, 16, 65, 102, 103, 104, 108, 116, 118, 143, 149, 176, 178, 221 Accounting of, desired, 126. Bond paid in, 288. Dependence on, 92, 289. Diet of, insufficient, 175. For relief, 247. Indians deprived of, 10, 71, 74, 450, 508. Indians’ destroyed, 9, 87, 222, 250, 450, 507, 508, 569. Indians seek peace to grow, 98-99, Tudians’ trade, 470. Indians’ trade forced, 7, 189, 515. India",seed_unreviewed,source language; never normalize to a single polity
IM00381,Indians,Indian,COLONIAL_UMBRELLA_LABEL,colonial_umbrella,allFourVCLCombinedPerPage.json,5833309,"118, 143, 149, 176, 178, 221 Accounting of, desired, 126. Bond paid in, 288. Dependence on, 92, 289. Diet of, insufficient, 175. For relief, 247. Indians deprived of, 10, 71, 74, 450, 508. Indians’ destroyed, 9, 87, 222, 250, 450, 507, 508, 569. Indians seek peace to grow, 98-99, Tudians’ trade, 470. Indians’ trade forced, 7, 189, 515. Indians, tribute from, 93. Levied, 400, 401-402,",seed_unreviewed,source language; never normalize to a single polity
IM00382,Indians,Indian,COLONIAL_UMBRELLA_LABEL,colonial_umbrella,allFourVCLCombinedPerPage.json,5833366,". Bond paid in, 288. Dependence on, 92, 289. Diet of, insufficient, 175. For relief, 247. Indians deprived of, 10, 71, 74, 450, 508. Indians’ destroyed, 9, 87, 222, 250, 450, 507, 508, 569. Indians seek peace to grow, 98-99, Tudians’ trade, 470. Indians’ trade forced, 7, 189, 515. Indians, tribute from, 93. Levied, 400, 401-402, 407. Levied for forts, 401, 441. Levied for minister, 40",seed_unreviewed,source language; never normalize to a single polity
IM00383,Indians,Indian,COLONIAL_UMBRELLA_LABEL,colonial_umbrella,allFourVCLCombinedPerPage.json,5833422,"sufficient, 175. For relief, 247. Indians deprived of, 10, 71, 74, 450, 508. Indians’ destroyed, 9, 87, 222, 250, 450, 507, 508, 569. Indians seek peace to grow, 98-99, Tudians’ trade, 470. Indians’ trade forced, 7, 189, 515. Indians, tribute from, 93. Levied, 400, 401-402, 407. Levied for forts, 401, 441. Levied for minister, 404. Litigation about, 510-511. Joaned to fellow planters,",seed_unreviewed,source language; never normalize to a single polity
IM00384,Indians,Indian,COLONIAL_UMBRELLA_LABEL,colonial_umbrella,allFourVCLCombinedPerPage.json,5833458,"dians deprived of, 10, 71, 74, 450, 508. Indians’ destroyed, 9, 87, 222, 250, 450, 507, 508, 569. Indians seek peace to grow, 98-99, Tudians’ trade, 470. Indians’ trade forced, 7, 189, 515. Indians, tribute from, 93. Levied, 400, 401-402, 407. Levied for forts, 401, 441. Levied for minister, 404. Litigation about, 510-511. Joaned to fellow planters, 105, 514. Pianting regulated, 6-7,",seed_unreviewed,source language; never normalize to a single polity
IM00385,Indians,Indian,COLONIAL_UMBRELLA_LABEL,colonial_umbrella,allFourVCLCombinedPerPage.json,5834077,"y of, 12, 13, 62, 107, 115, 121, 216, 226, 230, 236, 238, 260, 520, 535. Storage of, for public uses, 452. ‘faxed, 284-285. Trade, commission to, 447-448. Trade in, 312, 275-276. Trade with Indians for, 189, 470. Wages paid in, 288, 457. Cows, 115. Deer. See Venison. [combined_page=2680] INDEX Commodities: —Continned. Development of, 436. Diamonds, 166, Earths, 109. Firkin, 279,",seed_unreviewed,source language; never normalize to a single polity
IM00386,Indians,Indian,COLONIAL_UMBRELLA_LABEL,colonial_umbrella,allFourVCLCombinedPerPage.json,5836975,"l, 283-284. Profitable to Company, 154. Quarries, 374, 376. Raisins, 220. Relief, subscribed for, 245 246, Rice, Roots, 583. Royal monopolies, 27. Runlet, 279, 280, 281, 282. Sack, 14, 272. Indians poisoned with, 221-222. Price of, 271-272. Salt, 176. Salt works, run successfully privately, 144. Sassafras, 15, 82, 139, 149, 270, 521. Levied by Company, 99, 237, Order or warrant for, 2",seed_unreviewed,source language; never normalize to a single polity
IM00387,Indians,Indian,COLONIAL_UMBRELLA_LABEL,colonial_umbrella,allFourVCLCombinedPerPage.json,5849054,"5-146, 5OL-S04. Criticized, 110-111, 161. Declaration of state of Virginia by them answered, 130-151. Defeuse of behavior of colunists, 10-14. Defined, 368, 370. Food supply reported, 18-£, Indians, actions in defense against, 159, Laws and orders, 180, 580-585. Letters from: Commissioners to Virginia, 40. Company, 163-164. Letters to: Commissioners far Virginia, 562-567, Henry, Visco",seed_unreviewed,source language; never normalize to a single polity
IM00388,Indians,Indian,COLONIAL_UMBRELLA_LABEL,colonial_umbrella,allFourVCLCombinedPerPage.json,5850225,"-421. [combined_page=2686] INDEX Council in Virginia—Continued. Price setting, 271-272. Proclamations: Against stealing, 283-284. Concerning payment of debts, 273. Forhidding trade with Indians, 275-276. Rates of commodities, 444. To levy men for forts, 129-130. Punishment awarded by, 118. Right of Company to have, 360, 367, 389, 393. Seattering of settlements advised against,",seed_unreviewed,source language; never normalize to a single polity
IM00389,Indians,Indian,COLONIAL_UMBRELLA_LABEL,colonial_umbrella,allFourVCLCombinedPerPage.json,5853539,"489-490, Stealing, 59, 283-284. Crofte, Sir Herbert, 363. Cromwell, Henry, 865. Cromwell, Sir Oliver, 157, 368, 369. Croshaw, Rawleigh, Captain, 22, 364, 558, 585. Commission to trade with Indians, 470. Crosley, William, 364. Cross-petition, 112. Crowe, John, 210. Cuffe, —, 291. Culle, Juhu, 245, 358, 359, 361, 398, 406, 407. Cuffs. See under Commoditics, clothes. Culpepper, John, 30",seed_unreviewed,source language; never normalize to a single polity
IM00390,Indians,Indian,COLONIAL_UMBRELLA_LABEL,colonial_umbrella,allFourVCLCombinedPerPage.json,5854253,"4. Cutler, Thomas, 366. Cuits, Sir John, 157. INDEX Dade, John, 553. Dale, Lady (Dayle), 8, 210. Her situation explained during massacre, 12. Dale, Sir Thomas, 35, 74, 98, 555, Subjugated Indians, 117-118. Dallby, 126. Damerin, John, 512. Daneing Point, 512. Dancll, —, 222. Daniel, Christopher, 556. Danicll, Alluin, 290. ' Danvers, Sir John, 198, 358, 359, 361, 398, 405. Auditor o",seed_unreviewed,source language; never normalize to a single polity
IM00391,Indians,Indian,COLONIAL_UMBRELLA_LABEL,colonial_umbrella,allFourVCLCombinedPerPage.json,5857414,"der Ships. Daffe, Geoffrey, 364. Dun, William, 365, 366. Duuthorne, Elizabeth, 5 Duppa, James, 366. Dupper, —. Poisoned many with bad beer, 65, 100, 109, Durant, John, 365. Dutch trade with Indians, 103, Butch woman, 243. Duties. See Customs dutivs. Dutton, —, 48. Dutton, Sir Thomas, 363. 58. | Duty Boys, 23, 99. Dyke, John, 20, 366. Commissioner for scttling government of Virginia",seed_unreviewed,source language; never normalize to a single polity
IM00392,Indians,Indian,COLONIAL_UMBRELLA_LABEL,colonial_umbrella,allFourVCLCombinedPerPage.json,5858168,"[combined_page=2689] 606 Edmondes, Sir Thomas, Treasurer of Household. Coun ioner for settling government af Virginia, 490, 494, 495, 497. Education: Fast India Free School, 15, 506. Of Indians, 1 Edwards, —, 214. Edwards, Anthony, 552. | Edwards, Richard, 20, 45, 46, 80, 90, 91, 291. Commissioner for setting government Virginia, 491, 494. Edwards, Robert, 246. Edwin. See under Sh",seed_unreviewed,source language; never normalize to a single polity
IM00393,Indians,Indian,COLONIAL_UMBRELLA_LABEL,colonial_umbrella,allFourVCLCombinedPerPage.json,5865478,"ernment of Virginia, 491, 491; to investigate, 575- 580. Gogh, —, messenger, 244, Gold. See wader Commodities. Gondomar, Count of, 539. Govkin, Daniel, 105, 116, 210, 456. His men killed by Indians, 229, Goose. Sce under Commodities, arms. Gore, —, 80. Gorges, Sir Ferdinando, 80. Commissioner for settling government of Virginia, 491, 494. Loss of his ship 612-514. Gorges Point, 121. G",seed_unreviewed,source language; never normalize to a single polity
IM00394,Indians,Indian,COLONIAL_UMBRELLA_LABEL,colonial_umbrella,allFourVCLCombinedPerPage.json,5870063,", Harner , 556, 557. Appointed by King to Council in Virginia, BOE, 50:3. Commission for trading, 447- 448, Council in Virginia, 17, 218, 475, 481, 509, ! 510, 518, 562, 567, 570, 574, S85. Indians attacked, 9 Patent, 210. Petition to Sir Vrancis Wratt and council concerning patent, 182 483. Poverty of, 110. Hagvor, Ralph, finder, 40a. INDEX , Hatnore, Robert, 365. Hanson, William",seed_unreviewed,source language; never normalize to a single polity
IM00395,Indians,Indian,COLONIAL_UMBRELLA_LABEL,colonial_umbrella,allFourVCLCombinedPerPage.json,5874625,"ey, John, 363. Huntt, Thomas, 365. Hurd, Edward, 211. Hurleston, John, Captain, 555, 557. Hutchins, Robert, 557. Ibbison, Percival, 557. Indenture. Of a lease, 97. John Loyde'’s, 128-129. Indians, 109, 115, 117, 159, 161, 186, 421, 493, 512. Armed, 61, 180. Captives with, 41, 232. Returned, 98-99, 102. Woinen enslaved, 238. —, Captain, 363. | Cattle killed by, 188. Controlled by",seed_unreviewed,source language; never normalize to a single polity
IM00396,Indians,Indian,COLONIAL_UMBRELLA_LABEL,colonial_umbrella,allFourVCLCombinedPerPage.json,5875917,"Warfare, manner of, 451. Warfare with, 23, 89, 147, 151, 158, 216, 235, 250-251, 572. Diffienities of, 67, 73, 237, 251, 528, 566, 568. Warning against, 167-168, Indies, 483. Infidels. See Indians. Ingram, Sir Arthur, 157, 239, 240. Inn, building of, 104, Invoice of goods sent to Virginia by John Harri- son in the Marmaduke, 278-283. Treland, 85, 251, 244, 862, 375, 429, 501, 502, 54",seed_unreviewed,source language; never normalize to a single polity
IM00397,Indians,Indian,COLONIAL_UMBRELLA_LABEL,colonial_umbrella,allFourVCLCombinedPerPage.json,5889443,"Massa, Sir William, 214. Matepany (Mattapony) River, 50s. Mathews, Samuel, Captain, 70, 111, 210, 405, 535, 3, 006, O67. Appuinted by King to Council in Vi 501, 503. Cominission to fight Indians, 240-251. Maude, Josiuh, 266. Manrisson, Sir Richard, 254. Mawuitt, Olto (Manduit), 364. Mawtam, James, 360. May, Coruclius, 557. May, Sir Humpbrey, Chancellor of Duehy of ancaster, 157, w",seed_unreviewed,source language; never normalize to a single polity
IM00398,Indians,Indian,COLONIAL_UMBRELLA_LABEL,colonial_umbrella,allFourVCLCombinedPerPage.json,5898171,"nd (Pears Peirce, Goorge (Pe (Peirce, Jerome (Pes [combined_page=2704] INDEX Veiree, Perce, Perse, Pearecy), 107, 108, 556, 585- Conunission as Captain of Guard, 209. Commission te fight Indians, 250-251. Governor of Jamestown, 111. Order to levy corn and tabacco, 401-402. Warrant to levy tobacea and corn, 101. Peirs, —, 210. Peirsman, Thomas, 60. Pelham, Henry, 210. Pemberton, —,",seed_unreviewed,source language; never normalize to a single polity
IM00399,Indians,Indian,COLONIAL_UMBRELLA_LABEL,colonial_umbrella,allFourVCLCombinedPerPage.json,5898656,". Pennerstone, —, 20. Pennington, Robert, 365. Penreis, Jahn. Petition eonreriing trade, Pensions, 584. Pepper. See wider Commaiiities. Peppett, Gilbert, 517, 557. Comtnission to trade with Indians, 189. Peree,—, 201, Perkin, Thomas, 364, Perkins, Arai, 365. Perkins, Sir Cliristopher, 363. Perrott, Sir James, 157. Verruck, William, 228. Perry, —, 257, Perry, George, 556. Perry, Willia",seed_unreviewed,source language; never normalize to a single polity
IM00400,Indians,Indian,COLONIAL_UMBRELLA_LABEL,colonial_umbrella,allFourVCLCombinedPerPage.json,5901256,"ts. See Contracts and under Com- inailities, tobacco. Council, See Council in Virginia. Debts; lee te prov, Bshelsh, Defense of, 10, 66-67, 78, 421-423, 428, 436, 454, 474-475, 499. Against Indians, 75, 108-109, 159, See also Commoditics, arms; and Plan-~ tation, fortitications. Finances, investigation of, 184, 152, 563. Foud scarcity, 228-236, 238-239, 528. Relief of, 244. Food situa",seed_unreviewed,source language; never normalize to a single polity
IM00401,Indians,Indian,COLONIAL_UMBRELLA_LABEL,colonial_umbrella,allFourVCLCombinedPerPage.json,5901601,", 238-239, 528. Relief of, 244. Food situation, 68-60, 62, 184, 216. Form of policy for Virginia, 408-435. Fortification, 4, 12, 16, 109, 128, 129, 150, 236, 237, 254, 270, 412, 454, Ag st Indians, 75. Building of, 74, 100, 102, 229. Directions for, 433-435 In ruins, 179, 217, 259-260. Men levied for, 129-130, 236-237, 441-442. Need of, 260, Datisadoes, 104, 583. Prey us levi",seed_unreviewed,source language; never normalize to a single polity
IM00402,Indian,Indian,COLONIAL_UMBRELLA_LABEL,colonial_umbrella,allFourVCLCombinedPerPage.json,5902352,"04. Officers. See below. Orders. See Orders, Petitions. See Petitions, Provlamations. See Proclamations. Warrants. See Warrants, See alvo Government. History of, 520-527. Housing, 184, 522. Indian situation, 37-39, 98-99, 153. See Indians. Investigation of, 152-155, 464-465, 575-580. See Commissioners for Virginia, Tnvestment in, 136-137. Land, poor to be deserted, 121. See Land. Law",seed_unreviewed,source language; never normalize to a single polity
IM00403,Indians,Indian,COLONIAL_UMBRELLA_LABEL,colonial_umbrella,allFourVCLCombinedPerPage.json,5902393,"rs, Petitions. See Petitions, Provlamations. See Proclamations. Warrants. See Warrants, See alvo Government. History of, 520-527. Housing, 184, 522. Indian situation, 37-39, 98-99, 153. See Indians. Investigation of, 152-155, 464-465, 575-580. See Commissioners for Virginia, Tnvestment in, 136-137. Land, poor to be deserted, 121. See Land. Laws, 146, 186, 580-585. Made in, 438, 514-51",seed_unreviewed,source language; never normalize to a single polity
IM00404,Indians,Indian,COLONIAL_UMBRELLA_LABEL,colonial_umbrella,allFourVCLCombinedPerPage.json,5907499,". See under Commodities, clothes. Poliey, form of for Virginia, 408-435. Pollington, John, 257, 546, 555, Poll tax, 99. Pomunkie. See Pamunkie. Ponunka, 451. Poole, Robert. Interpreter with Indians, 98. Petition to Sir Francis Wyatt for wages, 457-458. Poole, Thomas, 556. Pooley, Grivell, 402. Marriage contract, 218 220. Pope, —, 511. Pope, Thomas, 222. Popery, 509, Popham, George, 36",seed_unreviewed,source language; never normalize to a single polity
IM00405,Indians,Indian,COLONIAL_UMBRELLA_LABEL,colonial_umbrella,allFourVCLCombinedPerPage.json,5908679,"0, 564. Maids, account for, 15, 453. [combined_page=2708] INDEX Pountis—Continued. Messenger from General Assembly in Vir- ginia tu Privy Council, 474, 476, 584, 585. Pinnace destroyed by Indians, 10, 61, 89, 108, 450. Shipowner, 95. Viee-admiiral's tenants, 185. Poverty, causes of iu Colony. Nee erofes Vian tation. Powder. Sce wnder Cammoadities, arms. Powell, ditin, Powell, Wi",seed_unreviewed,source language; never normalize to a single polity
IM00406,Indians,Indian,COLONIAL_UMBRELLA_LABEL,colonial_umbrella,allFourVCLCombinedPerPage.json,5910741,"f directed by, 268, £53. Tobacco affairs, 53-57, 63, 485-489. Privy councillors, 212. Proclamation, 224, By governor: Commodity prices, 271-273, 569-370, Corn planting, 172-173. Debts, 273, Indians, treatment of, 167-168. Levy of men for fort, 129-130. Stealing of domestic animals, 283-284. Trade for corn forbidden, 275-276, Viees, 15, 583. Procter, George, 3115, Procter, John (Procto",seed_unreviewed,source language; never normalize to a single polity
IM00407,Indians,Indian,COLONIAL_UMBRELLA_LABEL,colonial_umbrella,allFourVCLCombinedPerPage.json,5912443,"487. Ministers, 621, $22, 625, 626, 51. HM) eatastdedsitiets, WL. Order to keep 22d of March holy, -W. Parsonages, Lt. Popery, 509. To be preached in eolony, 412-413. To he spread among Indians, 85, 531. Teapot 15"" Royner, Marmaduke, Jiro ia Taieeealier tel, thon ities. Lo suopimet servants in colony, 248 Reynolds, Henry, 36-L for Tee 20a aS; eat! of Kate's Beneli, td.",seed_unreviewed,source language; never normalize to a single polity
IM00408,Indians,Indian,COLONIAL_UMBRELLA_LABEL,colonial_umbrella,allFourVCLCombinedPerPage.json,5917185,"64. Sandys, Sir Samuel, 161, 863. Letter from George Sandys, 73-75. Sandys, Thomas, 3t-4. Sansapen, 9. Sassafras. See wader Commodities. Savage, Thomas, Ensign, 276, 514, 559. Savages. See Indians. Saw-mills. See under Caomuioditics. Saws. See under Commodities, tools. Saxon, 434. School, East India Free, , 566. Scotlaud, $5, 251, 362, 374, 501, 502 Scatt, —, 48, 204, 291, Seatt,",seed_unreviewed,source language; never normalize to a single polity
IM00409,Indians,Indian,COLONIAL_UMBRELLA_LABEL,colonial_umbrella,allFourVCLCombinedPerPage.json,5921611,"t, Under Chamberlain, $1. Smith, Roger, Captain, 556, Couneil in Virginia, 17, 7, 101, 103, 215, 390, 442, 4 475, 481, 501, 51S, 567, 570, Fort, in charge of building, 1 188, 101, 229, 454. Indians attacked by, 222. Oyster beds, 100. Smith, Samuel, sue. Sruith, William, tenant, 104. smithes Tribe, 121. I Stovth: wth 00, 129-120, [combined_page=2713] 630 Sinythe, Sir Thomas, Govern",seed_unreviewed,source language; never normalize to a single polity
IM00410,Indians,Indian,COLONIAL_UMBRELLA_LABEL,colonial_umbrella,allFourVCLCombinedPerPage.json,5922123,"nissioner for settling government in Virginia, 490, 404, 497, 498. Complaints of, 207, 488, 476, 538, 534, 541, SAR. Complaints of conditions in his government, IS!, 223, 538. Control of Indians, 135. His govermnent praised by implications, 136, 187, 140, 150, 151, 152, 154, 159, 178, 179, 215, 217. Investigation of his accounts, 224-226. Note of meu sent tu Virginia in his time",seed_unreviewed,source language; never normalize to a single polity
IM00411,Indians,Indian,COLONIAL_UMBRELLA_LABEL,colonial_umbrella,allFourVCLCombinedPerPage.json,5930102,"dity prices, 271-273. [combined_page=2716] INDEX 633 Trade-—Continued. | Tucker—Continued. Proclamation forbidding private trade in ‘ Payment of debts tn, 273. corn, 275-276. i Poisoning Indians, 221-222. Relations with Duteh ships, 108. ' Warrants: With French, 103. To collect taxes, 284-286. With Indians, 399, 448; forced, 7, 189. To conduct election, 448-449. Scoala dader Commod",seed_unreviewed,source language; never normalize to a single polity
IM00412,Indians,Indian,COLONIAL_UMBRELLA_LABEL,colonial_umbrella,allFourVCLCombinedPerPage.json,5930215,"ding private trade in ‘ Payment of debts tn, 273. corn, 275-276. i Poisoning Indians, 221-222. Relations with Duteh ships, 108. ' Warrants: With French, 103. To collect taxes, 284-286. With Indians, 399, 448; forced, 7, 189. To conduct election, 448-449. Scoala dader Commodities. i To distrain goods of defaulters, 407. Tradesicant, John, 229. To levy soldier, 292, Transportation. Tuck",seed_unreviewed,source language; never normalize to a single polity
IM00413,Indians,Indian,COLONIAL_UMBRELLA_LABEL,colonial_umbrella,allFourVCLCombinedPerPage.json,5930953,"Adventurers and | Turner, Richard, 364. Planters af the Ciilie of London for the first | Turrcll, Francis, 364, Cotany in Virginia, 207. Tutlebin, Edmond, 509. Treaty, perfidious one with Indians, 71. _ Tutehin, Simon, Treavor, Thomas, 147. i Accused of popery, 509. Tree, Richard, 537. : Unitie. See under Ships. Trenches, 259, ‘ fumastinge of Vigra, The, 20, 287, wa, Mt Tressell, —,",seed_unreviewed,source language; never normalize to a single polity
IM00414,Indians,Indian,COLONIAL_UMBRELLA_LABEL,colonial_umbrella,allFourVCLCombinedPerPage.json,5932003,"Nicholas, 365. Commodity rates, 445 446. Vere, Sir Horatio, 303, 369. To examine passes and collect debts of | Vertue, Christopher, 31a, passcugers on ships, 446. Victory, Lodwine. To fight Indians, 250 251, Petilion to governor for wage To voyage 1p Pamunkey River, 190. Vincent, Henry, 366, Instructions from governor in Virginia, 6-8. Vineent, Willian, 543. Lotter from governor, 444-",seed_unreviewed,source language; never normalize to a single polity
IM00415,Indians,Indian,COLONIAL_UMBRELLA_LABEL,colonial_umbrella,allFourVCLCombinedPerPage.json,5934629,"Council ia Virginia, 70, homet Lon de 899, 445, 447, 455, 503, 509, 518, 562, 567, 570, 574, 585. West, John, 365. West, John, Captain, 9. West, Nathaniel, Captain. Commission to fight Indians, 250-251. Western Islands, 460. 20 208, 207, 233, 436, 469, 539, Westminster, 358, 359, 361, 362, 367, 369, 371, 872, 374, 375, 378, 379, 880, 382, 384, 3S6, 386, 389, 397, 405, 497, 501,",seed_unreviewed,source language; never normalize to a single polity
IM00416,Indians,Indian,COLONIAL_UMBRELLA_LABEL,colonial_umbrella,allFourVCLCombinedPerPage.json,5937393,", Tedd aban Conimissinuer for settling government of Virginia, 401, 404, 497. Women Account for tusids sent to colany, 453, 564. Bigamy, 457. ity maids, 99. Cornplatit « 4 Kept as slaves by Indians, 238. Kind sent to Virginia, $2. Laund pay, 231, Maids, t ation of, 16. Need of in sickuess, 231. Ransomed from Indians, 473. | Return on investment in, 265-206 Wives, 522. Wood, —, 291. Wo",seed_unreviewed,source language; never normalize to a single polity
IM00417,Indians,Indian,COLONIAL_UMBRELLA_LABEL,colonial_umbrella,allFourVCLCombinedPerPage.json,5937513,"53, 564. Bigamy, 457. ity maids, 99. Cornplatit « 4 Kept as slaves by Indians, 238. Kind sent to Virginia, $2. Laund pay, 231, Maids, t ation of, 16. Need of in sickuess, 231. Ransomed from Indians, 473. | Return on investment in, 265-206 Wives, 522. Wood, —, 291. Wood, Thomas, 368. Wood, Thomas, Captain, 864. Woodall, —, 15, 81, 187, 291, 541. Woodall, John, 20, 238, 364. Captain (W",seed_unreviewed,source language; never normalize to a single polity
IM00418,Indians,Indian,COLONIAL_UMBRELLA_LABEL,colonial_umbrella,allFourVCLCombinedPerPage.json,5939003,"e of colony, 228-229, 232 233. Ship overcrowded, 160. Wyatt, Sir Francis, Governor, 117, 159, 186, 211, 226, 265, 460, 461, 4638, 464, 557, 562. Commissions: Captain of Guard, 209. To fight Indians, 250-251. Fort, building of, 188. Government in his absence, 399-400. To Sir George Yeardley, 18. ok. See algo Worsten- INDEX Wyatt, Sir Francis, Governor—Continued. Commissivucrs—Conti",seed_unreviewed,source language; never normalize to a single polity
IM00419,Indians,Indian,COLONIAL_UMBRELLA_LABEL,colonial_umbrella,allFourVCLCombinedPerPage.json,5940326,"5 4156, 456-457, 457-458. Proclamations: Commodity rates, 271-273. Debts, 273. Ordering each planter to produce corn for himself, 172-173. Stealing, 283-284. Trade, 275-276. Warning against Indians, 167-168. [combined_page=2720] INDEX Wyatt, Sir Francis, Governor —Continued. Warrants: Collect salary, 404. Debt, 402. Distrain goods on defaniters, 407. Lleetions and 448 449, Levy cor",seed_unreviewed,source language; never normalize to a single polity
IM00420,Indians,Indian,COLONIAL_UMBRELLA_LABEL,colonial_umbrella,allFourVCLCombinedPerPage.json,5941312,"8. Council in Virginia, 17, 101, 103, 120, 111, 218, 399, 441, 442, 445, 405, 475, 481, ou, 510, 518, 562, 567, 585. Appointed by King, 501, 513. Dispute with Captain Jotun Martin, S10 517. Indians: Defense against, 10. Dishonorable peace with, 178, 15. Fighting with, 9, L1, 118 Trade with, 6-7, Investigation of business with Company, atl. Patent, 210. Reports of colony, 184, 186, 73.",seed_unreviewed,source language; never normalize to a single polity
IM00421,savages,Savage,COLONIAL_UMBRELLA_LABEL,colonial_umbrella,allFourVCLCombinedPerPage.json,92918,"was secured to him. His contracts were made in May, 1618, with John Bargrave and James Brett. There is also his warrant to John Fenner to pass to Virginia and trade with the colony and the savages in his pinnace Silver Falcon, in February, 1618/19.¢ The other series of documents, which illustrate the legal forms and methods of the company, as also the way in which the first plantati",seed_unreviewed,source language; retain only as quoted mention text
IM00422,savages,Savage,COLONIAL_UMBRELLA_LABEL,colonial_umbrella,allFourVCLCombinedPerPage.json,771104,"teenth Report, pt. 2, p. 279. FEBRUARY 15 99.* Lord Zouch. A warrant for Jobo Fenner, captain of ‘‘Silver Falcon,’’ and Henry Bacon, master, to pass to Virginia, and trade with colony and savages. PRO. [NY] VI. Ref: State Papers, Colonial, James I, Vol. I, No. 44. Pub; Sainsbury, Calendar of State Papers, Colonial, p. 21. Transcript, New York Public Library, Bancroft Papers, I, pp.",seed_unreviewed,source language; retain only as quoted mention text
IM00423,savages,Savage,COLONIAL_UMBRELLA_LABEL,colonial_umbrella,allFourVCLCombinedPerPage.json,832143,"p. 202. Pub: Sainsbury, Calendar of State Papers, Colonial, p. 31. JULY 13 349. John Chamberlain. A letter to Sir Dudley Carleton, concerning a ship arrived from Vir- vinia with news that savages have by surprise slain 350 (circum) of the English. PRO. VII. Ref: State Papers, Domestic, James I, Vol. 132, No. 38. Pub: Sainsbury, Calendar of State Papers, Colonial, p. 31. JULY 14 35",seed_unreviewed,source language; retain only as quoted mention text
IM00424,savage,Savage,COLONIAL_UMBRELLA_LABEL,colonial_umbrella,allFourVCLCombinedPerPage.json,871197,"ry, Calendar of State Papers, Colonial, p. 45. 497.* {PROBABLY BEFORE MAY 7] 498.* Governor in Virginia. Proclamation of the governor and captain-general of Virginia to be careful of the savage treachery. LC. Ref: MS. Records, Virginia Co., III, pt. ii, p. 47%. MAY 9 499.* Privy Council. Commission to Sir William Jones, Sir Nicholas Fortescue, Sir Thomas Gofton, Sir Richard Sutt",seed_unreviewed,source language; retain only as quoted mention text
IM00425,savages,Savage,COLONIAL_UMBRELLA_LABEL,colonial_umbrella,allFourVCLCombinedPerPage.json,938107,"AUGUST 9 714. Robert, Earl of Warwick. A letter to Secretary Conway, sending Mr. Pory with the com- mission {for Virginia], to desire him to put out Mr. Pott’s name, who was a poisoner of savages there and hence unfit for State business; and asking him to remind the King to write Mr. Attorney to put Mr. Bing on the Commission according to promise. VII. Ref: State Papers, Colonial, J",seed_unreviewed,source language; retain only as quoted mention text
IM00426,Savage,Savage,COLONIAL_UMBRELLA_LABEL,colonial_umbrella,allFourVCLCombinedPerPage.json,2681069,"ia, I, 450, 453, 468. To be supplied tenants, II, 541, Sandys, Henry. Adventure, II, 327. Sandys, Sir Samuel, II, 452. Enforced importation of commodities, I, 565. Entering courts, IT, 441. Savage, ——,, I, 504. Saville, William. Land, I, 622. Scott, George. Adventure transferred, IT, 389, 412. Anditor, TI, 536. ComMMITTEEs: Price of commodities, II, 466. Importation of Spanish tobacc",seed_unreviewed,source language; retain only as quoted mention text
IM00427,Savages,Savage,COLONIAL_UMBRELLA_LABEL,colonial_umbrella,allFourVCLCombinedPerPage.json,2797299,"alwaies watch and longe boate that may be ready to take y® alarii and able to cary away o? men, and munition if you shall not be able to defend it. Besides it is not safe to lett any of the Savages dwell betwene you and the Sea— least. they be made guides to yo"" enemies. To this Cofaunde wee desire Captaine Smyth may be allotted aswell for his earnest desire as the greate confidence &",seed_unreviewed,source language; retain only as quoted mention text
IM00428,Savages,Savage,COLONIAL_UMBRELLA_LABEL,colonial_umbrella,allFourVCLCombinedPerPage.json,2804106,"fence punishe severely haue also especially [combined_page=1298] MAY, 1609 21 regard that no arte or trade tendinge to armes in any wise as Smythey Carpentry of or such like be taught the Savages or vsed in their Presence as they may learne therein: 24 Hauinge deduced yo' Colony into Severall seates and plantaéons that may comodiously answere and receiue one another you must devide",seed_unreviewed,source language; retain only as quoted mention text
IM00429,savages,Savage,COLONIAL_UMBRELLA_LABEL,colonial_umbrella,allFourVCLCombinedPerPage.json,2819226,"h in this tendernes and infancy yo"" Lo” must be especially solicitous and watehfull. (205] 8. Yt is very expedient that your Lo? w'h all diligence indeavot the conu%sion of the natiues and savages to the knowledge and worship of the true god and theire redem? Christ Iesus as the most pious and noble end of this plantaton w*h the better to effecte yo"" are to procure from them some of",seed_unreviewed,source language; retain only as quoted mention text
IM00430,Savages,Savage,COLONIAL_UMBRELLA_LABEL,colonial_umbrella,allFourVCLCombinedPerPage.json,2958368,"2° offence a month 3a year & a day 10. May 1618. XLV. Governor ArGatt, Proc LaMations or Epicts May 18, 1618 For Reference, See No. XXIII List of Records No. 75 Agt private Trucking with Savages & pulling down pallisadoes Ag‘ teaching Indians to shoot wt® guns on pain of death to learner & teacher and how to hunt deer or hogs without Gov™ leave to go armed to Church & to work, ke",seed_unreviewed,source language; retain only as quoted mention text
IM00431,Savages,Savage,COLONIAL_UMBRELLA_LABEL,colonial_umbrella,allFourVCLCombinedPerPage.json,2959155,"defence of himself agt Enemies till a new supply of ammunition comes on pain of a years Slavery None to go aboard y* Ship now at Ja. Town without y* Gov' leave No trade with y° perfidious Savages nor familiarity lest they discover our weekness 18 May 1618 128833 8 [combined_page=1373] 94 RECORDS OF THE VIRGINIA COMPANY XLVI. Str Epwin Sanpys, Henry TIMBERLAKE, JOHN FERRAR. MEETIN",seed_unreviewed,source language; retain only as quoted mention text
IM00432,savage,Savage,COLONIAL_UMBRELLA_LABEL,colonial_umbrella,allFourVCLCombinedPerPage.json,3108448,"University and Colledge, they will sende, when they shall thinke it most convenient, workmen of al! sortes, fitt for that purpose, The sixte and laste is, they wilbe pleased to change the savage name of Kiecowtan, and to give that Incorporation a new name. These are the general Petitions drawen by the Comitties out of the two former bookes which the whole general assembly in maner",seed_unreviewed,source language; retain only as quoted mention text
IM00433,Savage,Savage,COLONIAL_UMBRELLA_LABEL,colonial_umbrella,allFourVCLCombinedPerPage.json,3141811,"should be condemned to performe seven years service to the Colony in the nature of Interpreter to the Governour. This sentence being read to Spelman he, as one that had in him more of the Savage then of the Christian, muttered certaine wordes to himselfe neither shewing any remorse for his offenses, nor yet any thankfulness to the Assembly for theire sofavourable censure, which he",seed_unreviewed,source language; retain only as quoted mention text
IM00434,Savages,Savage,COLONIAL_UMBRELLA_LABEL,colonial_umbrella,allFourVCLCombinedPerPage.json,3750373,"by they may growe to a likeing and loue of Ciuillty, and finallie bee brought to the knowledge and loue of god and true religion, w may proue also of great strength to o° people against the Savages or other Invadors whatsoeu?: And they may bee fitt Instruments to assist afterwards in the more gennerall Conversion of the Heathen people w""® wee somuch desier. 6 Item that for y* laying",seed_unreviewed,source language; retain only as quoted mention text
IM00435,Savages,Savage,COLONIAL_UMBRELLA_LABEL,colonial_umbrella,allFourVCLCombinedPerPage.json,3939087,"ly. He thought nothing too deare for them, and as being desirous to binde them vnto him by his many courtesies, hee neuer denyed them any thing that they asked him, insomuch that when these Savages complained vnto him of the fiercenesse of our Mastiues, most implacable and terrible vnto them, (knowing them by instinct it seemes, to be but treacherous and false-hearted friends to vs, b",seed_unreviewed,source language; retain only as quoted mention text
IM00436,Savage,Savage,COLONIAL_UMBRELLA_LABEL,colonial_umbrella,allFourVCLCombinedPerPage.json,4270920,"the benefit, a tg ah but all the whole Collonye since; whoe had perished had it not bene dis- greate Canowes couered before S' George Yardley came in by my Aunchient Thomas!#den ¥' these Savage & servant¢, besides necessitie hath made those Savages more notes industrious then any other Indians in ot Baye, w* followeth to appeare in this seacond pfitt. first by Varringe them of t",seed_unreviewed,source language; retain only as quoted mention text
IM00437,Savages,Savage,COLONIAL_UMBRELLA_LABEL,colonial_umbrella,allFourVCLCombinedPerPage.json,4270974,"; whoe had perished had it not bene dis- greate Canowes couered before S' George Yardley came in by my Aunchient Thomas!#den ¥' these Savage & servant¢, besides necessitie hath made those Savages more notes industrious then any other Indians in ot Baye, w* followeth to appeare in this seacond pfitt. first by Varringe them of trade for ffor the assured ventinge of | skinns they ha",seed_unreviewed,source language; retain only as quoted mention text
IM00438,Savages,Savage,COLONIAL_UMBRELLA_LABEL,colonial_umbrella,allFourVCLCombinedPerPage.json,4273615,"oe vse for them selues the next yeare then to be sould and euery man to haue his dewe payd him. [combined_page=1995] DECEMBER 16, 1622 707 My reason for the first is yt by this meanes the Savages shalbe frustrated The infinate of all meanes of buyinge any manner of victualls, and clothinge, but what ~ eh we a they shall haue from vs for their labo’ and industrie As alsoe beinge dis-",seed_unreviewed,source language; retain only as quoted mention text
IM00439,Savages,Savage,COLONIAL_UMBRELLA_LABEL,colonial_umbrella,allFourVCLCombinedPerPage.json,4274135,"acond howe benifitiall the settinge and sowinge of Corne and ee layinge vpp thereof for store, will luculently appeare by their nowe en-tymies I knowe dureinge want being disturbed by theis Savages at this tyme, And likewise 0"" W8nt thereof other vnexpected accedent@ may happen both by forrayne and domesticke =, act enymies hereafter. the like. Two Storehowses or Granaries to be ere",seed_unreviewed,source language; retain only as quoted mention text
IM00440,Savage,Savage,COLONIAL_UMBRELLA_LABEL,colonial_umbrella,allFourVCLCombinedPerPage.json,4404671,"l, 64, 88, 97, 333. [combined_page=2044] 756 Sandys, Thomas, 333, Sarier, John, 538. Sassafras. See under Commodities. Saunders, —, 44, 57. Saunders, Edmond, Lieutenant. Warrant for, 444. Savage, Thomas, Ancient, 705. Savill, William, 64. Savoy, Duke of, 219. Saw Mills, 240, 588. See also under Commodi- ties. Sawyer, John, 565. Scarff, John, 88. Searpe, John, 334. Schoolmaster, 539",seed_unreviewed,source language; retain only as quoted mention text
IM00441,Savages,Savage,COLONIAL_UMBRELLA_LABEL,colonial_umbrella,allFourVCLCombinedPerPage.json,4752387,swere that this Parenthesis of (Notwthstandinge the late Mortalitie and Massacre) is not soe slightly to be passed over secinge that in the tymes of the greatest strength and enmitye of the Savages and of the Weaknes of o Colony the like mischeife never happened as this wih hath redownded not only to the losse of the lives of soc many of his Mat® Subiect@ Ovhereof in all disasters of,seed_unreviewed,source language; retain only as quoted mention text
IM00442,savage,Savage,COLONIAL_UMBRELLA_LABEL,colonial_umbrella,allFourVCLCombinedPerPage.json,4752887,"etsae to the shaine and reproach of ao Naéon «hoc heretofore wth lesse then halfe the men that were thus butehered did dare [combined_page=2212] MALAY, 1623 135 the whole power of those savage Prinees and foreed them either to a good Corespondencie or to a yvearely Contribucon ‘and tet them shew for triall of the truith hecreof whether in the whole 12 yeeres of 8"" Thomas Sinyths",seed_unreviewed,source language; retain only as quoted mention text
IM00443,Savages,Savage,COLONIAL_UMBRELLA_LABEL,colonial_umbrella,allFourVCLCombinedPerPage.json,4762038,"of al] tame hogg is se aHteh is At is now 12"" in the Colony.||| As for those wilde hogg@ wee accounte of them as of the Deare in Virginia thinge belonginge to noe man and serue to feed the Savages or the Maryners that live idlie there, rather then the people of the Colony, whoe haue starved in the middest of this Tnagtiuary plenty, And by the end of this [9] Sumer wee facre it will t",seed_unreviewed,source language; retain only as quoted mention text
IM00444,savages,Savage,COLONIAL_UMBRELLA_LABEL,colonial_umbrella,allFourVCLCombinedPerPage.json,4783642,"h|| Theire cares haue not bene ‘Answ9|| vneffectuall wee Confesse for the Colony is nowe oppressed wth amyn and sicknes wthin and engaged in a Warre wth the Natives wthout, And whereas the savages were formerlie brovelit to good Corespondeneie |& or|] made tributarie to vs, they nowe dare maynteyne an open Warre wh o” people and beinge armed wth of Weapons and havinge learned the vee",seed_unreviewed,source language; retain only as quoted mention text
IM00445,Savages,Savage,COLONIAL_UMBRELLA_LABEL,colonial_umbrella,allFourVCLCombinedPerPage.json,4797340,"how were they compounded, or was there a generall Coneord, and agreement amongst them, and in what Tearmes stood the Collonies there at at that tyme in regard of peaec, or enmitic with the Savages. 9 Howe eame the lotteries first to be invented, and by whom, when did they beginue, who directed that buisines, and who were imployed as Agent in it, what fraud@ or abuses were comitted i",seed_unreviewed,source language; retain only as quoted mention text
IM00446,savage,Savage,COLONIAL_UMBRELLA_LABEL,colonial_umbrella,allFourVCLCombinedPerPage.json,5442822,"stian faith bee preached planted and used, not onely within everie the [combined_page=2495] BEFORE DECEMBER 7, 1623 413 sayde severall collonies, but alsoe as much as they may amongst the savage people, which doe or shall adjoyne unto them, and border uppon them, accordeing to the doctrine, rightes, religion, and eclesiasticall forme of governement now professed and established in",seed_unreviewed,source language; retain only as quoted mention text
IM00447,Savages,Savage,COLONIAL_UMBRELLA_LABEL,colonial_umbrella,allFourVCLCombinedPerPage.json,5605777,y of his Maiestye in ppagating religion to such people as then lived in darkenes and miserable ignorance of the true knowledge and Worshippe of God and might in tyme bring the Infidell¢ and Savages in those partes to human Civilitye and to a setled and quiett governement did by our tres Patentes in the fourth yere of our raigne of Englande graunte to diu®s knightes gentlemen and other,seed_unreviewed,source language; retain only as quoted mention text
IM00448,Savages,Savage,COLONIAL_UMBRELLA_LABEL,colonial_umbrella,allFourVCLCombinedPerPage.json,5610140,t our subiect€ and people sent to inhabite there and to plante themselues in that Countrye Were most of them by God@ visitaton sicknes of bodye famyne and by massacres of them by the native Savages of the lande dead and deceased and those that Were living of them lived in [miserable and lamentable necessitye and Wante but the ecountrie (for any thing appered to the saide Coffilssioner,seed_unreviewed,source language; retain only as quoted mention text
IM00449,Savage,Savage,COLONIAL_UMBRELLA_LABEL,colonial_umbrella,allFourVCLCombinedPerPage.json,5654593,thinge he never did ether by word or writting. To the fifth the ssid Defeud* suith that soone after luis arivall to be Gov- erno’ having oeca@on for the publique servie’ to employ Ensigne Savage as an Interpreto® he sent for him to the Complaynant at whose Plantaéon he then lived and saith that after the said Ensignes returne. the like oceatéon required the sendinge of him againe b,seed_unreviewed,source language; retain only as quoted mention text
IM00450,Savages,Savage,COLONIAL_UMBRELLA_LABEL,colonial_umbrella,allFourVCLCombinedPerPage.json,5685078,"we in the Colonie some great dis- tresse for victualls, exeept by speedy supply hence they be relieved. There is likewise in the Colony a most dangerous want of Powder, so great, as if the Savages should knowe the advantage they hane thereby, they might easily in one day destroy all o people. There is most extreame want of hese, shooes, & all apparrell, even to a dangerous empeachem",seed_unreviewed,source language; retain only as quoted mention text
IM00451,Savage,Savage,COLONIAL_UMBRELLA_LABEL,colonial_umbrella,allFourVCLCombinedPerPage.json,5917132,"er from George Sandys, 70-72, 239, Sandys, Richard, 364. Sandys, Sir Samuel, 161, 863. Letter from George Sandys, 73-75. Sandys, Thomas, 3t-4. Sansapen, 9. Sassafras. See wader Commodities. Savage, Thomas, Ensign, 276, 514, 559. Savages. See Indians. Saw-mills. See under Caomuioditics. Saws. See under Commodities, tools. Saxon, 434. School, East India Free, , 566. Scotlaud, $5, 25",seed_unreviewed,source language; retain only as quoted mention text
IM00452,Savages,Savage,COLONIAL_UMBRELLA_LABEL,colonial_umbrella,allFourVCLCombinedPerPage.json,5917172,"s, Richard, 364. Sandys, Sir Samuel, 161, 863. Letter from George Sandys, 73-75. Sandys, Thomas, 3t-4. Sansapen, 9. Sassafras. See wader Commodities. Savage, Thomas, Ensign, 276, 514, 559. Savages. See Indians. Saw-mills. See under Caomuioditics. Saws. See under Commodities, tools. Saxon, 434. School, East India Free, , 566. Scotlaud, $5, 251, 362, 374, 501, 502 Scatt, —, 48, 204,",seed_unreviewed,source language; retain only as quoted mention text
IM00453,native,native,COLONIAL_UMBRELLA_LABEL,colonial_umbrella,allFourVCLCombinedPerPage.json,27532,"of the entire period of its life. The object of its first undertakers was doubtless to search for minerals and for a route to the southwest, and to secure for trade the materials which were native and peculiar to those regions. The plantation was a necessity for this purpose, and incidentally, because of the character of the country, it was forced to become a colony. To estab- lish a",seed_unreviewed,source language; context may be non-Indigenous
IM00454,natives,native,COLONIAL_UMBRELLA_LABEL,colonial_umbrella,allFourVCLCombinedPerPage.json,41244,"ake choice” of tae river ‘‘ which bendeth most toward the North-West, for that way you shall soonest find the other sea,” while the choice of a healthy location, wise inter- course with the natives, and the fortification and preparation of a single settle- ment were emphasized, The chief objects, however, were to plant in a place « Printed in full, Brown, Genesis, I, 64-75. >See Cer",seed_unreviewed,source language; context may be non-Indigenous
IM00455,natives,native,COLONIAL_UMBRELLA_LABEL,colonial_umbrella,allFourVCLCombinedPerPage.json,44008,"gh hopeful of the discovery of a passage to the south sea. Further- more, Captain Newport positively stated that there could be no commerce with the Indians, and all evidence shows that the natives were to be a resource for the neces- sities of life rather than for the exchange of lucrative objects of trade. Hence it is that the broadside which was issued by the company in 1609, as an",seed_unreviewed,source language; context may be non-Indigenous
IM00456,natives,native,COLONIAL_UMBRELLA_LABEL,colonial_umbrella,allFourVCLCombinedPerPage.json,67441,"d the daily life of the inhabitants, indicate a definiteness in the control of the company which formerly was not understood. In such a revelation of the knowledge of the country and of the natives there is a «Scattering information of such a character concerning this period appears in the discussions and quarrels recorded in the later court, books. > List of Records, pp. 123-124, N",seed_unreviewed,source language; context may be non-Indigenous
IM00457,native,native,COLONIAL_UMBRELLA_LABEL,colonial_umbrella,allFourVCLCombinedPerPage.json,269766,"gnified that hee had heard the Seed of Valentia to be held generally the verie beste for that those wormes would prosp in any place, wheras y° Seede of other pts would onely thrive in their native and prop Clymate and no where else and therfore hee promised att their request to solicite some of his frend€ that should doe their best to procure (if they could) [254] some Six pound of S",seed_unreviewed,source language; context may be non-Indigenous
IM00458,Native,native,COLONIAL_UMBRELLA_LABEL,colonial_umbrella,allFourVCLCombinedPerPage.json,671425,"ny were much less valuable, although more numerous, there being seven in all. Zhe Declaration of the state of the Colony of Virginia with the Relation of the Massacre of the English, by the Native Infidells with the names of those that were Massacred, by Edward Waterhouse, was more concerned with the disaster than with the previous development of the plantation.’ A broadside is inser",seed_unreviewed,source language; context may be non-Indigenous
IM00459,natives,native,COLONIAL_UMBRELLA_LABEL,colonial_umbrella,allFourVCLCombinedPerPage.json,917991,"holas.] A letter to [John Nicholas] concerning the arrival of ships this week from Virginia and the Somers Islands, certifying the welfare of the people in Virginia still in enmity with the natives. PRO. VI. = Ref: State Papers, Domestic, James I, Vol. 160, No. 70. Pub: Sainsbury, Calendar of State Papers, Colonial, p. 59. MARCH 16 652.* Governor in Virginia. A commission to Rawleig",seed_unreviewed,source language; context may be non-Indigenous
IM00460,native,native,COLONIAL_UMBRELLA_LABEL,colonial_umbrella,allFourVCLCombinedPerPage.json,1160123,"ryeth to be trayned and brought vpp in some lawfull Trade w™ all humuanitie and centle- ness vatill the Age of one and Twenty years, and then to enioye like liberties and pryveledges w™ our native English in that place and for the better pform- ance therof yo"" shall receave 5U"" more to be delivered into the hands to two religious psons w™ securitie of payment who shall once every Qua",seed_unreviewed,source language; context may be non-Indigenous
IM00461,native,native,COLONIAL_UMBRELLA_LABEL,colonial_umbrella,allFourVCLCombinedPerPage.json,1225133,"ibbes. m’ Swifte. m’ George Sandys. m* Tomlyné. One of y* natiues The Court, takinge notice from S* William Throgmorton y* one of the - ee maides w™ S' Thomas Dale brought from Virginia a native of y* sicke Country who some times dwelt a servant w'"" a Mercer in Cheapside is now verie weake of a Consumpéon att m’ Gough¢ in the Black Friers, who hath greate care and taketh greate pai",seed_unreviewed,source language; context may be non-Indigenous
IM00462,Natives,native,COLONIAL_UMBRELLA_LABEL,colonial_umbrella,allFourVCLCombinedPerPage.json,2207782,"other y° fruits of y‘ worke doe not appear as in former times o° vnitie and peace att home is turned to Civill discord and dissenton amongst o’selvs and to Massacre and Hostility between y° Natives and our Colony in Virginia, and divers of y° Antient Adventurers and Planters conceive themselvs many wayes iniured abused and oppressed In w™ respect fearinge y‘ y* vtter ruyne and distruc",seed_unreviewed,source language; context may be non-Indigenous
IM00463,native,native,COLONIAL_UMBRELLA_LABEL,colonial_umbrella,allFourVCLCombinedPerPage.json,2211527,"them for many dayes vnregarded and vnburied. The Colony was this winter in much distress of victuall soe that English meale was sould att the rate of Thirty shillings a bushell their owne native Corne called Maize att Tenn and fifteen shillings the bushell, the w™ howsoeuer itt lay heavy vppon the shoulders of the Generallytie itt may be suspected not to be vnaffected by some of th",seed_unreviewed,source language; context may be non-Indigenous
IM00464,Natives,native,COLONIAL_UMBRELLA_LABEL,colonial_umbrella,allFourVCLCombinedPerPage.json,2211814,avy vppon the shoulders of the Generallytie itt may be suspected not to be vnaffected by some of the cheife; for they onely haueinge the means in these extremities to Trade for Corne w™ the Natives doe hereby engrosse all into their hands and soe sell itt abroad att their owne prizes and myselfe have heard from the mouth of a prime one amongst them that hee would never wish that their,seed_unreviewed,source language; context may be non-Indigenous
IM00465,Natives,native,COLONIAL_UMBRELLA_LABEL,colonial_umbrella,allFourVCLCombinedPerPage.json,2256835,nment of the Savadge Indians by w™ sundry of those Infidles and some of emynent note wer couerted to Christian Religion wheras of late there hath been a Massacre and Hostillytie between the Natives and our Colony of Virginia. [285] Herevnto wee ansvere y* itt is true that Matoar the daughter of Pohatan being taken Prisoner by Cap‘ Argall and affectinge marriage w one m* Rolf became a,seed_unreviewed,source language; context may be non-Indigenous
IM00466,Natives,native,COLONIAL_UMBRELLA_LABEL,colonial_umbrella,allFourVCLCombinedPerPage.json,2979733,our treasury granted unto you the said Captain Yeardley all that parcel of Marsh ground called Weynock and also one other peice and parcel of Land adjoining to the same Marsh called by the Natives Konwan one parcel whereof abutteth upon a Creek there called Mapseock towards the East and the other parcel thereof towards a creek there called Queens Creek on the West and extendeth in br,seed_unreviewed,source language; context may be non-Indigenous
IM00467,natives,native,COLONIAL_UMBRELLA_LABEL,colonial_umbrella,allFourVCLCombinedPerPage.json,3080669,"that people further of from our Territories by all lawfull meanes if the same be not allready don by Captaine Argall, as he scemetii to in sinuate, But for the rest mainteyne amity w‘* the natives, soe much as may be and peure their Children in good multitude to be brought vpp and to worke [combined_page=1427] 148 RECORDS OF THE VIRGINIA COMPANY amongst vs Wee are now in setting fo",seed_unreviewed,source language; context may be non-Indigenous
IM00468,natives,native,COLONIAL_UMBRELLA_LABEL,colonial_umbrella,allFourVCLCombinedPerPage.json,3119301,"r foundation of the conversion of the Indians to Christian Religion, eache towne, citty, Borrough, and particular plantation do obtaine unto themselves by just means a certine number of the natives’ children to be educated by [combined_page=1445] 166 RECORDS OF THE VIRGINIA COMPANY them in true religion and civile course of life—of which children the most towardly boyes in witt and",seed_unreviewed,source language; context may be non-Indigenous
IM00469,natives,native,COLONIAL_UMBRELLA_LABEL,colonial_umbrella,allFourVCLCombinedPerPage.json,3194127,"Iohn Woodleefe [combined_page=1480] SEPTEMBER 4, 1619 201 full power and authority as much as in vs lyeth, aswell by way of expor- tagon out of England as by way of trade either with the natives of Vir- ginia, or with the English there residinge or to bee residinge, to bee our cheife marchant and to comerce trucke and trade as to him shall seeme best, to and for vs and to our vse a",seed_unreviewed,source language; context may be non-Indigenous
IM00470,natives,native,COLONIAL_UMBRELLA_LABEL,colonial_umbrella,allFourVCLCombinedPerPage.json,3202724,"followeth) And that the said fower men and such others as shall bee by him the said John Woodleefe drawne into the Vir- ginian family wherof hee is appoynted Captayne and governor, whether natives or Englishe shall bee as Joynt servant¢ in equall interest pro rata, to all the pties herevnto, and to stand assocyated in each respect and as members and pte of the said family 6. Itm the",seed_unreviewed,source language; context may be non-Indigenous
IM00471,Natives,native,COLONIAL_UMBRELLA_LABEL,colonial_umbrella,allFourVCLCombinedPerPage.json,3498615,"LI. They shall also according to the first institution and profession of this Companie, aduise and deuise to the vtmost of their powers, the best meanes for the reclaiming of the Barbarous Natives; and bringing them to the true worship of God, ciuilitie of life, and vertue. LIV. All Instructions to the Gouernowr and Counseil, and all other principall Officers in Virginta, shall pro",seed_unreviewed,source language; context may be non-Indigenous
IM00472,natives,native,COLONIAL_UMBRELLA_LABEL,colonial_umbrella,allFourVCLCombinedPerPage.json,3547189,"hould piscribe and not otherwise. Givinge likewise and grantinge therby to the said John Woodleefe power & authority to be our cheife m9chant and to comerce trucke and trade either with the natives of Virginia or with the [English there residinge as to him should seeme best to and for vs and to our vse and benefit, All w™ the said John Woodleefe faythfully pmised to pforme accordingly",seed_unreviewed,source language; context may be non-Indigenous
IM00473,natives,native,COLONIAL_UMBRELLA_LABEL,colonial_umbrella,allFourVCLCombinedPerPage.json,3562076,"ikewise and grantinge vnto the said George Thorpe and Willm Tracy full power and authority as much as in vs lyeth Aswell by way of exportaton out of England as by way of trade either wt the natives of Virginia or wt the English there residinge or to be residinge to be our cheife m?chants, and to comerce truck & trade as to them shall seeme best to and for vs and to and for our and the",seed_unreviewed,source language; context may be non-Indigenous
IM00474,native,native,COLONIAL_UMBRELLA_LABEL,colonial_umbrella,allFourVCLCombinedPerPage.json,3726260,"igned, with Seal List of Reeords No. 250 Ho: S*. It comes to my knowledge That yo* were pleased to mention mee this day at Southampton house; whereby I am at once made sensible of yor true native worth; & my owne error in not applying my Self more seasonably vnto yo”. But (S"") I hope not to seem altogether inexcusable to yo? Goodness therein, If yo"" please to take into consideraéon",seed_unreviewed,source language; context may be non-Indigenous
IM00475,natives,native,COLONIAL_UMBRELLA_LABEL,colonial_umbrella,allFourVCLCombinedPerPage.json,4481057,"ime to enrich them, Barkes Pynnaces Shallops Barges [combined_page=2079] BETWEEN JANUARY AND APRIL, 1622/8 5 and boates built in the Country the better to accomodate and secure them, The natives of the Country in soc awfull a aleancye and amytic w'"" them, that many of those heathens voluntaricly yeclded them selves subicet¢ and servanté€ to our gratious Seueraigne and priding thems",seed_unreviewed,source language; context may be non-Indigenous
IM00476,native,native,COLONIAL_UMBRELLA_LABEL,colonial_umbrella,allFourVCLCombinedPerPage.json,4496641,"oupt would haue draune one the buildinge of fortified Townes, wherof now wee dispayre, wherby we might haue made advantage of their Salvage trecherie by the securinge of our selves from the native and forren Enemie, and yt wihowt tax of feare beinge rather a hopeinee Sme$ Coneceptione then A thinge yt wee know, and this we tuke te haue beene the first endevors of all new plantations;",seed_unreviewed,source language; context may be non-Indigenous
IM00477,Native,native,COLONIAL_UMBRELLA_LABEL,colonial_umbrella,allFourVCLCombinedPerPage.json,4629287,"etter, at the first, to have seated on, in regard of [combined_page=2148] 74 RECORDS OF THE VIRGINIA COMPANY fertilitie, Convenience, all sorts of provision and strength both against the Native and fforreiner) yet theis were refuted by vs in point€ of Reputacon, being beside, as wee alfedged, an intollerable presumption for ys to attempt such a Change without your Consent@: howsov",seed_unreviewed,source language; context may be non-Indigenous
IM00478,Natives,native,COLONIAL_UMBRELLA_LABEL,colonial_umbrella,allFourVCLCombinedPerPage.json,4783610,"eete in gen%all. 18] ||11 branch|| Theire cares haue not bene ‘Answ9|| vneffectuall wee Confesse for the Colony is nowe oppressed wth amyn and sicknes wthin and engaged in a Warre wth the Natives wthout, And whereas the savages were formerlie brovelit to good Corespondeneie |& or|] made tributarie to vs, they nowe dare maynteyne an open Warre wh o” people and beinge armed wth of Wea",seed_unreviewed,source language; context may be non-Indigenous
IM00479,natives,native,COLONIAL_UMBRELLA_LABEL,colonial_umbrella,allFourVCLCombinedPerPage.json,5339516,"t, receive, and adimit into their Conipany any person or persons, as well foreigners anc strangers born in any place across the sea wheresoever being in amity with our same lord the King as natives and lieges and subjects of our same Jord the King born in any of his kingdoms and dominions, and that any such persons thus elected, received, and admitted of the same Company, as is shown,",seed_unreviewed,source language; context may be non-Indigenous
IM00480,native,native,COLONIAL_UMBRELLA_LABEL,colonial_umbrella,allFourVCLCombinedPerPage.json,5610133,vs that our subiect€ and people sent to inhabite there and to plante themselues in that Countrye Were most of them by God@ visitaton sicknes of bodye famyne and by massacres of them by the native Savages of the lande dead and deceased and those that Were living of them lived in [miserable and lamentable necessitye and Wante but the ecountrie (for any thing appered to the saide Coffi,seed_unreviewed,source language; context may be non-Indigenous
IM00481,Natives,native,COLONIAL_UMBRELLA_LABEL,colonial_umbrella,allFourVCLCombinedPerPage.json,5688060,"e of Shipping cominge and goinge continually to Virginia, that there hath bin sometymes told Seaventcene sayle together in James River. Whereby besides that it was a continual terror to the Natives, it would haue bin a difficult thinge to endamage the Colonie, w'out the power both of many Shippes, & many souldiers. Wh was amongst divers others, a very mayne securitie & encouragenient,",seed_unreviewed,source language; context may be non-Indigenous
IM00482,natives,native,COLONIAL_UMBRELLA_LABEL,colonial_umbrella,allFourVCLCombinedPerPage.json,5883053,"c Plantation, Jaws. Laws of England, 54, 283-284, $81, 382, 384, 395, 399, 409, 413, 433, Lawson, Thomas, 366. Lawyers, 220. Layden, John, 552. Lead. See under Commodities, League with natives, 183. Leake, —, 15. Leake, Symon, 210, Leate, Nicholas, 80, 90, 91. Commissioner for settling government of Virginia, 491, 494, 497. Leather. Sce under Commodities. Lee, Henry, 364. Le",seed_unreviewed,source language; context may be non-Indigenous
IM00483,natives,native,COLONIAL_UMBRELLA_LABEL,colonial_umbrella,allFourVCLCombinedPerPage.json,5902688,"137. Land, poor to be deserted, 121. See Land. Laws, 146, 186, 580-585. Made in, 438, 514-515. Made by Campany, 82. Misuse af, 360~361. Sec abe Laws and Company, Virginia, laws. League with natives, 183. List of subseribers and subscriptions fur relief of, 245-246. Location of colonisis in, 480-432, Massacre. See Massacre. Memorial of things to be put in letters to, 124-126. Mortality",seed_unreviewed,source language; context may be non-Indigenous
IM00484,Powhatan,Powhatan,PERSON,Indigenous_named_person,v2FullOCR.txt,201058,erted to the best vse for the mainetenance of his Relict wife and Children and for his indempnity (hauinge brought vp the Child his said 106 RECORDS OF THE VIRGINIA COMPANY Brother had by Powhatan’s Daughter w™ Child is yet lyvinge and in his eustodie) It was ordered [63] that the Gouernor and Counsell of Virginia should cause enquirie be made what Landé and goodes the said Iohn Rolf,seed_unreviewed,leader/title-bearing individual; do not use for every Powhatan polity mention
IM00485,Powhatan,Powhatan paramount polity,INDIGENOUS_POLITY,Indigenous_named_polity,v2FullOCR.txt,201058,erted to the best vse for the mainetenance of his Relict wife and Children and for his indempnity (hauinge brought vp the Child his said 106 RECORDS OF THE VIRGINIA COMPANY Brother had by Powhatan’s Daughter w™ Child is yet lyvinge and in his eustodie) It was ordered [63] that the Gouernor and Counsell of Virginia should cause enquirie be made what Landé and goodes the said Iohn Rolf,seed_unreviewed,"apply only when context is collective/territorial, not the named person"
IM00486,Indians,Indian,COLONIAL_UMBRELLA_LABEL,colonial_umbrella,v2FullOCR.txt,784346,"here every man madded yppon that and little thought or looked for any thinge ellse. I found y°® Antient Plantatons of Henrico and Charles Citty wholly quitted and lefte to y° spoyle of the Indians who not onely burned the houses said to be 376 RECORDS OF THE VIRGINIA COMPANY once y° best of all others, butt fell vppon the Poultry, Hoggs, Cowes, Goats and Horses wherof they killed g",seed_unreviewed,source language; never normalize to a single polity
IM00487,Indian,Indian,COLONIAL_UMBRELLA_LABEL,colonial_umbrella,v2FullOCR.txt,1255110,"6-49. Committee, I, 374. Court, I, 591, 592. Desire petition to Parliament, I, 443. Discovery of, I, 47-49. Error in court book, I, 430. Freedom from customs, I, 282. Governor for, II, 464. Indian maids, I, 485, 496; II, 35. Land in Virginia, I, 425, 430, 492, 582; II, 158-159. Orders and Consiitutions, I, 152. INDEX Somers Islande—Continued. Orders omitted from court, I, 166. Requ",seed_unreviewed,source language; never normalize to a single polity
IM00488,Indians,Indian,COLONIAL_UMBRELLA_LABEL,colonial_umbrella,v2FullOCR.txt,1266364,"41, 143, 144, ; Trade. Commission for, I, 548. Custom of, II, 325-326, Freedom guaranteed company, IT, 325-896. Freedom in Virginia, I, 241, To be argued, I, 278. Granted, I, 294, 303, With Indians, IT, 52. See also Magazine. Tradesmen. For college land, I, 234, Treasurer, Lord, I, 633. 604 Trevor, Sir John, jr. Land, II, 279, 295. Trevor, Sir John, sr. Land transferred, IT, 279,",seed_unreviewed,source language; never normalize to a single polity
IM00489,Powhaton,Powhatan,PERSON,Indigenous_named_person,v3FullOCR.txt,77888,"an be but of two sortes straungers and natiues, for ae the first yo"" defence must be vppon advauntage of the place and way vnto” ""8"" Small fortes Cape comforte Watches Catle kept heardes Powhaton Weroances Tributary 18 RECORDS OF THE VIRGINIA COMPANY it for fortes haue no other vse but that a fewe men may defend and dispute their footinge with them against a greater nomb and to w",seed_unreviewed,leader/title-bearing individual; do not use for every Powhatan polity mention
IM00490,Powhaton,Powhatan,PERSON,Indigenous_named_person,v3FullOCR.txt,80241,"yo' prisoner yet you must make him yo’ tributary, and all other his weroances about him first to acknowledge no other Lord but Kinge James, and so we shall free them all from the Tirrany of Powhaton ‘ vppon them Euery Lord of a Province shall pay you and send you into yo"" forte where you 1 Space in the manuscript. MAY, 1609 19 make yo"" Cheif residence so many measures of Corne at eue",seed_unreviewed,leader/title-bearing individual; do not use for every Powhatan polity mention
IM00491,Powhatan,Powhatan,PERSON,Indigenous_named_person,v3FullOCR.txt,201685,people and particularly his best friend Tho: Dale all his reports are disproved before opachank?® & his Great men whereupon (to the great satisfaccion of ye Great men) Tomakin is disgraced Powhatan is gone to y® K. of May-—umps in patawamack Riv' & has left y* Gou9nt 74 RECORDS OF THE VIRGINIA COMPANY of his Kingdom to opachank® & his other brother. thinks Hemp & flax will grow well,seed_unreviewed,leader/title-bearing individual; do not use for every Powhatan polity mention
IM00492,Tomakin,Tomakin,PERSON,Indigenous_named_person,v3FullOCR.txt,201664,ils ag‘ Engl! English people and particularly his best friend Tho: Dale all his reports are disproved before opachank?® & his Great men whereupon (to the great satisfaccion of ye Great men) Tomakin is disgraced Powhatan is gone to y® K. of May-—umps in patawamack Riv' & has left y* Gou9nt 74 RECORDS OF THE VIRGINIA COMPANY of his Kingdom to opachank® & his other brother. thinks Hemp,seed_unreviewed,individual; reported as intermediary/messenger in the text
IM00493,Powhatan,Powhatan paramount polity,INDIGENOUS_POLITY,Indigenous_named_polity,v3FullOCR.txt,201685,people and particularly his best friend Tho: Dale all his reports are disproved before opachank?® & his Great men whereupon (to the great satisfaccion of ye Great men) Tomakin is disgraced Powhatan is gone to y® K. of May-—umps in patawamack Riv' & has left y* Gou9nt 74 RECORDS OF THE VIRGINIA COMPANY of his Kingdom to opachank® & his other brother. thinks Hemp & flax will grow well,seed_unreviewed,"apply only when context is collective/territorial, not the named person"
IM00494,Weroances,weroance,INDIGENOUS_TITLE,Indigenous_title,v3FullOCR.txt,77897,"of two sortes straungers and natiues, for ae the first yo"" defence must be vppon advauntage of the place and way vnto” ""8"" Small fortes Cape comforte Watches Catle kept heardes Powhaton Weroances Tributary 18 RECORDS OF THE VIRGINIA COMPANY it for fortes haue no other vse but that a fewe men may defend and dispute their footinge with them against a greater nomb and to winne time",seed_unreviewed,"office/title, not a personal name or one people"
IM00495,Weroance,weroance,INDIGENOUS_TITLE,Indigenous_title,v3FullOCR.txt,82646,"econ Manahockes to y* Northeast to the head of the Riuer of Moyompo in the — «reer necke of the land to the west betweene our bay and the sea. Catheata-Catheatapeins. peitis [185] a greater Weroance then he is, also his enemy to the Southeast and South. he hath no freinde to the North. The Masawoymekes make {ees ]ti continuall incursions vppon him and and vppon all those that 20 RECO",seed_unreviewed,"office/title, not a personal name or one people"
IM00496,Indians,Indian,COLONIAL_UMBRELLA_LABEL,colonial_umbrella,v3FullOCR.txt,45334,"orced to resolue roundly vpon y° worst way, least he should haue none, to prosecute y* ' The manuscript is so torn as to be illegible. ?See note at the end of the document. BEFORE 1609 3 Indians as Barbar’s, and therby Naturally slaues. When after 50 yeares his Fryars declyn’d him from y* seuere and vnIust course, and he labourd by men of all learninge to prouide himselfe of a more",seed_unreviewed,source language; never normalize to a single polity
IM00497,Indians,Indian,COLONIAL_UMBRELLA_LABEL,colonial_umbrella,v3FullOCR.txt,397280,"em to lodge in aparte by themselves, and lone inhabitants by no meanes to entertain them. Be it enacted by this present assembly that for laying a surer foundation of the conversion of the Indians to Christian Religion, eache towne, citty, Borrough, and particular plantation do obtaine unto themselves by just means a certine number of the natives’ children to be educated by 166 RECOR",seed_unreviewed,source language; never normalize to a single polity
IM00498,Indians,Indian,COLONIAL_UMBRELLA_LABEL,colonial_umbrella,v3FullOCR.txt,409272,"ny other dog or bitche whatsoever, of the Englishe race, upon paine of forfaiting 5s sterling to the publique uses of the Incor- poration where he dwelleth. That no man do sell or give any Indians any piece shott or poulder, or any other armes, offensive or defensive upon paine of being held a JULY 80, 31, AUGUST 2, 3, 4, 1619 Tl Traytour to the Colony, and of being hanged as soon a",seed_unreviewed,source language; never normalize to a single polity
IM00499,Indian,Indian,COLONIAL_UMBRELLA_LABEL,colonial_umbrella,v3FullOCR.txt,515398,"ish wheat, tho the last haruest 1618. was onely shed upon the stubble, and so selfe- sowne, w'out any other manurance. In Iuly last so soon as we had reaped this selfe-sowen wheate, we sett Indian corne upon the same grounde, w is come up in great abundance; and so by this meanes we are to enjoye two crops in one yeare from off one & the same fielde. The SEPTEMBER 80, 1619 221 great",seed_unreviewed,source language; never normalize to a single polity
IM00500,Indian,Indian,COLONIAL_UMBRELLA_LABEL,colonial_umbrella,v3FullOCR.txt,530018,"ewes: 228 RECORDS OF THE VIRGINIA COMPANY Att the same Consultation Nouembr 11"" the gouernor demanded the opinion of the Counsell concerninge a piect revealed vnto him by Neue- mettanan an Indian Comonly Called by the name of Englishe Jacke wt"" the fethers at Charles hundredth y* 25 of october: as from the parte of Opachancamo who by the mouthe of the same Indian reqvired from the g",seed_unreviewed,source language; never normalize to a single polity
IM00501,Indian,Indian,COLONIAL_UMBRELLA_LABEL,colonial_umbrella,v3FullOCR.txt,863874,"by m™ Smyth 394 RECORDS OF THE VIRGINIA COMPANY as they shall be able to cleere manure order dresse, husband and vse, eyther in orchards, gardens, vineyards or for Tobacco, corne, mayz or Indian Wheat, oad, silk gras flaxe or hempe, or for pasture and hay for kine & other cattle or for plantinge of olyves, sewing or plantinge of cotton wooll Anyseed, Wormseed and the like, the same",seed_unreviewed,source language; never normalize to a single polity
IM00502,Indians,Indian,COLONIAL_UMBRELLA_LABEL,colonial_umbrella,v3FullOCR.txt,1232658,"least, that were in Hispaniola, there were not (in little more than forty yeares space after the first beginning of the Plantation) fiue hundred of thé & all their children liuing: for the Indians that liued there, after were brought out of the Continent into that Tland, or out of one Tland to be planted in another. 562 RECORDS OF THE VIRGINIA COMPANY On the other side, the Natiues",seed_unreviewed,source language; never normalize to a single polity
IM00503,Indians,Indian,COLONIAL_UMBRELLA_LABEL,colonial_umbrella,v3FullOCR.txt,1235297,"d and Siluer is the greatest wealth of the West Indies now at this present time. True it is indeed, that in the first Conquest the Spaniards 1622 563 got great and mighty treasure from the Indians, which they in long space had heaped vp together, [82] and in those times the Indians shewed them entyre and plentifull rich mynes, which by length of time (as is well known and published t",seed_unreviewed,source language; never normalize to a single polity
IM00504,Indians,Indian,COLONIAL_UMBRELLA_LABEL,colonial_umbrella,v3FullOCR.txt,1235383,"it is indeed, that in the first Conquest the Spaniards 1622 563 got great and mighty treasure from the Indians, which they in long space had heaped vp together, [82] and in those times the Indians shewed them entyre and plentifull rich mynes, which by length of time (as is well known and published to the world by those that haue beene there) are wasted and exhausted since, so as now",seed_unreviewed,source language; never normalize to a single polity
IM00505,Indian,Indian,COLONIAL_UMBRELLA_LABEL,colonial_umbrella,v3FullOCR.txt,1270920,"l sortes of the best graine, as wheate Barlie Oates and pease of all the beste kinde, for though wee bee very desirous to falle to the sowinge of all sortes of our English graine as well as Indian (since this Countrey ys very pper for them and that there ys much eleare grounde in the Colonie) wherin a ! Sie in manuseript. 582 RECORDS OF THE VIRGINIA COMPANY plowe may bee able to go",seed_unreviewed,source language; never normalize to a single polity
IM00506,Indians,Indian,COLONIAL_UMBRELLA_LABEL,colonial_umbrella,v3FullOCR.txt,1424990,"rest of his Ma‘** Counsell in Virginia The humble petition of John Powntis Sheweth That whereas y*® inhabitants of Southampton hundred since the late bloudy murthering of nation by the Indians, hath been often infested by them & still is aboue other Plantations wherby they are not onlie putt JUNE 17, 1622 653 from planting Corne, tobacco, & other nessarie Employment€ wherby the",seed_unreviewed,source language; never normalize to a single polity
IM00507,Indians,Indian,COLONIAL_UMBRELLA_LABEL,colonial_umbrella,v3FullOCR.txt,1573910,"t, 102. Purpose defined, 102. Tenants, 115, 217, 226, 227. Killed in massacre, 566. Minister for, 277, 490. Treatment of new, explained, 257-258. Vines planted for, 447, 448. See also under Indians, Religious educa- tion. College land. See under Land, College tenants. See under College in Virginia. Collett, John, 61. Collett, Thomas, 61. Collier, —, 537. Collier, Stephen, 451. INDEX",seed_unreviewed,source language; never normalize to a single polity
IM00508,Indians,Indian,COLONIAL_UMBRELLA_LABEL,colonial_umbrella,v3FullOCR.txt,1585330,"275, 291, 499, 501, 703. Commissions, 158. Controversies, 169, 170. INDEX Couneil in Virginia— Continued. Defined, 483. Exploration encouraged by, 488. Funds for entertainment of, 100. Indians, agreement to assist, 228. Instructions by company, 479. See also Company, Virginia, instructians to Gover- nor and Council in Virginia. Land— To regulate ownership, 131, 133, 160, 597,",seed_unreviewed,source language; never normalize to a single polity
IM00509,Indians,Indian,COLONIAL_UMBRELLA_LABEL,colonial_umbrella,v3FullOCR.txt,1603888,"0, Gibbs, — Committee for Somer Islands, 603. Gifford, Isabell, 396, 405, 426. Married at sea, 397. Gifford, Phillip, 62. Gift (Guift) of God, See under Ships. Gifts. See East India School; Indians; Religion. Gilbert, John, 83, 325. Gilford, —, 291, 368. Ginnet, Post. Permission to return to England, 23 732 Gipps, Thomas, 83, 325. Girdlers, Company of, 84, 625. Girls. See Women. G",seed_unreviewed,source language; never normalize to a single polity
IM00510,Indians,Indian,COLONIAL_UMBRELLA_LABEL,colonial_umbrella,v3FullOCR.txt,1692255,"hn, Clerk of General Assembly, 154. Twisden, Sir Roger, 66. Twisden, Sir William, 66, 88, 335. Tyler, Robert, 565. Tyler, William, 565. Tyler, William (Senior?), 565. University, For Indians, 102. Lands bounded, 245. See also College. Upfall, James, 567. Valentia, 647. 764 Valete, Mistress Collier, 529, Valuation, A, of the Commodities growing and to be had in Virginia, 237-23",seed_unreviewed,source language; never normalize to a single polity
IM00511,Savages,Savage,COLONIAL_UMBRELLA_LABEL,colonial_umbrella,v3FullOCR.txt,85449,"and in case of such offence punishe severely haue also especially MAY, 1609 21 regard that no arte or trade tendinge to armes in any wise as Smythey Carpentry of or such like be taught the Savages or vsed in their Presence as they may learne therein: 24 Hauinge deduced yo' Colony into Severall seates and plantaéons that may comodiously answere and receiue one another you must devide",seed_unreviewed,source language; retain only as quoted mention text
IM00512,Savages,Savage,COLONIAL_UMBRELLA_LABEL,colonial_umbrella,v3FullOCR.txt,238870,"defence of himself agt Enemies till a new supply of ammunition comes on pain of a years Slavery None to go aboard y* Ship now at Ja. Town without y* Gov' leave No trade with y° perfidious Savages nor familiarity lest they discover our weekness 18 May 1618 128833 8 94 RECORDS OF THE VIRGINIA COMPANY XLVI. Str Epwin Sanpys, Henry TIMBERLAKE, JOHN FERRAR. MEETING OF A COMMITTEE For S",seed_unreviewed,source language; retain only as quoted mention text
IM00513,Savages,Savage,COLONIAL_UMBRELLA_LABEL,colonial_umbrella,v3FullOCR.txt,1539624,"for w™ if they haue noe vse for them selues the next yeare then to be sould and euery man to haue his dewe payd him. DECEMBER 16, 1622 707 My reason for the first is yt by this meanes the Savages shalbe frustrated The infinate of all meanes of buyinge any manner of victualls, and clothinge, but what ~ eh we a they shall haue from vs for their labo’ and industrie As alsoe beinge dis-",seed_unreviewed,source language; retain only as quoted mention text
IM00514,Savage,Savage,COLONIAL_UMBRELLA_LABEL,colonial_umbrella,v3FullOCR.txt,1669602,"333. Sandys, Sir Samuel, 64, 88, 97, 333. 756 Sandys, Thomas, 333, Sarier, John, 538. Sassafras. See under Commodities. Saunders, —, 44, 57. Saunders, Edmond, Lieutenant. Warrant for, 444. Savage, Thomas, Ancient, 705. Savill, William, 64. Savoy, Duke of, 219. Saw Mills, 240, 588. See also under Commodi- ties. Sawyer, John, 565. Scarff, John, 88. Searpe, John, 334. Schoolmaster, 539",seed_unreviewed,source language; retain only as quoted mention text
IM00515,natives,native,COLONIAL_UMBRELLA_LABEL,colonial_umbrella,v3FullOCR.txt,359196,"that people further of from our Territories by all lawfull meanes if the same be not allready don by Captaine Argall, as he scemetii to in sinuate, But for the rest mainteyne amity w‘* the natives, soe much as may be and peure their Children in good multitude to be brought vpp and to worke 148 RECORDS OF THE VIRGINIA COMPANY amongst vs Wee are now in setting forward a shipp vnto yo""",seed_unreviewed,source language; context may be non-Indigenous
IM00516,natives,native,COLONIAL_UMBRELLA_LABEL,colonial_umbrella,v3FullOCR.txt,397432,"r foundation of the conversion of the Indians to Christian Religion, eache towne, citty, Borrough, and particular plantation do obtaine unto themselves by just means a certine number of the natives’ children to be educated by 166 RECORDS OF THE VIRGINIA COMPANY them in true religion and civile course of life—of which children the most towardly boyes in witt and graces of nature to be",seed_unreviewed,source language; context may be non-Indigenous
IM00517,natives,native,COLONIAL_UMBRELLA_LABEL,colonial_umbrella,v3FullOCR.txt,471466,"vnto the said Captayne Iohn Woodleefe SEPTEMBER 4, 1619 201 full power and authority as much as in vs lyeth, aswell by way of expor- tagon out of England as by way of trade either with the natives of Vir- ginia, or with the English there residinge or to bee residinge, to bee our cheife marchant and to comerce trucke and trade as to him shall seeme best, to and for vs and to our vse a",seed_unreviewed,source language; context may be non-Indigenous
IM00518,Powhatanes,Powhatan,PERSON,Indigenous_named_person,v4FullOCR.txt,270508,s 4 1 Janes his vor & proeured them lyucries: these were a people chat lay betweene of Colouve & *heamaincof adage pablsekly hy the Counselle Virginia 118 RECORDS OF THE VIRGINIA COMPANY Powhatanes Couutrey who together wt his Brother Opichankano plotted when 8� G. Yardly eame thither to breake the league betweene vs & the Chickhor nenes & effected it thus. Opichankano $pfessing mu,seed_unreviewed,leader/title-bearing individual; do not use for every Powhatan polity mention
IM00519,Powhatan,Powhatan,PERSON,Indigenous_named_person,v4FullOCR.txt,1451439,"Sce wnder Cammoadities, arms. Powell, ditin, Powell, Wilhun, Captain, 0, 23, 101, 864, 455, 566, 569. Powle. See alse Poole. Powle, Nathaniel, Captain, 554, Powle, Sir Stephen, 363, 369. Powhatan, 10, 118. Powston, �, 80. Poyntell, Richard, 364. Paynis, 20. Prate, Richard, 554, Pratt, John, 365. Prayer Books, 271. Preston, Sir Amias, 363, 369. Prettie, George, 304. Price, Henry, 365",seed_unreviewed,leader/title-bearing individual; do not use for every Powhatan polity mention
IM00520,Opichankano,Opechancanough,PERSON,Indigenous_named_person,v4FullOCR.txt,270556,ese were a people chat lay betweene of Colouve & *heamaincof adage pablsekly hy the Counselle Virginia 118 RECORDS OF THE VIRGINIA COMPANY Powhatanes Couutrey who together wt his Brother Opichankano plotted when 8� G. Yardly eame thither to breake the league betweene vs & the Chickhor nenes & effected it thus. Opichankano $pfessing much frendships send fetues�$ vardlye aduertisem!,seed_unreviewed,leader/title-bearing individual
IM00521,Opichankano,Opechancanough,PERSON,Indigenous_named_person,v4FullOCR.txt,270684,INIA COMPANY Powhatanes Couutrey who together wt his Brother Opichankano plotted when 8� G. Yardly eame thither to breake the league betweene vs & the Chickhor nenes & effected it thus. Opichankano $pfessing much frendships send fetues�$ vardlye aduertisem! yt some of the Chickhomences had killed some of of eattle & swyne: yardly desires a parlye about it. The Chiek- homenos to the n,seed_unreviewed,leader/title-bearing individual
IM00522,Opichankano,Opechancanough,PERSON,Indigenous_named_person,v4FullOCR.txt,271246,"tt to be delyuered amongst them & kild 30 or 40 of the sd Chickhor nenes: This pfidious act with Chiekohomenes yardly eomand@ a made then all flve out & sceke Reuenge, they iovned with Opichankano & having by stealthes & murthers diese tymes a them wre seed to peteife in so mach that be: Hieted sueh of ot Colony us they could meet w & daili offered mg�, No Reuenge was teen but a",seed_unreviewed,leader/title-bearing individual
IM00523,Powhatan,Powhatan paramount polity,INDIGENOUS_POLITY,Indigenous_named_polity,v4FullOCR.txt,1451439,"Sce wnder Cammoadities, arms. Powell, ditin, Powell, Wilhun, Captain, 0, 23, 101, 864, 455, 566, 569. Powle. See alse Poole. Powle, Nathaniel, Captain, 554, Powle, Sir Stephen, 363, 369. Powhatan, 10, 118. Powston, �, 80. Poyntell, Richard, 364. Paynis, 20. Prate, Richard, 554, Pratt, John, 365. Prayer Books, 271. Preston, Sir Amias, 363, 369. Prettie, George, 304. Price, Henry, 365",seed_unreviewed,"apply only when context is collective/territorial, not the named person"
IM00524,Powhatans,Powhatan paramount polity,INDIGENOUS_POLITY,Indigenous_named_polity,v4FullOCR.txt,1470248,"3. Swifte, James, 365. Swords. See under Commodities, arms. Symons, Richard, 554. Syneretism, council of union, 418, 419. Syndex, magistracy, 428. Taite, Lewis, 365. Tanner, John, 366. Tanx Powhatans, 9, 251. Tanx Weyonaques, 251, 554, 455. Tapahatonahs, 9. Tappahanna, 359, Tar. See under Commoditics. Tatem, Richard, 245, 257, Taverner, Jubn, 364. Tayler, William, 365. Taylor, �, 290, 5",seed_unreviewed,"apply only when context is collective/territorial, not the named person"
IM00525,Pamaunkok,Pamunkey,INDIGENOUS_POLITY,Indigenous_named_polity,v4FullOCR.txt,105697,"I make no question, but when the leaves sre greene, they wilbce somewhat nearer, and now forsooth they would faine have peace, Conditionallie, that they may haue their Corne at Kiskiek, and Pamaunkok, that is Just at our backe, and when their Corne is readie, haue at yo"" bucklers you braue $Cow--� Englishmen. I was with the Gofinour at James Cittie, and told both him, and the Councell t",seed_unreviewed,do not label Pamunkey River as a polity
IM00526,Pamunkey,Pamunkey,INDIGENOUS_POLITY,Indigenous_named_polity,v4FullOCR.txt,1371620,"n William Tucker to examine passes and collect debts of passengers on ships, 446. To Captain Willtun Turker concerning rates on commodities, 445-446. To Captain William Tucker for voyage up Pamunkey River, 190. INDEX Commission�Continued. To Council of State fo govern in governor's absence, 399-100. To Edmund Tutchin for voyage to Virginia, 509. �To settle government in Virginia,",seed_unreviewed,do not label Pamunkey River as a polity
IM00527,Chesceak,Chesapeake,AMBIGUOUS,needs_context,v4FullOCR.txt,239347,"h of this & the other River, Whieh must be supplide, and that speedelie * * * �with$ AFTER APRIL 4, 1623 103 greater numbers, that may make good, this theire now Inhabited scate, & that of Chesceak, A pale beinge runn betweene Wynns the whole forest, and makes it inaccessible to y� Salvages, An excellent place & not fitt to he left unpeopled any longer, And to the ende theire bad retu",seed_unreviewed,"can name a polity, bay, or place; adjudicate from local context"
IM00528,Cheskacke,Chesapeake,AMBIGUOUS,needs_context,v4FullOCR.txt,490293,"the butte with Capten Tucker to poysen them. Soe Capten Tucker begane and our interpreter tasted before the kinge woulde tacke yt, but noi of the same. Soe thene the kinge with the kinge of Cheskacke, [ther] sonnes and all the great men weare drun[forn] howe manye we caiot wryte of but yt is thought some tooe hundred weare poysned and thaye 222 RECORDS OF THE VIRGINIA COMPANY comyng b",seed_unreviewed,"can name a polity, bay, or place; adjudicate from local context"
IM00529,Chesapeake,Chesapeake,AMBIGUOUS,needs_context,v4FullOCR.txt,1366788,"friend in massacre, 98. Cheasley, 257, Cheeke, Sir Hatton, 363. Cheeke, Sir Thomas, 80, Cheese. See under Commodilies. Cheesman, Jo., Lieutenant, 558. Chelsea, 64, 126, Cheny, Richard, 866. Chesapeake (Chesceak, Cheskacke), 7, 108, 221. Chesapeake Bay. Proclamation forbidding trade for corn in, 275-276. Chesner cheese, 280. Che: See under Cominoilities. Chesterman, �, 172. Chetley, �,",seed_unreviewed,"can name a polity, bay, or place; adjudicate from local context"
IM00530,Chesceak,Chesapeake,AMBIGUOUS,needs_context,v4FullOCR.txt,1366800,"ssacre, 98. Cheasley, 257, Cheeke, Sir Hatton, 363. Cheeke, Sir Thomas, 80, Cheese. See under Commodilies. Cheesman, Jo., Lieutenant, 558. Chelsea, 64, 126, Cheny, Richard, 866. Chesapeake (Chesceak, Cheskacke), 7, 108, 221. Chesapeake Bay. Proclamation forbidding trade for corn in, 275-276. Chesner cheese, 280. Che: See under Cominoilities. Chesterman, �, 172. Chetley, �, 290. Chew",seed_unreviewed,"can name a polity, bay, or place; adjudicate from local context"
IM00531,Cheskacke,Chesapeake,AMBIGUOUS,needs_context,v4FullOCR.txt,1366810,". Cheasley, 257, Cheeke, Sir Hatton, 363. Cheeke, Sir Thomas, 80, Cheese. See under Commodilies. Cheesman, Jo., Lieutenant, 558. Chelsea, 64, 126, Cheny, Richard, 866. Chesapeake (Chesceak, Cheskacke), 7, 108, 221. Chesapeake Bay. Proclamation forbidding trade for corn in, 275-276. Chesner cheese, 280. Che: See under Cominoilities. Chesterman, �, 172. Chetley, �, 290. Chew, John, 402",seed_unreviewed,"can name a polity, bay, or place; adjudicate from local context"
IM00532,Chesapeake,Chesapeake,AMBIGUOUS,needs_context,v4FullOCR.txt,1366835,"Sir Hatton, 363. Cheeke, Sir Thomas, 80, Cheese. See under Commodilies. Cheesman, Jo., Lieutenant, 558. Chelsea, 64, 126, Cheny, Richard, 866. Chesapeake (Chesceak, Cheskacke), 7, 108, 221. Chesapeake Bay. Proclamation forbidding trade for corn in, 275-276. Chesner cheese, 280. Che: See under Cominoilities. Chesterman, �, 172. Chetley, �, 290. Chew, John, 402. Chicahominies (Chocohomi",seed_unreviewed,"can name a polity, bay, or place; adjudicate from local context"
IM00533,Accomack,Accomac,AMBIGUOUS,needs_context,v4FullOCR.txt,157593,"a marke of white paper, and hee hit it at the first, but M* Charles Could not hit it, But see the Enuie of theis slaues, for when they Could not take the ship then o' men saw them threaten Accomack that is the next Planta�on and nowe ther isno Way but starueing ffor the Gow?uour 62 RECORDS OF THE VIRGINIA COMPANY told vs and S' George, that except the Seaflower cume in or that wee ca",seed_unreviewed,can name a polity/shore/place; adjudicate from local context
IM00534,Accomack,Accomac,AMBIGUOUS,needs_context,v4FullOCR.txt,1350567,"0, 94, 166 Addison, Thomas, 210. Comme wer for settling goverument of | Administration, letters of, 399, Virginia, 491, 494. | Admiral, 461. 462. Abigail. sce iader Ships. ( Admiralty, 242. Accomack, 61. � Of New England, 463, 462, 463, 471, Accounts, 521. Adventure, Roll of. See Roll of Adventure. Cattle after massacre, 132-134. Adventurers, 153, 204, 223, 386, 387, 392, 411, Colonis",seed_unreviewed,can name a polity/shore/place; adjudicate from local context
IM00535,Rappahannock,Rappahannock,AMBIGUOUS,needs_context,v4FullOCR.txt,1454339,"8-395. Rebuttal of Compauy�s defense, 388-397, Cpe oo er stam athe Ratond, John, 8. Raine, �, Captain, 363. Rainetl, Hiuufrey, Bb-4. poten Sitemnmediia� Noid Ramsden, Milliccut, ato. Rappahannock Ris: Ratcliffe, Sir John, �57, 663. Rawleigh, �, 291. Ray, Res, 406. Read, Thomas, 552, Rebels, 415. Receipt, far Court Books, 123. Record for Couneil for Virginia, $3. Religion, 36",seed_unreviewed,often a river; do not infer a polity without contextual evidence
IM00536,Tanx Powhatans,Tanx Powhatans,INDIGENOUS_POLITY,Indigenous_named_polity,v4FullOCR.txt,1470243,"s, 553. Swifte, James, 365. Swords. See under Commodities, arms. Symons, Richard, 554. Syneretism, council of union, 418, 419. Syndex, magistracy, 428. Taite, Lewis, 365. Tanner, John, 366. Tanx Powhatans, 9, 251. Tanx Weyonaques, 251, 554, 455. Tapahatonahs, 9. Tappahanna, 359, Tar. See under Commoditics. Tatem, Richard, 245, 257, Taverner, Jubn, 364. Tayler, William, 365. Taylor, �, 290, 5",seed_unreviewed,collective term in volume IV index/text
IM00537,Tanx Weyonaques,Tanx Weyanokes,INDIGENOUS_POLITY,Indigenous_named_polity,v4FullOCR.txt,1470267,"65. Swords. See under Commodities, arms. Symons, Richard, 554. Syneretism, council of union, 418, 419. Syndex, magistracy, 428. Taite, Lewis, 365. Tanner, John, 366. Tanx Powhatans, 9, 251. Tanx Weyonaques, 251, 554, 455. Tapahatonahs, 9. Tappahanna, 359, Tar. See under Commoditics. Tatem, Richard, 245, 257, Taverner, Jubn, 364. Tayler, William, 365. Taylor, �, 290, 516. Tavlor, John, 557 Tay",seed_unreviewed,collective term in volume IV index/text
IM00538,Indian,Indian,COLONIAL_UMBRELLA_LABEL,colonial_umbrella,v4FullOCR.txt,1060,"urers associated with him, by Sir Nathaniel Rich and the defenders of Sir Thomas Smith�s regime, Throughout the whole period are portrayed the struggle of the planiation to recover from the Indian massacre of March 22, 1622, and the efforts made by the officials in London and by the Governor, Council, and Assembly in Virginia. The most important and perhaps unique document of the en",seed_unreviewed,source language; never normalize to a single polity
IM00539,Indians,Indian,COLONIAL_UMBRELLA_LABEL,colonial_umbrella,v4FullOCR.txt,3181,"to create an organized and systematic government, to produce commodities that would provide the necessities for living, and to develop resources that might result in needful trade with the Indians and with England. Two documents of importance, inadvertently omitted at first, but now numbered CCOXLYV A and CDANXAVULA, will be found, not in their chronolagicsl place, but at the end of",seed_unreviewed,source language; never normalize to a single polity
IM00540,Indians,Indian,COLONIAL_UMBRELLA_LABEL,colonial_umbrella,v4FullOCR.txt,73105,"e dined soe fonge. and an ather to Capt: Croshaw for 200 Fower yt were left one my handes, I was fayne to send tommy owne plantation; two of these a little aft? ran away (1 am afraide to y� Indians) and noe doubt the other two [2] would haue consorted w'� theire companions if sieknes had not fettered them. For y� 56 men w? S� Wiltm Nuee should haue deliuered me here, I was glad to tak",seed_unreviewed,source language; never normalize to a single polity
IM00541,Indians,Indian,COLONIAL_UMBRELLA_LABEL,colonial_umbrella,v4FullOCR.txt,75295,"aduantage. The ill suecesse of y� glasse workes is allmost equall vnto this: first the eoucringe of y� house, ere fully finished, was blowne downe, by a tempest noe sooner repaired but y� Indians came vppon ys, w for a while deferd y� proceedinges. Then they buill vp y� furnace, w' after one forthnight yt y* fire was put in, flew in peeces: yet yo wife of one of y� Italians (whom Th",seed_unreviewed,source language; never normalize to a single polity
IM00542,Indians,Indian,COLONIAL_UMBRELLA_LABEL,colonial_umbrella,v4FullOCR.txt,108314,"most men the old Prou%h is, Charitye first beginnes at home, take away one of my men, there�s 2000.Plant@ gone, thate 500 waight of Tohaeco, vea and what shall this man dee, rune after the Indians? soft, I haue phaps 10, perhaps 15, perhaps 20 men and aim able to secure my owne Plantacon; how will they doe that are fewer? let them first be Crusht alitle, and then perhaps they will th",seed_unreviewed,source language; never normalize to a single polity
IM00543,Indians,Indian,COLONIAL_UMBRELLA_LABEL,colonial_umbrella,v4FullOCR.txt,114104,"the murder done all ouer the land that they Could not plant anythinge att all, and att euerie Planta�on all of them for the most part were slaine and theyr howses & good�� burnt. some, the Indians kept ahue and tooke then awaie wt them, and nowe theixe two Indians that they haue taken doe tell vs that the Indians haue 15 aline w' them thus through theyr Roguery the land is ruinated a",seed_unreviewed,source language; never normalize to a single polity
IM00544,Indians,Indian,COLONIAL_UMBRELLA_LABEL,colonial_umbrella,v4FullOCR.txt,114172,"ge att all, and att euerie Planta�on all of them for the most part were slaine and theyr howses & good�� burnt. some, the Indians kept ahue and tooke then awaie wt them, and nowe theixe two Indians that they haue taken doe tell vs that the Indians haue 15 aline w' them thus through theyr Roguery the land is ruinated and spoyled, and itt will not bee soe stronge againe not this 12 year",seed_unreviewed,source language; never normalize to a single polity
IM00545,Indians,Indian,COLONIAL_UMBRELLA_LABEL,colonial_umbrella,v4FullOCR.txt,114222,"or the most part were slaine and theyr howses & good�� burnt. some, the Indians kept ahue and tooke then awaie wt them, and nowe theixe two Indians that they haue taken doe tell vs that the Indians haue 15 aline w' them thus through theyr Roguery the land is ruinated and spoyled, and itt will not bee soe stronge againe not this 12 yeares, for att our Plantaton of seaurenscore, there w",seed_unreviewed,source language; never normalize to a single polity
IM00546,Indians,Indian,COLONIAL_UMBRELLA_LABEL,colonial_umbrella,v4FullOCR.txt,155856,"r he hath done much for me, both on my Journy and since, I intreate you not to forget me, but by anie meanes redeeme me, for this day wee heure that there is 26 of English men slayne by the Indians, and they haue taken a Pinnace of M� Pountis, and haue gotten peeces, Armour, sworde�, all thinges fitt for Warre, so that they may now steale vpon vs and wee Cannot know them from English,",seed_unreviewed,source language; never normalize to a single polity
IM00547,Indians,Indian,COLONIAL_UMBRELLA_LABEL,colonial_umbrella,v4FullOCR.txt,176699,"pon anie oceasion, insomuch as if 1 This letter is abstracted in No. CCCLXXII. It is in the same hand as Number CCCIV. MARCH 30, 1623 71 they had had anie knowledge of the purpose of the Indians, the most part Could not possiblie haue preuented their treacheries: but inust either haue beene beseiged in their houses (and Consequentlie famished) or Cut of as they followed their labou",seed_unreviewed,source language; never normalize to a single polity
IM00548,Indians,Indian,COLONIAL_UMBRELLA_LABEL,colonial_umbrella,v4FullOCR.txt,178433,"Commaund�. Extreame hath beene the mortalitie of this yeare, wh I am afraid hath dobled the Nomber of those wh were massacred; yet with our small and siekhe forces we haue discomforted the Indians, round about vs, burnt their houses, gathered their Corne and slaine not a few; though they are as swift as Roebuek@ and not to bee destroyed but by surprize or famine they now beginne to d",seed_unreviewed,source language; never normalize to a single polity
IM00549,Indians,Indian,COLONIAL_UMBRELLA_LABEL,colonial_umbrella,v4FullOCR.txt,178912,"inclineable thereunto and will trie if wee can make them as secure as wee were, that wee may followe their example in destroying thent Although in particuler I haue not suffred mueh by the Indians, yet haue I lost. by sicknes 23 aves of ney small Nomber to the greate dimninu�on of my meanes, and iinpaire of my last yeares profit, and had I not hired in good time the sixth part of a s",seed_unreviewed,source language; never normalize to a single polity
IM00550,Indians,Indian,COLONIAL_UMBRELLA_LABEL,colonial_umbrella,v4FullOCR.txt,182426,"pline, and Example: but how well wee beganne to build (though impossible to Cantinew) on this prescribed founda�on I coniecture is not unknowne vnaty you; Neither could the Trecherie of the Indians (although foreknowne) have beene but in part prevented: who like violent lightening are gone as soone as peeived. Yet are we taxed y' the wd = a . - : . ' 7 fromm awing with indisere�on an",seed_unreviewed,source language; never normalize to a single polity
IM00551,Indians,Indian,COLONIAL_UMBRELLA_LABEL,colonial_umbrella,v4FullOCR.txt,186719,"nes, insomuch as wee haue lost I beleive few lesse then 500, : and not manic of the rest that haue not knockt at the doores of death. yet with our small and weake forees wee haue Chased the Indians from their aboad@, burnt their houses, taken their Corne and slayne net 2 few. MARCH 30, 1628 75 The great King now sues for peace, and offers a restituton of his Prisoners: ea {ite for w",seed_unreviewed,source language; never normalize to a single polity
IM00552,Indians,Indian,COLONIAL_UMBRELLA_LABEL,colonial_umbrella,v4FullOCR.txt,189560,haue large guifis and larye Coiissions and rorshipped and what goud hane they done for yo? marry tf euen this brought il to nought: Thorp he tath brought sueh a misery vpou vs by letting Y Indians haue their head and none must controll them. The Gouernor ood at that tyme for a Cypher whilest they stood ripping open of gutts: �uptaine Newce he cutts our throate on the other side and h,seed_unreviewed,source language; never normalize to a single polity
IM00553,Indians,Indian,COLONIAL_UMBRELLA_LABEL,colonial_umbrella,v4FullOCR.txt,189770,"ead and none must controll them. The Gouernor ood at that tyme for a Cypher whilest they stood ripping open of gutts: �uptaine Newce he cutts our throate on the other side and he letts in v Indians, and that while the other prouides tu kill all the swyne as it were of sett purpose to owthrow alk: and who must make this good againe? The old smoker our (1 knew not how te terme him but)",seed_unreviewed,source language; never normalize to a single polity
IM00554,Indian,Indian,COLONIAL_UMBRELLA_LABEL,colonial_umbrella,v4FullOCR.txt,212736,"es: Our future miseries doe post a paee: & for prizes of thinges hee sayth: a 1000 of nayles coste 18� or 20"" 1000: I haue payed 12"" sterlinge for a hogs- head of meale 20� for a bushell of Indian Corne and non Sto bee had� but with great men which endanger mee and myne to sterue beefore haruest: In a Postscript hee sayth: # newes was brought that Cap: Spilmian wis cut off by the Ind",seed_unreviewed,source language; never normalize to a single polity
IM00555,Indians,Indian,COLONIAL_UMBRELLA_LABEL,colonial_umbrella,v4FullOCR.txt,212929,"ian Corne and non Sto bee had� but with great men which endanger mee and myne to sterue beefore haruest: In a Postscript hee sayth: # newes was brought that Cap: Spilmian wis cut off by the Indians, hee had warninge of $it� by an Indian: Hee and his men cominge with theyr armour The kinge of that place asked why lice came soe armed? Spillman ta�u$ld him of his distrust and shewed him",seed_unreviewed,source language; never normalize to a single polity
IM00556,Indian,Indian,COLONIAL_UMBRELLA_LABEL,colonial_umbrella,v4FullOCR.txt,212969,"great men which endanger mee and myne to sterue beefore haruest: In a Postscript hee sayth: # newes was brought that Cap: Spilmian wis cut off by the Indians, hee had warninge of $it� by an Indian: Hee and his men cominge with theyr armour The kinge of that place asked why lice came soe armed? Spillman ta�u$ld him of his distrust and shewed him the man that gaue him Warninge, Wheere",seed_unreviewed,source language; never normalize to a single polity
IM00557,Indians,Indian,COLONIAL_UMBRELLA_LABEL,colonial_umbrella,v4FullOCR.txt,213488,eward to beetray him that had giuen him so faythfull a Warninge) but his owne life payd for it for y� next day hee & his men coming a shore disarmed thinking to trade were all cut of by the Indians. They tooke M* Pountise his shallope & hewed her too picees & came with 60 canowes to take the vnlucky ship the Tyger who had bat 4 saylers & some few land men whe who whilfed vp sayles & w,seed_unreviewed,source language; never normalize to a single polity
IM00558,Indians,Indian,COLONIAL_UMBRELLA_LABEL,colonial_umbrella,v4FullOCR.txt,214203,"d beene the greatest enemy they had: Spilmans death os a just reuenge, it was done about that part of the Country: If wee had suffi- cient prouision, wee should not necde to seeke after the Indians: It is a great loss to vs for that Cap. was # grea �the hest$ linguist of the Indian Tongue of this Countrys Fh 1 Name uncertain, 90 RECORDS OF THE VIRGINIA COMPANY If you thinke fitt to",seed_unreviewed,source language; never normalize to a single polity
IM00559,Indian,Indian,COLONIAL_UMBRELLA_LABEL,colonial_umbrella,v4FullOCR.txt,214289,"ut that part of the Country: If wee had suffi- cient prouision, wee should not necde to seeke after the Indians: It is a great loss to vs for that Cap. was # grea �the hest$ linguist of the Indian Tongue of this Countrys Fh 1 Name uncertain, 90 RECORDS OF THE VIRGINIA COMPANY If you thinke fitt to eary our Tobacco into Holland to saue the thirdes Jet mee know to whom [ shall addere",seed_unreviewed,source language; never normalize to a single polity
IM00560,Indian,Indian,COLONIAL_UMBRELLA_LABEL,colonial_umbrella,v4FullOCR.txt,217550,"lowne MM� Norwoods 2Vp in yo Tarbour by firing of her owne powder.� The price* of a Hogs- cone ofthese head of Meale by their tres appeareth to be 12"" aad Ssometymes 1558 u hushell of their Indian Corne xx* �the price of a Hogg ten pound and a Hen Hen xv�$ and yet �none of these almost�$ not to be made had for money. �the price a Uogg'� Insomuch that we find one P. Arundle (who (as b",seed_unreviewed,source language; never normalize to a single polity
IM00561,Indians,Indian,COLONIAL_UMBRELLA_LABEL,colonial_umbrella,v4FullOCR.txt,269062,"ruyned plantacons: thes writt from virginia, es 4 Iron workes at once wh & none Sall$ of therm by halfes whereas one or 2 might to be effected: That ye prosperths af =� plante�ens sett y* Indians on work toy"" massuere Coneerning the lotteryes who they were yt were imployed in them, by whom, wt reward was granted to them, who mooued for that reward Hee thes were putt dewate: what wa",seed_unreviewed,source language; never normalize to a single polity
IM00562,Indians,Indian,COLONIAL_UMBRELLA_LABEL,colonial_umbrella,v4FullOCR.txt,360831,g at Warasquiack wt! were but 3 households. Sinee wth tyme their letters make men�on of 5 or 600 that haue pished wh sicknes and famine. And many after that tyme perished by the hand� of th�Indians. And here we doe obserue that when this Muster Roule of the yeare 1622 was taken it appeareth Sby the printed bookes of the Companye� that � in the 3 yeares before vzt 1619. 1620. 1621: th,seed_unreviewed,source language; never normalize to a single polity
IM00563,Indians,Indian,COLONIAL_UMBRELLA_LABEL,colonial_umbrella,v4FullOCR.txt,361500,"those 3 yeares before the Massacre there were lost aboue three thowsand soules $w""? neede proeced from much negligence & want of good gou%nt:� besid� those that haue pished by & since by th�Indians and by sicknes: And so consequently that the people remayning in the Colony are but few. w"""" likewise appeares by some of their tres. 8: M* George Sandys in his tre to Mt Wrott hath these",seed_unreviewed,source language; never normalize to a single polity
IM00564,Indians,Indian,COLONIAL_UMBRELLA_LABEL,colonial_umbrella,v4FullOCR.txt,362315,"burthens. Againe the Gouerno"" S' Francis Wyatt 4 April last sites te [sic] $in� his father sayeth thus: They (meaninge the Company here) talke [2] of an Armye of 500 to issue out vpon th� Indians in all parts and after 1 Ruhing Armye of 150 to vex them in all places This ioyned w�h the 5 man te keepe for the fort would leaue some xx men to guard 40 Plautacons hulfe a man to each, co",seed_unreviewed,source language; never normalize to a single polity
IM00565,Indians,Indian,COLONIAL_UMBRELLA_LABEL,colonial_umbrella,v4FullOCR.txt,362814,diuerse passages in their tres from thence by wh we may discerne the paucitie of the people we find that one Willin Capps beeing generallie approued as a fitt man to be imployed against th� Indians he demanding but 46 30 small shott and 10 men to secure the Boutes was as it seeines putt of wh �by� this Reason giuen in their Counsell there. That if theis men should be slayne then theiz,seed_unreviewed,source language; never normalize to a single polity
IM00566,Indians,Indian,COLONIAL_UMBRELLA_LABEL,colonial_umbrella,v4FullOCR.txt,366491,"etters: 1 That these �the� people now remayning in the Colony are but few: 2� That they are most weake and miserable �beeing$ in danger to be ruyned $both$ by famine and by the hande of th� Indians. Awe thirdlie That this misery is befallen them ptlie through want of good gou%ment and direetons both here and there, {Indorsed:] An Abstract of the tres from Virginia, all but Frethornes",seed_unreviewed,source language; never normalize to a single polity
IM00567,Indian,Indian,COLONIAL_UMBRELLA_LABEL,colonial_umbrella,v4FullOCR.txt,378937,"ress, Washington, D. C. List of Records No. 498 A Proclamation to bee carefull of y* Savadges treacherie. By the Gouerno� and Captaine generall of Virginia. Whereas the coming of certaine Indian� lately to Martins Hundred hath given vs cause to suspect, that theire intent is only to spy and obserue the weaknes of o� plantatione, that they may take the better advantage to effect any",seed_unreviewed,source language; never normalize to a single polity
IM00568,Indian,Indian,COLONIAL_UMBRELLA_LABEL,colonial_umbrella,v4FullOCR.txt,379236,"ue the weaknes of o� plantatione, that they may take the better advantage to effect any treachearous plott against vs. The Governor considering the manifold daungers, that may follow by the Indian@ resorting to privat Plantacions, and treating w� them, out of his especiall care to plvent any mischeif that may hapne thereby, doth charge and comand, that no pson whatsoeu?, (but only th",seed_unreviewed,source language; never normalize to a single polity
IM00569,Indian,Indian,COLONIAL_UMBRELLA_LABEL,colonial_umbrella,v4FullOCR.txt,379502,"peciall care to plvent any mischeif that may hapne thereby, doth charge and comand, that no pson whatsoeu?, (but only the chiefe Comander of any Plantation) shall hold any conference w' any Indian� Gf at any time they shall in pesecable maner resort vnto them, and desire a parley) w*out first givinge notice thereof to his Comander: And that no Comander of any planta�on shall in any w",seed_unreviewed,source language; never normalize to a single polity
IM00570,Indians,Indian,COLONIAL_UMBRELLA_LABEL,colonial_umbrella,v4FullOCR.txt,390797,"l inhabitt in this Colony, that they plant at least a sufficiencie of Corne for themselues and theire families, and that they do not hope or rely vppon any supply of Corne, by trade w'� the Indians, w"" wilbe in vaine, since leaue and license to trade wt them, shalbe very sparingly grannted to any, and not at all to sueh, whose want of Corne hath proceeded from theire neglect of planti",seed_unreviewed,source language; never normalize to a single polity
IM00571,Indians,Indian,COLONIAL_UMBRELLA_LABEL,colonial_umbrella,v4FullOCR.txt,418053,beeing spoyled it beeing answered that St G. Yardlie should puide them Corne if they would puide Tobacco. And another fre giues a Reason why they are not suffred to plant Corne least ## th� Indians should lurke in it. And of this M* Jadwyn complayned lately in open Court. 22 Theyr owne Beekes �printed paprs� speake but of 180. 23 See M* G. Sandys his tre to M' ffarrar. let it be see,seed_unreviewed,source language; never normalize to a single polity
IM00572,Indians,Indian,COLONIAL_UMBRELLA_LABEL,colonial_umbrella,v4FullOCR.txt,477055,he former peed this isbeleaveth they haue not left behind them so many able men in the Contrey: elutine And Ht expresse word� more expressly he sayeth that when they were to goe vpon th� Indians they could out of the whole Colony but raise ISU (vhereof sO were fitt only to carry burthens) te teownter wea - < -~ divtinns We find also that not only the liues of #bewe 2646 dinerse,seed_unreviewed,source language; never normalize to a single polity
IM00573,Indians,Indian,COLONIAL_UMBRELLA_LABEL,colonial_umbrella,v4FullOCR.txt,481380,"heit prouidence Sof thexpert Couerno� & the � oe aa Officers in those tyimes� that they did not only preuent any such disasters ee iipeeeen as haue lately befallen them by the hand� of the Indians, but that eonftrari-s� If his Mae at hy one 218 RECORDS OF THE VIRGINIA COMPANY will please th call wise they ether forced them to a � good correspondence and made prey if for the old A",seed_unreviewed,source language; never normalize to a single polity
IM00574,Indians,Indian,COLONIAL_UMBRELLA_LABEL,colonial_umbrella,v4FullOCR.txt,503025,"St Francis Wyatts tre to his father George Wyatt Esqt dat 4 Ap. 1623 Jam� City sayes, M� Boyse reporteth of a great deale of imiserie that 0� people endure and not least. Hunger in w'h th� Indians also suffer extreame. The Company agreed wth Capt Each (M? of th� Abigaile) for erecting of a Fort vpon the Oister bankes: but it pleased God to eall himt away pres- ently after his comin",seed_unreviewed,source language; never normalize to a single polity
IM00575,Indians,Indian,COLONIAL_UMBRELLA_LABEL,colonial_umbrella,v4FullOCR.txt,504253,"found at his landing out of the Abigaile, The Gouernor & his lady at M* Gookins Planta�@on: But of all M* Gookin�s men wch he sent ou? the last yeare we found but 7: becing all killd by th� Indians and his plantaGon ready to fall to decay: The Countrey ai this tyme standeth in as bad an estate as it hath done many a day for we cahot goc to o' labour uwhout armed men to garde us wh wil",seed_unreviewed,source language; never normalize to a single polity
IM00576,Indian,Indian,COLONIAL_UMBRELLA_LABEL,colonial_umbrella,v4FullOCR.txt,508089,"poorer sort are not able to ee seal live: xij! ster: I hane pd fora hogshead of Meale & that in good sil? xse a iustell of Plate, cheifelie to feed the men that make my house. A Bushell of Indian India? Corne Corne is sold for xx* 8. Idem to Mr� Cafting. 25 M%ch 1623) I haue ben forced to buy a hogs- head of Meale wh cost me xij""! stert: A faire guilt silu? bowle wth a Couer payed",seed_unreviewed,source language; never normalize to a single polity
IM00577,Indians,Indian,COLONIAL_UMBRELLA_LABEL,colonial_umbrella,v4FullOCR.txt,515461,"of this Contrey, There was the first pe a i Massaere killd of of English 400 and odd psons: since at tymes there haue ben killd XX and odd And in this last Massacre there was eutt off by th�Indians a Pinnace, a Shallopp, and a small Boate wth 26 men all in compleat Armour the 27 of M9ch 1623 So the truth is we lywe in the feare- fullest age that cuer christians lyued in: And to speake",seed_unreviewed,source language; never normalize to a single polity
IM00578,Indians,Indian,COLONIAL_UMBRELLA_LABEL,colonial_umbrella,v4FullOCR.txt,516402,"much Corne as we would: And indeed, we dure scarce stepp out of pene eemie ** o dores neither for wood nor water the fast sere The last yeare I had a : very hard yeare of it by reason of th�Indians and J feare this wilbe as bad: T lost the last yeare as many Cattle as were worth a 100"": yet if we saue but o' liues god willing the next yeare I will see yo"" &e 15. Idem to his father i",seed_unreviewed,source language; never normalize to a single polity
IM00579,Indians,Indian,COLONIAL_UMBRELLA_LABEL,colonial_umbrella,v4FullOCR.txt,518568,me at this tyme but for puision of victualls he that hath it keepes it and will part wth none for they all feare want: The Contrey is fullie determyned this Somer to sett mainly? vpon th� Indians w�h if it please God to prosp we shail haue againe a plentifull Contrey; but in the meane tyme we shall want if o� Frend� in England doe not stand to vs. If it be possible send me a Hogg,seed_unreviewed,source language; never normalize to a single polity
IM00580,Indians,Indian,COLONIAL_UMBRELLA_LABEL,colonial_umbrella,v4FullOCR.txt,523211,man and must be peremptorilie compelld from the most: Such an Antipathy is there betweene theyr vast Comands and of grumb- ling Obedience: They talke of an Army of 500 to issue out vpon th� Indians py this account tn all paris and after a rufiing Armuye of 150 te vex them inall plares: This vet 700 men in ye loyned wth the 4 man for the Fort would leaue some xx men to guard 40 Panbeon,seed_unreviewed,source language; never normalize to a single polity
IM00581,Indians,Indian,COLONIAL_UMBRELLA_LABEL,colonial_umbrella,v4FullOCR.txt,525430,l [blank]. There is one Rousley a Surgeon that came ou? in the James and brought ten men ou? wth him to Virginia but all his seruants are dead. There are none but women in Captiuitie wth th�Indians for the men that they tooke they putt them to death: Many of yot yong Cattle are dead for there hath ben a generall mortalitic both af man & beast this yeare & the last: Two or 3 freemen th,seed_unreviewed,source language; never normalize to a single polity
IM00582,Indians,Indian,COLONIAL_UMBRELLA_LABEL,colonial_umbrella,v4FullOCR.txt,563153,enefit� of the better setling of the plantationin Virginia. 1. The places #*�h were antientlie $hest� fortified were the Cities of Henrico and Charles w�h are now vtterlie demolished by th'Indians: And tho fortifications about James Citie & Elizabeth Citie are Shaue ben� sulfered by the Colonye of late to grow to such decay that they le sak are become of no strength or vse so that as,seed_unreviewed,source language; never normalize to a single polity
IM00583,Indians,Indian,COLONIAL_UMBRELLA_LABEL,colonial_umbrella,v4FullOCR.txt,564437,wne wth great Timber Trees so that there is little or no land fitt for {presents culiure but whet is �what� by industric is cleared of the wood or either hy the Gelony �English� or +h by th�Indians. 4. The fortifications antientlie vsed were by Trench and Pallizado #�h new are sli gone te ruyne and diuerse blockhouses made of Fenther great Tymber built vppon passages aH and �he for s,seed_unreviewed,source language; never normalize to a single polity
IM00584,Indians,Indian,COLONIAL_UMBRELLA_LABEL,colonial_umbrella,v4FullOCR.txt,601605,"overnor and Capt generall of Virginia. Forasmuch as the tradeing for Corne by diu� privat men hath not only heene the meanes of bringeing downe the vallew of o� Trucking stuffe amongst the Indians (whilest mens necessities haue caused them to giue any rates for Corne, rather then return emptie) but also beene agreat hin- drance to the planting of Corne (so often, and so strictly Coma",seed_unreviewed,source language; never normalize to a single polity
IM00585,Indians,Indian,COLONIAL_UMBRELLA_LABEL,colonial_umbrella,v4FullOCR.txt,602324,"creed and by these plsent@ doth straightly charge and Comand, that no pson or psons vin this Colony) of what condi@on or qualitie soever, shall dare to go to trade or truck for Corne w� any Indians, either Easterne Shore, or win any part of the Bay of Chesapeack: as they will answer the eon- trary at theire vttermost perill@. Given at James Cittie the fourth day of September 1623, Fr",seed_unreviewed,source language; never normalize to a single polity
IM00586,Indians,Indian,COLONIAL_UMBRELLA_LABEL,colonial_umbrella,v4FullOCR.txt,1044121,"to spread, und growe, to find out the best Commodities, and inlarge the Ikine� Dominions, but they shall secure it both from forraine Enimies, and inable it to give lawes to the Domesticke Indians. 4. Fourthly, the imploying of those men there to make the best & sud- dainest returnes hither. 5. Fiftly the mannageing and ordering those returnes so, as they shall not onely supply and",seed_unreviewed,source language; never normalize to a single polity
IM00587,Indians,Indian,COLONIAL_UMBRELLA_LABEL,colonial_umbrella,v4FullOCR.txt,1068389,"trade, in any River, or Rivers win the Bay, cither vppon pledg, if the Savadges shall require it, or othenvise: forbidding notw�standing the said Raph, to compell by any waics or meanes any Indians whatsoever to trade more then they shalbe willing to trade for; or to offer any violence to any exept in his owne defence, in ease of suspiten of treacherie, or open wrong intended to him o",seed_unreviewed,source language; never normalize to a single polity
IM00588,Indians,Indian,COLONIAL_UMBRELLA_LABEL,colonial_umbrella,v4FullOCR.txt,1116159,"in the bloudy Masaere, & her selfe Caried away w'� the Cruell saluages, amongst them Finduring much misery for teen monthes At the Exspiration it pleased God so to dispase the hartes of the Indians, yt for a small ransome yo"" petitioner w diuers others should be released, In Con- sideration that Doctor Potts laid out two pound of bendes for her release- meat, hee alleageth yo"" petione",seed_unreviewed,source language; never normalize to a single polity
IM00589,Indians,Indian,COLONIAL_UMBRELLA_LABEL,colonial_umbrella,v4FullOCR.txt,1117076,"e most humbly desiereth, that yo"" wilbe pleased to take wt Course shalbe thought iust for her rcleascment fro� his seruitude, Considering that it much differeth not from her slancry w'* the Indians, & yo"" peticioner shalbe bound to pray ete See the Court holden March the 30% 1624 474 RECORDS OF THE VIRGINIA COMPANY CDXLV. Joun Hate. Petition to Sim Francis Wyarr Berore Aprib 12, 162",seed_unreviewed,source language; never normalize to a single polity
IM00590,Indians,Indian,COLONIAL_UMBRELLA_LABEL,colonial_umbrella,v4FullOCR.txt,1202886,"nother reson of the Generall Assemblies sendinge for the said Complaynants to Comune wth him might be and was concerninge an outrage done by some of the said Complaynante people to Certaine Indians in the Bay wth whom wee were in league and peace. in takeing away by violence� from them a certain quantitie of Corne at wh aet it semed to the assemblie the said Complaynant! conive,! and",seed_unreviewed,source language; never normalize to a single polity
IM00591,Indians,Indian,COLONIAL_UMBRELLA_LABEL,colonial_umbrella,v4FullOCR.txt,1205059,appere by a hill of the sayed Capt Sand's hand wh the said Defend' hath to show he saith alse that the Marriners did throw som smale trompery in to the boat thinge of lite or no vallew the Indians hauinge earied away all other thing@ as it should seeme by there strowinge of old Chest@ and barrell� about the feild but weather there were at the sayd Capt Saund�s Planta�on any goode at,seed_unreviewed,source language; never normalize to a single polity
IM00592,Indians,Indian,COLONIAL_UMBRELLA_LABEL,colonial_umbrella,v4FullOCR.txt,1213995,"ing to y� Sumer Tlandes, one Shallop, onc Shippboate, and two small boats belonging to private men. 6. Three Ministers in orders, & Two wout 7. No Comoditie on foote saue Tobaceo. 8. The Indians in dowbtfull Termes. This as they report was the true estate of y� Planta�ons at y* Twelue yeares end. To w* being added the other condi�on of the Colonic, w? in other writinges they expre",seed_unreviewed,source language; never normalize to a single polity
IM00593,Indians,Indian,COLONIAL_UMBRELLA_LABEL,colonial_umbrella,v4FullOCR.txt,1364155,"4. Canvas. See under Commodities, clothes. Cape Comfort, 374, 375. Cape Henry, 108, Cape merchant, 263. Held for magazine debts, 515, Capps, William, 161, 235, 238, 558. Defender against Indians, 159. Letter to: John Ferrar, 76-79, Doctor Thomas Wynston, 37-39, Caps. See under Commoditica, clothes. Careleff, �, 565. Carew, George, Lord, 251, 253, 363, 360. Carewe, Edward, 365. C",seed_unreviewed,source language; never normalize to a single polity
IM00594,Indians,Indian,COLONIAL_UMBRELLA_LABEL,colonial_umbrella,v4FullOCR.txt,1374589,"King. 540 Powder, need of, 528, 545, 568, 569. Powder sent by Company, 641, Shot, 278, 281, 383, 385, 475. Swords, 279, 281. Bacon, 233. Barrels, 278, 280, 282. Beads, used in dealing with Indians, 98-99. Beans, 7. Beaver skins, 166. Beef, 41, 58, 59, 60, 235. 596 Commodities: Continued. Beef net, 2272 seat a Suel bela. 1 Beer, 59, 65, 78, 100, 109, 161, 227. Bad, 233, Bad on",seed_unreviewed,source language; never normalize to a single polity
IM00595,Indians,Indian,COLONIAL_UMBRELLA_LABEL,colonial_umbrella,v4FullOCR.txt,1375207,"dles, 220, Cask, 280, Caitle, 12, 66, 71, 104, 125, 360, 382, 883, 385, 438, 511, 416, 517. Accounting of, 15, 94, 566. Prom England, 82, 177, 179, 432. Tnerease among, 422, Killed by Indians, 67, 118, 188, 476, 524, Mortality among, 229, 283, 234, 235, 238. Plenty of, 4. Price of, 126, 285. Punishment for stealmg, 284. Scarcity of, �20. State of after massacre, 131-134,",seed_unreviewed,source language; never normalize to a single polity
IM00596,Indians,Indian,COLONIAL_UMBRELLA_LABEL,colonial_umbrella,v4FullOCR.txt,1376335,"280, Corn, 16, 65, 102, 103, 104, 108, 116, 118, 143, 149, 176, 178, 221 Accounting of, desired, 126. Bond paid in, 288. Dependence on, 92, 289. Diet of, insufficient, 175. For relief, 247. Indians deprived of, 10, 71, 74, 450, 508. Indians� destroyed, 9, 87, 222, 250, 450, 507, 508, 569. Indians seek peace to grow, 98-99, Tudians� trade, 470. Indians� trade forced, 7, 189, 515. India",seed_unreviewed,source language; never normalize to a single polity
IM00597,Indians,Indian,COLONIAL_UMBRELLA_LABEL,colonial_umbrella,v4FullOCR.txt,1376378,"118, 143, 149, 176, 178, 221 Accounting of, desired, 126. Bond paid in, 288. Dependence on, 92, 289. Diet of, insufficient, 175. For relief, 247. Indians deprived of, 10, 71, 74, 450, 508. Indians� destroyed, 9, 87, 222, 250, 450, 507, 508, 569. Indians seek peace to grow, 98-99, Tudians� trade, 470. Indians� trade forced, 7, 189, 515. Indians, tribute from, 93. Levied, 400, 401-402,",seed_unreviewed,source language; never normalize to a single polity
IM00598,Indians,Indian,COLONIAL_UMBRELLA_LABEL,colonial_umbrella,v4FullOCR.txt,1376435,". Bond paid in, 288. Dependence on, 92, 289. Diet of, insufficient, 175. For relief, 247. Indians deprived of, 10, 71, 74, 450, 508. Indians� destroyed, 9, 87, 222, 250, 450, 507, 508, 569. Indians seek peace to grow, 98-99, Tudians� trade, 470. Indians� trade forced, 7, 189, 515. Indians, tribute from, 93. Levied, 400, 401-402, 407. Levied for forts, 401, 441. Levied for minister, 40",seed_unreviewed,source language; never normalize to a single polity
IM00599,Indians,Indian,COLONIAL_UMBRELLA_LABEL,colonial_umbrella,v4FullOCR.txt,1376491,"sufficient, 175. For relief, 247. Indians deprived of, 10, 71, 74, 450, 508. Indians� destroyed, 9, 87, 222, 250, 450, 507, 508, 569. Indians seek peace to grow, 98-99, Tudians� trade, 470. Indians� trade forced, 7, 189, 515. Indians, tribute from, 93. Levied, 400, 401-402, 407. Levied for forts, 401, 441. Levied for minister, 404. Litigation about, 510-511. Joaned to fellow planters,",seed_unreviewed,source language; never normalize to a single polity
IM00600,Indians,Indian,COLONIAL_UMBRELLA_LABEL,colonial_umbrella,v4FullOCR.txt,1376527,"dians deprived of, 10, 71, 74, 450, 508. Indians� destroyed, 9, 87, 222, 250, 450, 507, 508, 569. Indians seek peace to grow, 98-99, Tudians� trade, 470. Indians� trade forced, 7, 189, 515. Indians, tribute from, 93. Levied, 400, 401-402, 407. Levied for forts, 401, 441. Levied for minister, 404. Litigation about, 510-511. Joaned to fellow planters, 105, 514. Pianting regulated, 6-7,",seed_unreviewed,source language; never normalize to a single polity
IM00601,Indians,Indian,COLONIAL_UMBRELLA_LABEL,colonial_umbrella,v4FullOCR.txt,1377146,"y of, 12, 13, 62, 107, 115, 121, 216, 226, 230, 236, 238, 260, 520, 535. Storage of, for public uses, 452. �faxed, 284-285. Trade, commission to, 447-448. Trade in, 312, 275-276. Trade with Indians for, 189, 470. Wages paid in, 288, 457. Cows, 115. Deer. See Venison. INDEX Commodities: �Continned. Development of, 436. Diamonds, 166, Earths, 109. Firkin, 279, 281. Fish, 121, 231,",seed_unreviewed,source language; never normalize to a single polity
IM00602,Indians,Indian,COLONIAL_UMBRELLA_LABEL,colonial_umbrella,v4FullOCR.txt,1391991,"5-146, 5OL-S04. Criticized, 110-111, 161. Declaration of state of Virginia by them answered, 130-151. Defeuse of behavior of colunists, 10-14. Defined, 368, 370. Food supply reported, 18-�, Indians, actions in defense against, 159, Laws and orders, 180, 580-585. Letters from: Commissioners to Virginia, 40. Company, 163-164. Letters to: Commissioners far Virginia, 562-567, Henry, Visco",seed_unreviewed,source language; never normalize to a single polity
IM00603,Indians,Indian,COLONIAL_UMBRELLA_LABEL,colonial_umbrella,v4FullOCR.txt,1393140,"ents of, 418, 419, 420-421. INDEX Council in Virginia�Continued. Price setting, 271-272. Proclamations: Against stealing, 283-284. Concerning payment of debts, 273. Forhidding trade with Indians, 275-276. Rates of commodities, 444. To levy men for forts, 129-130. Punishment awarded by, 118. Right of Company to have, 360, 367, 389, 393. Seattering of settlements advised against,",seed_unreviewed,source language; never normalize to a single polity
IM00604,Indians,Indian,COLONIAL_UMBRELLA_LABEL,colonial_umbrella,v4FullOCR.txt,1396432,"489-490, Stealing, 59, 283-284. Crofte, Sir Herbert, 363. Cromwell, Henry, 865. Cromwell, Sir Oliver, 157, 368, 369. Croshaw, Rawleigh, Captain, 22, 364, 558, 585. Commission to trade with Indians, 470. Crosley, William, 364. Cross-petition, 112. Crowe, John, 210. Cuffe, �, 291. Culle, Juhu, 245, 358, 359, 361, 398, 406, 407. Cuffs. See under Commoditics, clothes. Culpepper, John, 30",seed_unreviewed,source language; never normalize to a single polity
IM00605,Indians,Indian,COLONIAL_UMBRELLA_LABEL,colonial_umbrella,v4FullOCR.txt,1397146,"4. Cutler, Thomas, 366. Cuits, Sir John, 157. INDEX Dade, John, 553. Dale, Lady (Dayle), 8, 210. Her situation explained during massacre, 12. Dale, Sir Thomas, 35, 74, 98, 555, Subjugated Indians, 117-118. Dallby, 126. Damerin, John, 512. Daneing Point, 512. Dancll, �, 222. Daniel, Christopher, 556. Danicll, Alluin, 290. ' Danvers, Sir John, 198, 358, 359, 361, 398, 405. Auditor o",seed_unreviewed,source language; never normalize to a single polity
IM00606,Indians,Indian,COLONIAL_UMBRELLA_LABEL,colonial_umbrella,v4FullOCR.txt,1400285,"der Ships. Daffe, Geoffrey, 364. Dun, William, 365, 366. Duuthorne, Elizabeth, 5 Duppa, James, 366. Dupper, �. Poisoned many with bad beer, 65, 100, 109, Durant, John, 365. Dutch trade with Indians, 103, Butch woman, 243. Duties. See Customs dutivs. Dutton, �, 48. Dutton, Sir Thomas, 363. 58. | Duty Boys, 23, 99. Dyke, John, 20, 366. Commissioner for scttling government of Virginia",seed_unreviewed,source language; never normalize to a single polity
IM00607,Indians,Indian,COLONIAL_UMBRELLA_LABEL,colonial_umbrella,v4FullOCR.txt,1401017,"506. East Indies, 526. 606 Edmondes, Sir Thomas, Treasurer of Household. Coun ioner for settling government af Virginia, 490, 494, 495, 497. Education: Fast India Free School, 15, 506. Of Indians, 1 Edwards, �, 214. Edwards, Anthony, 552. | Edwards, Richard, 20, 45, 46, 80, 90, 91, 291. Commissioner for setting government Virginia, 491, 494. Edwards, Robert, 246. Edwin. See under Sh",seed_unreviewed,source language; never normalize to a single polity
IM00608,Indians,Indian,COLONIAL_UMBRELLA_LABEL,colonial_umbrella,v4FullOCR.txt,1408283,"ernment of Virginia, 491, 491; to investigate, 575- 580. Gogh, �, messenger, 244, Gold. See wader Commodities. Gondomar, Count of, 539. Govkin, Daniel, 105, 116, 210, 456. His men killed by Indians, 229, Goose. Sce under Commodities, arms. Gore, �, 80. Gorges, Sir Ferdinando, 80. Commissioner for settling government of Virginia, 491, 494. Loss of his ship 612-514. Gorges Point, 121. G",seed_unreviewed,source language; never normalize to a single polity
IM00609,Indians,Indian,COLONIAL_UMBRELLA_LABEL,colonial_umbrella,v4FullOCR.txt,1417342,"ey, John, 363. Huntt, Thomas, 365. Hurd, Edward, 211. Hurleston, John, Captain, 555, 557. Hutchins, Robert, 557. Ibbison, Percival, 557. Indenture. Of a lease, 97. John Loyde'�s, 128-129. Indians, 109, 115, 117, 159, 161, 186, 421, 493, 512. Armed, 61, 180. Captives with, 41, 232. Returned, 98-99, 102. Woinen enslaved, 238. �, Captain, 363. | Cattle killed by, 188. Controlled by",seed_unreviewed,source language; never normalize to a single polity
IM00610,Indians,Indian,COLONIAL_UMBRELLA_LABEL,colonial_umbrella,v4FullOCR.txt,1440690,"HO1, 505. Teiree, Edmund (Pears Peirce, Goorge (Pe (Peirce, Jerome (Pes INDEX Veiree, Perce, Perse, Pearecy), 107, 108, 556, 585- Conunission as Captain of Guard, 209. Commission te fight Indians, 250-251. Governor of Jamestown, 111. Order to levy corn and tabacco, 401-402. Warrant to levy tobacea and corn, 101. Peirs, �, 210. Peirsman, Thomas, 60. Pelham, Henry, 210. Pemberton, �,",seed_unreviewed,source language; never normalize to a single polity
IM00611,Indians,Indian,COLONIAL_UMBRELLA_LABEL,colonial_umbrella,v4FullOCR.txt,1441175,". Pennerstone, �, 20. Pennington, Robert, 365. Penreis, Jahn. Petition eonreriing trade, Pensions, 584. Pepper. See wider Commaiiities. Peppett, Gilbert, 517, 557. Comtnission to trade with Indians, 189. Peree,�, 201, Perkin, Thomas, 364, Perkins, Arai, 365. Perkins, Sir Cliristopher, 363. Perrott, Sir James, 157. Verruck, William, 228. Perry, �, 257, Perry, George, 556. Perry, Willia",seed_unreviewed,source language; never normalize to a single polity
IM00612,Indians,Indian,COLONIAL_UMBRELLA_LABEL,colonial_umbrella,v4FullOCR.txt,1449952,". See under Commodities, clothes. Poliey, form of for Virginia, 408-435. Pollington, John, 257, 546, 555, Poll tax, 99. Pomunkie. See Pamunkie. Ponunka, 451. Poole, Robert. Interpreter with Indians, 98. Petition to Sir Francis Wyatt for wages, 457-458. Poole, Thomas, 556. Pooley, Grivell, 402. Marriage contract, 218 220. Pope, �, 511. Pope, Thomas, 222. Popery, 509, Popham, George, 36",seed_unreviewed,source language; never normalize to a single polity
IM00613,Indians,Indian,COLONIAL_UMBRELLA_LABEL,colonial_umbrella,v4FullOCR.txt,1451110,"to be settled, 559, 560, 564. Maids, account for, 15, 453. INDEX Pountis�Continued. Messenger from General Assembly in Vir- ginia tu Privy Council, 474, 476, 584, 585. Pinnace destroyed by Indians, 10, 61, 89, 108, 450. Shipowner, 95. Viee-admiiral's tenants, 185. Poverty, causes of iu Colony. Nee erofes Vian tation. Powder. Sce wnder Cammoadities, arms. Powell, ditin, Powell, Wi",seed_unreviewed,source language; never normalize to a single polity
IM00614,Indians,Indian,COLONIAL_UMBRELLA_LABEL,colonial_umbrella,v4FullOCR.txt,1453172,"f directed by, 268, �53. Tobacco affairs, 53-57, 63, 485-489. Privy councillors, 212. Proclamation, 224, By governor: Commodity prices, 271-273, 569-370, Corn planting, 172-173. Debts, 273, Indians, treatment of, 167-168. Levy of men for fort, 129-130. Stealing of domestic animals, 283-284. Trade for corn forbidden, 275-276, Viees, 15, 583. Procter, George, 3115, Procter, John (Procto",seed_unreviewed,source language; never normalize to a single polity
IM00615,Indians,Indian,COLONIAL_UMBRELLA_LABEL,colonial_umbrella,v4FullOCR.txt,1459550,"64. Sandys, Sir Samuel, 161, 863. Letter from George Sandys, 73-75. Sandys, Thomas, 3t-4. Sansapen, 9. Sassafras. See wader Commodities. Savage, Thomas, Ensign, 276, 514, 559. Savages. See Indians. Saw-mills. See under Caomuioditics. Saws. See under Commodities, tools. Saxon, 434. School, East India Free, , 566. Scotlaud, $5, 251, 362, 374, 501, 502 Scatt, �, 48, 204, 291, Seatt,",seed_unreviewed,source language; never normalize to a single polity
IM00616,Indians,Indian,COLONIAL_UMBRELLA_LABEL,colonial_umbrella,v4FullOCR.txt,1463954,"t, Under Chamberlain, $1. Smith, Roger, Captain, 556, Couneil in Virginia, 17, 7, 101, 103, 215, 390, 442, 4 475, 481, 501, 51S, 567, 570, Fort, in charge of building, 1 188, 101, 229, 454. Indians attacked by, 222. Oyster beds, 100. Smith, Samuel, sue. Sruith, William, tenant, 104. smithes Tribe, 121. I Stovth: wth 00, 129-120, 630 Sinythe, Sir Thomas, Governor, 80, 174, 185, 214,",seed_unreviewed,source language; never normalize to a single polity
IM00617,Indians,Indian,COLONIAL_UMBRELLA_LABEL,colonial_umbrella,v4FullOCR.txt,1472357,"ation concerning commodity prices, 271-273. INDEX 633 Trade-�Continued. | Tucker�Continued. Proclamation forbidding private trade in � Payment of debts tn, 273. corn, 275-276. i Poisoning Indians, 221-222. Relations with Duteh ships, 108. ' Warrants: With French, 103. To collect taxes, 284-286. With Indians, 399, 448; forced, 7, 189. To conduct election, 448-449. Scoala dader Commod",seed_unreviewed,source language; never normalize to a single polity
IM00618,Indians,Indian,COLONIAL_UMBRELLA_LABEL,colonial_umbrella,v4FullOCR.txt,1472470,"ding private trade in � Payment of debts tn, 273. corn, 275-276. i Poisoning Indians, 221-222. Relations with Duteh ships, 108. ' Warrants: With French, 103. To collect taxes, 284-286. With Indians, 399, 448; forced, 7, 189. To conduct election, 448-449. Scoala dader Commodities. i To distrain goods of defaulters, 407. Tradesicant, John, 229. To levy soldier, 292, Transportation. Tuck",seed_unreviewed,source language; never normalize to a single polity
IM00619,Indians,Indian,COLONIAL_UMBRELLA_LABEL,colonial_umbrella,v4FullOCR.txt,1473208,"Adventurers and | Turner, Richard, 364. Planters af the Ciilie of London for the first | Turrcll, Francis, 364, Cotany in Virginia, 207. Tutlebin, Edmond, 509. Treaty, perfidious one with Indians, 71. _ Tutehin, Simon, Treavor, Thomas, 147. i Accused of popery, 509. Tree, Richard, 537. : Unitie. See under Ships. Trenches, 259, � fumastinge of Vigra, The, 20, 287, wa, Mt Tressell, �,",seed_unreviewed,source language; never normalize to a single polity
IM00620,Indians,Indian,COLONIAL_UMBRELLA_LABEL,colonial_umbrella,v4FullOCR.txt,1479604,", Tedd aban Conimissinuer for settling government of Virginia, 401, 404, 497. Women Account for tusids sent to colany, 453, 564. Bigamy, 457. ity maids, 99. Cornplatit � 4 Kept as slaves by Indians, 238. Kind sent to Virginia, $2. Laund pay, 231, Maids, t ation of, 16. Need of in sickuess, 231. Ransomed from Indians, 473. | Return on investment in, 265-206 Wives, 522. Wood, �, 291. Wo",seed_unreviewed,source language; never normalize to a single polity
IM00621,Indians,Indian,COLONIAL_UMBRELLA_LABEL,colonial_umbrella,v4FullOCR.txt,1479724,"53, 564. Bigamy, 457. ity maids, 99. Cornplatit � 4 Kept as slaves by Indians, 238. Kind sent to Virginia, $2. Laund pay, 231, Maids, t ation of, 16. Need of in sickuess, 231. Ransomed from Indians, 473. | Return on investment in, 265-206 Wives, 522. Wood, �, 291. Wood, Thomas, 368. Wood, Thomas, Captain, 864. Woodall, �, 15, 81, 187, 291, 541. Woodall, John, 20, 238, 364. Captain (W",seed_unreviewed,source language; never normalize to a single polity
IM00622,Indians,Indian,COLONIAL_UMBRELLA_LABEL,colonial_umbrella,v4FullOCR.txt,1481192,"e of colony, 228-229, 232 233. Ship overcrowded, 160. Wyatt, Sir Francis, Governor, 117, 159, 186, 211, 226, 265, 460, 461, 4638, 464, 557, 562. Commissions: Captain of Guard, 209. To fight Indians, 250-251. Fort, building of, 188. Government in his absence, 399-400. To Sir George Yeardley, 18. ok. See algo Worsten- INDEX Wyatt, Sir Francis, Governor�Continued. Commissivucrs�Conti",seed_unreviewed,source language; never normalize to a single polity
IM00623,Indians,Indian,COLONIAL_UMBRELLA_LABEL,colonial_umbrella,v4FullOCR.txt,1482515,"5 4156, 456-457, 457-458. Proclamations: Commodity rates, 271-273. Debts, 273. Ordering each planter to produce corn for himself, 172-173. Stealing, 283-284. Trade, 275-276. Warning against Indians, 167-168. INDEX Wyatt, Sir Francis, Governor �Continued. Warrants: Collect salary, 404. Debt, 402. Distrain goods on defaniters, 407. Lleetions and 448 449, Levy corn and tobacco, 401. Le",seed_unreviewed,source language; never normalize to a single polity
IM00624,Savages,Savage,COLONIAL_UMBRELLA_LABEL,colonial_umbrella,v4FullOCR.txt,305756,swere that this Parenthesis of (Notwthstandinge the late Mortalitie and Massacre) is not soe slightly to be passed over secinge that in the tymes of the greatest strength and enmitye of the Savages and of the Weaknes of o Colony the like mischeife never happened as this wih hath redownded not only to the losse of the lives of soc many of his Mat� Subiect@ Ovhereof in all disasters of,seed_unreviewed,source language; retain only as quoted mention text
IM00625,savage,Savage,COLONIAL_UMBRELLA_LABEL,colonial_umbrella,v4FullOCR.txt,306234,"Phontaeen thereby but etsae to the shaine and reproach of ao Na�on �hoc heretofore wth lesse then halfe the men that were thus butehered did dare MALAY, 1623 135 the whole power of those savage Prinees and foreed them either to a good Corespondencie or to a yvearely Contribucon �and tet them shew for triall of the truith hecreof whether in the whole 12 yeeres of 8"" Thomas Sinyths",seed_unreviewed,source language; retain only as quoted mention text
IM00626,savages,Savage,COLONIAL_UMBRELLA_LABEL,colonial_umbrella,v4FullOCR.txt,336725,"h|| Theire cares haue not bene �Answ9|| vneffectuall wee Confesse for the Colony is nowe oppressed wth amyn and sicknes wthin and engaged in a Warre wth the Natives wthout, And whereas the savages were formerlie brovelit to good Corespondeneie |& or|] made tributarie to vs, they nowe dare maynteyne an open Warre wh o� people and beinge armed wth of Weapons and havinge learned the vee",seed_unreviewed,source language; retain only as quoted mention text
IM00627,savage,Savage,COLONIAL_UMBRELLA_LABEL,colonial_umbrella,v4FullOCR.txt,989941,"y- ice of God and Christian faith bee preached planted and used, not onely within everie the BEFORE DECEMBER 7, 1623 413 sayde severall collonies, but alsoe as much as they may amongst the savage people, which doe or shall adjoyne unto them, and border uppon them, accordeing to the doctrine, rightes, religion, and eclesiasticall forme of governement now professed and established in",seed_unreviewed,source language; retain only as quoted mention text
IM00628,Savages,Savage,COLONIAL_UMBRELLA_LABEL,colonial_umbrella,v4FullOCR.txt,1151136,y of his Maiestye in ppagating religion to such people as then lived in darkenes and miserable ignorance of the true knowledge and Worshippe of God and might in tyme bring the Infidell� and Savages in those partes to human Civilitye and to a setled and quiett governement did by our tres Patentes in the fourth yere of our raigne of Englande graunte to diu�s knightes gentlemen and other,seed_unreviewed,source language; retain only as quoted mention text
IM00629,Savages,Savage,COLONIAL_UMBRELLA_LABEL,colonial_umbrella,v4FullOCR.txt,1155455,t our subiect� and people sent to inhabite there and to plante themselues in that Countrye Were most of them by God@ visitaton sicknes of bodye famyne and by massacres of them by the native Savages of the lande dead and deceased and those that Were living of them lived in [miserable and lamentable necessitye and Wante but the ecountrie (for any thing appered to the saide Coffilssioner,seed_unreviewed,source language; retain only as quoted mention text
IM00630,Savage,Savage,COLONIAL_UMBRELLA_LABEL,colonial_umbrella,v4FullOCR.txt,1199445,thinge he never did ether by word or writting. To the fifth the ssid Defeud* suith that soone after luis arivall to be Gov- erno� having oeca@on for the publique servie� to employ Ensigne Savage as an Interpreto� he sent for him to the Complaynant at whose Planta�on he then lived and saith that after the said Ensignes returne. the like oceat�on required the sendinge of him againe b,seed_unreviewed,source language; retain only as quoted mention text
IM00631,Savages,Savage,COLONIAL_UMBRELLA_LABEL,colonial_umbrella,v4FullOCR.txt,1459537,"s, Richard, 364. Sandys, Sir Samuel, 161, 863. Letter from George Sandys, 73-75. Sandys, Thomas, 3t-4. Sansapen, 9. Sassafras. See wader Commodities. Savage, Thomas, Ensign, 276, 514, 559. Savages. See Indians. Saw-mills. See under Caomuioditics. Saws. See under Commodities, tools. Saxon, 434. School, East India Free, , 566. Scotlaud, $5, 251, 362, 374, 501, 502 Scatt, �, 48, 204,",seed_unreviewed,source language; retain only as quoted mention text
IM00632,natives,native,COLONIAL_UMBRELLA_LABEL,colonial_umbrella,v4FullOCR.txt,37331,"age. and in peess of time to enrich them, Barkes Pynnaces Shallops Barges BETWEEN JANUARY AND APRIL, 1622/8 5 and boates built in the Country the better to accomodate and secure them, The natives of the Country in soc awfull a aleancye and amytic w'"" them, that many of those heathens voluntaricly yeclded them selves subicet� and servant� to our gratious Seueraigne and priding themse",seed_unreviewed,source language; context may be non-Indigenous
IM00633,Native,native,COLONIAL_UMBRELLA_LABEL,colonial_umbrella,v4FullOCR.txt,184042,"that place had beene better, at the first, to have seated on, in regard of 74 RECORDS OF THE VIRGINIA COMPANY fertilitie, Convenience, all sorts of provision and strength both against the Native and fforreiner) yet theis were refuted by vs in point� of Reputacon, being beside, as wee alfedged, an intollerable presumption for ys to attempt such a Change without your Consent@: howsov",seed_unreviewed,source language; context may be non-Indigenous
IM00634,Natives,native,COLONIAL_UMBRELLA_LABEL,colonial_umbrella,v4FullOCR.txt,336693,"eete in gen%all. 18] ||11 branch|| Theire cares haue not bene �Answ9|| vneffectuall wee Confesse for the Colony is nowe oppressed wth amyn and sicknes wthin and engaged in a Warre wth the Natives wthout, And whereas the savages were formerlie brovelit to good Corespondeneie |& or|] made tributarie to vs, they nowe dare maynteyne an open Warre wh o� people and beinge armed wth of Wea",seed_unreviewed,source language; context may be non-Indigenous
IM00635,native,native,COLONIAL_UMBRELLA_LABEL,colonial_umbrella,v4FullOCR.txt,1155448,vs that our subiect� and people sent to inhabite there and to plante themselues in that Countrye Were most of them by God@ visitaton sicknes of bodye famyne and by massacres of them by the native Savages of the lande dead and deceased and those that Were living of them lived in [miserable and lamentable necessitye and Wante but the ecountrie (for any thing appered to the saide Coffi,seed_unreviewed,source language; context may be non-Indigenous
IM00636,natives,native,COLONIAL_UMBRELLA_LABEL,colonial_umbrella,v4FullOCR.txt,1425704,"c Plantation, Jaws. Laws of England, 54, 283-284, $81, 382, 384, 395, 399, 409, 413, 433, Lawson, Thomas, 366. Lawyers, 220. Layden, John, 552. Lead. See under Commodities, League with natives, 183. Leake, �, 15. Leake, Symon, 210, Leate, Nicholas, 80, 90, 91. Commissioner for settling government of Virginia, 491, 494, 497. Leather. Sce under Commodities. Lee, Henry, 364. Le",seed_unreviewed,source language; context may be non-Indigenous
