candidate_id,mention,canonical_candidate,entity_type_suggestion,group_suggestion,mention_count,first_document_date,source_file,annotation_status,review_note
PC00001,Jefferson,,PERSON,Virginia_Company_or_colonial_unverified,56,"MAY 2, 1621",cleanedSection1NERNames.json,seed_unreviewed,NER candidate only; merge spelling variants and verify against context before training.
PC00002,Brown,,PERSON,Virginia_Company_or_colonial_unverified,45,"November 20, 1606",cleanedSection1NERNames.json,seed_unreviewed,NER candidate only; merge spelling variants and verify against context before training.
PC00003,Edwin Sandys,,PERSON,Virginia_Company_or_colonial_unverified,39,"February 28, 1610",cleanedSection1NERNames.json,seed_unreviewed,NER candidate only; merge spelling variants and verify against context before training.
PC00004,Nos,,PERSON,Virginia_Company_or_colonial_unverified,35,"April 28, 1619",cleanedSection1NERNames.json,seed_unreviewed,NER candidate only; merge spelling variants and verify against context before training.
PC00005,John Randolph,,PERSON,Virginia_Company_or_colonial_unverified,29,"October 4, 1825",cleanedSection1NERNames.json,seed_unreviewed,NER candidate only; merge spelling variants and verify against context before training.
PC00006,Wrote,,PERSON,Virginia_Company_or_colonial_unverified,26,"FEBRUARY 22, 1620",cleanedSection1NERNames.json,seed_unreviewed,NER candidate only; merge spelling variants and verify against context before training.
PC00007,Smith,,PERSON,Virginia_Company_or_colonial_unverified,24,"February 18, 1609",cleanedSection1NERNames.json,seed_unreviewed,NER candidate only; merge spelling variants and verify against context before training.
PC00008,Bland,,PERSON,Virginia_Company_or_colonial_unverified,23,"MAY 2, 1621",cleanedSection1NERNames.json,seed_unreviewed,NER candidate only; merge spelling variants and verify against context before training.
PC00009,Gibbs,,PERSON,Virginia_Company_or_colonial_unverified,22,"MAY 2, 1621",cleanedSection1NERNames.json,seed_unreviewed,NER candidate only; merge spelling variants and verify against context before training.
PC00010,John Randolph of Roanoke,,PERSON,Virginia_Company_or_colonial_unverified,21,"July 3, 1622",cleanedSection1NERNames.json,seed_unreviewed,NER candidate only; merge spelling variants and verify against context before training.
PC00011,Christopher Davison,,PERSON,Virginia_Company_or_colonial_unverified,20,"November 20, 1606",cleanedSection1NERNames.json,seed_unreviewed,NER candidate only; merge spelling variants and verify against context before training.
PC00012,Martin,,PERSON,Virginia_Company_or_colonial_unverified,20,"August 9, 1611",cleanedSection1NERNames.json,seed_unreviewed,NER candidate only; merge spelling variants and verify against context before training.
PC00013,Byrd,,PERSON,Virginia_Company_or_colonial_unverified,19,"October 4, 1825",cleanedSection1NERNames.json,seed_unreviewed,NER candidate only; merge spelling variants and verify against context before training.
PC00014,Robinson,,PERSON,Virginia_Company_or_colonial_unverified,19,"July 3, 1622",cleanedSection1NERNames.json,seed_unreviewed,NER candidate only; merge spelling variants and verify against context before training.
PC00015,Argall,,PERSON,Virginia_Company_or_colonial_unverified,18,"April 20, 1619",cleanedSection1NERNames.json,seed_unreviewed,NER candidate only; merge spelling variants and verify against context before training.
PC00016,R. Hickman,,PERSON,Virginia_Company_or_colonial_unverified,18,"August 9, 1611",cleanedSection1NERNames.json,seed_unreviewed,NER candidate only; merge spelling variants and verify against context before training.
PC00017,Rich,,PERSON,Virginia_Company_or_colonial_unverified,18,"April 28, 1619",cleanedSection1NERNames.json,seed_unreviewed,NER candidate only; merge spelling variants and verify against context before training.
PC00018,Deane,,PERSON,Virginia_Company_or_colonial_unverified,17,"January 16, 1795",cleanedSection1NERNames.json,seed_unreviewed,NER candidate only; merge spelling variants and verify against context before training.
PC00019,Somers,,PERSON,Virginia_Company_or_colonial_unverified,17,"April 20, 1619",cleanedSection1NERNames.json,seed_unreviewed,NER candidate only; merge spelling variants and verify against context before training.
PC00020,Mellinge,,PERSON,Virginia_Company_or_colonial_unverified,16,"JANUARY 29, 1620",cleanedSection1NERNames.json,seed_unreviewed,NER candidate only; merge spelling variants and verify against context before training.
PC00021,Thomas Smythe,,PERSON,Virginia_Company_or_colonial_unverified,16,"April 28, 1619",cleanedSection1NERNames.json,seed_unreviewed,NER candidate only; merge spelling variants and verify against context before training.
PC00022,Caswell,,PERSON,Virginia_Company_or_colonial_unverified,15,"SANUARY 29, 1620",cleanedSection1NERNames.json,seed_unreviewed,NER candidate only; merge spelling variants and verify against context before training.
PC00023,Edwyn Sandys,,PERSON,Virginia_Company_or_colonial_unverified,15,"JANUARY 29, 1620",cleanedSection1NERNames.json,seed_unreviewed,NER candidate only; merge spelling variants and verify against context before training.
PC00024,Boates,,PERSON,Virginia_Company_or_colonial_unverified,14,"April 28, 1619",cleanedSection1NERNames.json,seed_unreviewed,NER candidate only; merge spelling variants and verify against context before training.
PC00025,Bull,,PERSON,Virginia_Company_or_colonial_unverified,14,"APRIL 12, 1621",cleanedSection1NERNames.json,seed_unreviewed,NER candidate only; merge spelling variants and verify against context before training.
PC00026,George Sandys,,PERSON,Virginia_Company_or_colonial_unverified,14,"JANUARY 29, 1620",cleanedSection1NERNames.json,seed_unreviewed,NER candidate only; merge spelling variants and verify against context before training.
PC00027,Ibid,,PERSON,Virginia_Company_or_colonial_unverified,14,"May 8, 1619",cleanedSection1NERNames.json,seed_unreviewed,NER candidate only; merge spelling variants and verify against context before training.
PC00028,Majesty,,PERSON,Virginia_Company_or_colonial_unverified,14,"APRIL 12, 1621",cleanedSection1NERNames.json,seed_unreviewed,NER candidate only; merge spelling variants and verify against context before training.
PC00029,Newport,,PERSON,Virginia_Company_or_colonial_unverified,14,"December 10, 1606",cleanedSection1NERNames.json,seed_unreviewed,NER candidate only; merge spelling variants and verify against context before training.
PC00030,Thomas Dale,,PERSON,Virginia_Company_or_colonial_unverified,14,"December 13, 1611",cleanedSection1NERNames.json,seed_unreviewed,NER candidate only; merge spelling variants and verify against context before training.
PC00031,Barbo,,PERSON,Virginia_Company_or_colonial_unverified,13,"NOVEMBER 14, 1621",cleanedSection1NERNames.json,seed_unreviewed,NER candidate only; merge spelling variants and verify against context before training.
PC00032,Copland,,PERSON,Virginia_Company_or_colonial_unverified,13,"OCTOBER 31, 1621",cleanedSection1NERNames.json,seed_unreviewed,NER candidate only; merge spelling variants and verify against context before training.
PC00033,James,,PERSON,Virginia_Company_or_colonial_unverified,13,"April 28, 1619",cleanedSection1NERNames.json,seed_unreviewed,NER candidate only; merge spelling variants and verify against context before training.
PC00034,Manchester,,PERSON,Virginia_Company_or_colonial_unverified,13,"April 28, 1619",cleanedSection1NERNames.json,seed_unreviewed,NER candidate only; merge spelling variants and verify against context before training.
PC00035,Miss E. M. Leonard,,PERSON,Virginia_Company_or_colonial_unverified,13,"April 28, 1619",cleanedSection1NERNames.json,seed_unreviewed,NER candidate only; merge spelling variants and verify against context before training.
PC00036,Nathaniel Rich,,PERSON,Virginia_Company_or_colonial_unverified,13,"April 28, 1619",cleanedSection1NERNames.json,seed_unreviewed,NER candidate only; merge spelling variants and verify against context before training.
PC00037,Samuel Argall,,PERSON,Virginia_Company_or_colonial_unverified,13,"April 20, 1619",cleanedSection1NERNames.json,seed_unreviewed,NER candidate only; merge spelling variants and verify against context before training.
PC00038,Thomas Smythe’s,,PERSON,Virginia_Company_or_colonial_unverified,13,"April 28, 1619",cleanedSection1NERNames.json,seed_unreviewed,NER candidate only; merge spelling variants and verify against context before training.
PC00039,Widdowes,,PERSON,Virginia_Company_or_colonial_unverified,13,"APRIL 12, 1621",cleanedSection1NERNames.json,seed_unreviewed,NER candidate only; merge spelling variants and verify against context before training.
PC00040,Richard Bland,,PERSON,Virginia_Company_or_colonial_unverified,12,"January 16, 1795",cleanedSection1NERNames.json,seed_unreviewed,NER candidate only; merge spelling variants and verify against context before training.
PC00041,Theodorick Bland,,PERSON,Virginia_Company_or_colonial_unverified,12,"July 3, 1622",cleanedSection1NERNames.json,seed_unreviewed,NER candidate only; merge spelling variants and verify against context before training.
PC00042,William Byrd,,PERSON,Virginia_Company_or_colonial_unverified,12,"January 16, 1795",cleanedSection1NERNames.json,seed_unreviewed,NER candidate only; merge spelling variants and verify against context before training.
PC00043,Ayres,,PERSON,Virginia_Company_or_colonial_unverified,11,"JUNE 11, 1621",cleanedSection1NERNames.json,seed_unreviewed,NER candidate only; merge spelling variants and verify against context before training.
PC00044,Marshall,,PERSON,Virginia_Company_or_colonial_unverified,11,"APRIL 12, 1621",cleanedSection1NERNames.json,seed_unreviewed,NER candidate only; merge spelling variants and verify against context before training.
PC00045,Statutes,,PERSON,Virginia_Company_or_colonial_unverified,11,"May 4, 1833",cleanedSection1NERNames.json,seed_unreviewed,NER candidate only; merge spelling variants and verify against context before training.
PC00046,Baynham,,PERSON,Virginia_Company_or_colonial_unverified,10,"JANUARY 29, 1620",cleanedSection1NERNames.json,seed_unreviewed,NER candidate only; merge spelling variants and verify against context before training.
PC00047,Conway Robinson,,PERSON,Virginia_Company_or_colonial_unverified,10,"May 4, 1833",cleanedSection1NERNames.json,seed_unreviewed,NER candidate only; merge spelling variants and verify against context before training.
PC00048,Io,,PERSON,Virginia_Company_or_colonial_unverified,10,"NOVEMBER 19, 1621",cleanedSection1NERNames.json,seed_unreviewed,NER candidate only; merge spelling variants and verify against context before training.
PC00049,Leigh Robinson,,PERSON,Virginia_Company_or_colonial_unverified,10,"May 4, 1833",cleanedSection1NERNames.json,seed_unreviewed,NER candidate only; merge spelling variants and verify against context before training.
PC00050,Peyton Randolph,,PERSON,Virginia_Company_or_colonial_unverified,10,"October 4, 1825",cleanedSection1NERNames.json,seed_unreviewed,NER candidate only; merge spelling variants and verify against context before training.
PC00051,Rogers,,PERSON,Virginia_Company_or_colonial_unverified,10,"OCTOBER 24, 1621",cleanedSection1NERNames.json,seed_unreviewed,NER candidate only; merge spelling variants and verify against context before training.
PC00052,William Leigh,,PERSON,Virginia_Company_or_colonial_unverified,10,"May 4, 1833",cleanedSection1NERNames.json,seed_unreviewed,NER candidate only; merge spelling variants and verify against context before training.
PC00053,Woodall,,PERSON,Virginia_Company_or_colonial_unverified,10,"SANUARY 29, 1620",cleanedSection1NERNames.json,seed_unreviewed,NER candidate only; merge spelling variants and verify against context before training.
PC00054,Debts,,PERSON,Virginia_Company_or_colonial_unverified,9,"JUNE 18, 1621",cleanedSection1NERNames.json,seed_unreviewed,NER candidate only; merge spelling variants and verify against context before training.
PC00055,Deputy Ferrar,,PERSON,Virginia_Company_or_colonial_unverified,9,"JANUARY 29, 1620",cleanedSection1NERNames.json,seed_unreviewed,NER candidate only; merge spelling variants and verify against context before training.
PC00056,Geo,,PERSON,Virginia_Company_or_colonial_unverified,9,"APRIL 30, 1621",cleanedSection1NERNames.json,seed_unreviewed,NER candidate only; merge spelling variants and verify against context before training.
PC00057,Iohn Dauers,,PERSON,Virginia_Company_or_colonial_unverified,9,"SANUARY 29, 1620",cleanedSection1NERNames.json,seed_unreviewed,NER candidate only; merge spelling variants and verify against context before training.
PC00058,John Smith,,PERSON,Virginia_Company_or_colonial_unverified,9,"February 18, 1609",cleanedSection1NERNames.json,seed_unreviewed,NER candidate only; merge spelling variants and verify against context before training.
PC00059,Nicholas Ferrar,,PERSON,Virginia_Company_or_colonial_unverified,9,"JANUARY 29, 1620",cleanedSection1NERNames.json,seed_unreviewed,NER candidate only; merge spelling variants and verify against context before training.
PC00060,Stith,,PERSON,Virginia_Company_or_colonial_unverified,9,"October 4, 1825",cleanedSection1NERNames.json,seed_unreviewed,NER candidate only; merge spelling variants and verify against context before training.
PC00061,Thomas Gates,,PERSON,Virginia_Company_or_colonial_unverified,9,"November 20, 1606",cleanedSection1NERNames.json,seed_unreviewed,NER candidate only; merge spelling variants and verify against context before training.
PC00062,Webb,,PERSON,Virginia_Company_or_colonial_unverified,9,"JUNE 11, 1621",cleanedSection1NERNames.json,seed_unreviewed,NER candidate only; merge spelling variants and verify against context before training.
PC00063,Wiseman,,PERSON,Virginia_Company_or_colonial_unverified,9,"APRIL 30, 1621",cleanedSection1NERNames.json,seed_unreviewed,NER candidate only; merge spelling variants and verify against context before training.
PC00064,Darnelly,,PERSON,Virginia_Company_or_colonial_unverified,8,"MAY 2, 1621",cleanedSection1NERNames.json,seed_unreviewed,NER candidate only; merge spelling variants and verify against context before training.
PC00065,Gabriel Archer,,PERSON,Virginia_Company_or_colonial_unverified,8,"April 20, 1619",cleanedSection1NERNames.json,seed_unreviewed,NER candidate only; merge spelling variants and verify against context before training.
PC00066,Glasse,,PERSON,Virginia_Company_or_colonial_unverified,8,"JUNE 13, 1621",cleanedSection1NERNames.json,seed_unreviewed,NER candidate only; merge spelling variants and verify against context before training.
PC00067,John Radcliffe,,PERSON,Virginia_Company_or_colonial_unverified,8,"April 20, 1619",cleanedSection1NERNames.json,seed_unreviewed,NER candidate only; merge spelling variants and verify against context before training.
PC00068,La Warr,,PERSON,Virginia_Company_or_colonial_unverified,8,"April 20, 1619",cleanedSection1NERNames.json,seed_unreviewed,NER candidate only; merge spelling variants and verify against context before training.
PC00069,Meuerell,,PERSON,Virginia_Company_or_colonial_unverified,8,"APRIL 12, 1621",cleanedSection1NERNames.json,seed_unreviewed,NER candidate only; merge spelling variants and verify against context before training.
PC00070,Peirce,,PERSON,Virginia_Company_or_colonial_unverified,8,"APRIL 12, 1621",cleanedSection1NERNames.json,seed_unreviewed,NER candidate only; merge spelling variants and verify against context before training.
PC00071,Tucker,,PERSON,Virginia_Company_or_colonial_unverified,8,"JANUARY 29, 1620",cleanedSection1NERNames.json,seed_unreviewed,NER candidate only; merge spelling variants and verify against context before training.
PC00072,Vol,,PERSON,Virginia_Company_or_colonial_unverified,8,"May 20, 1700",cleanedSection1NERNames.json,seed_unreviewed,NER candidate only; merge spelling variants and verify against context before training.
PC00073,William Strachey,,PERSON,Virginia_Company_or_colonial_unverified,8,"April 20, 1619",cleanedSection1NERNames.json,seed_unreviewed,NER candidate only; merge spelling variants and verify against context before training.
PC00074,Anthony,,PERSON,Virginia_Company_or_colonial_unverified,7,"JANUARY 29, 1620",cleanedSection1NERNames.json,seed_unreviewed,NER candidate only; merge spelling variants and verify against context before training.
PC00075,Couell,,PERSON,Virginia_Company_or_colonial_unverified,7,"APRIL 30, 1621",cleanedSection1NERNames.json,seed_unreviewed,NER candidate only; merge spelling variants and verify against context before training.
PC00076,Cuffe,,PERSON,Virginia_Company_or_colonial_unverified,7,"JANUARY 29, 1620",cleanedSection1NERNames.json,seed_unreviewed,NER candidate only; merge spelling variants and verify against context before training.
PC00077,George Yeardley,,PERSON,Virginia_Company_or_colonial_unverified,7,"February 28, 1610",cleanedSection1NERNames.json,seed_unreviewed,NER candidate only; merge spelling variants and verify against context before training.
PC00078,J. Franklin Jameson,,PERSON,Virginia_Company_or_colonial_unverified,7,"May 4, 1833",cleanedSection1NERNames.json,seed_unreviewed,NER candidate only; merge spelling variants and verify against context before training.
PC00079,John D. Burk,,PERSON,Virginia_Company_or_colonial_unverified,7,"October 4, 1825",cleanedSection1NERNames.json,seed_unreviewed,NER candidate only; merge spelling variants and verify against context before training.
PC00080,Nicho,,PERSON,Virginia_Company_or_colonial_unverified,7,"NOVEMBER 14, 1621",cleanedSection1NERNames.json,seed_unreviewed,NER candidate only; merge spelling variants and verify against context before training.
PC00081,William Newce,,PERSON,Virginia_Company_or_colonial_unverified,7,"APRIL 12, 1621",cleanedSection1NERNames.json,seed_unreviewed,NER candidate only; merge spelling variants and verify against context before training.
PC00082,Caninge,,PERSON,Virginia_Company_or_colonial_unverified,6,"NOVEMBER 21, 1621",cleanedSection1NERNames.json,seed_unreviewed,NER candidate only; merge spelling variants and verify against context before training.
PC00083,Carter,,PERSON,Virginia_Company_or_colonial_unverified,6,"JULY 24, 1621",cleanedSection1NERNames.json,seed_unreviewed,NER candidate only; merge spelling variants and verify against context before training.
PC00084,Casewell,,PERSON,Virginia_Company_or_colonial_unverified,6,"JANUARY 29, 1620",cleanedSection1NERNames.json,seed_unreviewed,NER candidate only; merge spelling variants and verify against context before training.
PC00085,Chamberlyn,,PERSON,Virginia_Company_or_colonial_unverified,6,"JULY 10, 1621",cleanedSection1NERNames.json,seed_unreviewed,NER candidate only; merge spelling variants and verify against context before training.
PC00086,Earle,,PERSON,Virginia_Company_or_colonial_unverified,6,"JANUARY 29, 1620",cleanedSection1NERNames.json,seed_unreviewed,NER candidate only; merge spelling variants and verify against context before training.
PC00087,Essington,,PERSON,Virginia_Company_or_colonial_unverified,6,"JULY 10, 1621",cleanedSection1NERNames.json,seed_unreviewed,NER candidate only; merge spelling variants and verify against context before training.
PC00088,Francis Wyate,,PERSON,Virginia_Company_or_colonial_unverified,6,"JANUARY 29, 1620",cleanedSection1NERNames.json,seed_unreviewed,NER candidate only; merge spelling variants and verify against context before training.
PC00089,John Carter Brown Library,,PERSON,Virginia_Company_or_colonial_unverified,6,"June 22, 1620",cleanedSection1NERNames.json,seed_unreviewed,NER candidate only; merge spelling variants and verify against context before training.
PC00090,John Rolfe,,PERSON,Virginia_Company_or_colonial_unverified,6,"May 8, 1619",cleanedSection1NERNames.json,seed_unreviewed,NER candidate only; merge spelling variants and verify against context before training.
PC00091,Kalbfleisch,,PERSON,Virginia_Company_or_colonial_unverified,6,"June 22, 1620",cleanedSection1NERNames.json,seed_unreviewed,NER candidate only; merge spelling variants and verify against context before training.
PC00092,Leeke,,PERSON,Virginia_Company_or_colonial_unverified,6,"DECEMBER 4, 1621",cleanedSection1NERNames.json,seed_unreviewed,NER candidate only; merge spelling variants and verify against context before training.
PC00093,Leigh,,PERSON,Virginia_Company_or_colonial_unverified,6,"MAY 8, 1622",cleanedSection1NERNames.json,seed_unreviewed,NER candidate only; merge spelling variants and verify against context before training.
PC00094,li,,PERSON,Virginia_Company_or_colonial_unverified,6,"JULY 12, 1621",cleanedSection1NERNames.json,seed_unreviewed,NER candidate only; merge spelling variants and verify against context before training.
PC00095,Nicholas Farrar,,PERSON,Virginia_Company_or_colonial_unverified,6,"NOVEMBER 21, 1621",cleanedSection1NERNames.json,seed_unreviewed,NER candidate only; merge spelling variants and verify against context before training.
PC00096,Nicholas Hawes,,PERSON,Virginia_Company_or_colonial_unverified,6,"August 9, 1611",cleanedSection1NERNames.json,seed_unreviewed,NER candidate only; merge spelling variants and verify against context before training.
PC00097,Patents,,PERSON,Virginia_Company_or_colonial_unverified,6,"FEBRUARY 22, 1620",cleanedSection1NERNames.json,seed_unreviewed,NER candidate only; merge spelling variants and verify against context before training.
PC00098,Plantations,,PERSON,Virginia_Company_or_colonial_unverified,6,"JANUARY 29, 1620",cleanedSection1NERNames.json,seed_unreviewed,NER candidate only; merge spelling variants and verify against context before training.
PC00099,R. Bland,,PERSON,Virginia_Company_or_colonial_unverified,6,"October 4, 1825",cleanedSection1NERNames.json,seed_unreviewed,NER candidate only; merge spelling variants and verify against context before training.
PC00100,Ralph Hamor,,PERSON,Virginia_Company_or_colonial_unverified,6,"May 8, 1619",cleanedSection1NERNames.json,seed_unreviewed,NER candidate only; merge spelling variants and verify against context before training.
PC00101,Samuell Argall,,PERSON,Virginia_Company_or_colonial_unverified,6,"August 9, 1611",cleanedSection1NERNames.json,seed_unreviewed,NER candidate only; merge spelling variants and verify against context before training.
PC00102,Steward,,PERSON,Virginia_Company_or_colonial_unverified,6,"SANUARY 29, 1620",cleanedSection1NERNames.json,seed_unreviewed,NER candidate only; merge spelling variants and verify against context before training.
PC00103,Wroth,,PERSON,Virginia_Company_or_colonial_unverified,6,"JANUARY 29, 1620",cleanedSection1NERNames.json,seed_unreviewed,NER candidate only; merge spelling variants and verify against context before training.
PC00104,Barbor,,PERSON,Virginia_Company_or_colonial_unverified,5,"APRIL 12, 1621",cleanedSection1NERNames.json,seed_unreviewed,NER candidate only; merge spelling variants and verify against context before training.
PC00105,Bermuda Hundred,,PERSON,Virginia_Company_or_colonial_unverified,5,"August 9, 1611",cleanedSection1NERNames.json,seed_unreviewed,NER candidate only; merge spelling variants and verify against context before training.
PC00106,bin,,PERSON,Virginia_Company_or_colonial_unverified,5,"NOVEMBER 21, 1621",cleanedSection1NERNames.json,seed_unreviewed,NER candidate only; merge spelling variants and verify against context before training.
PC00107,Blair Grigsby,,PERSON,Virginia_Company_or_colonial_unverified,5,"May 4, 1833",cleanedSection1NERNames.json,seed_unreviewed,NER candidate only; merge spelling variants and verify against context before training.
PC00108,Captaine Norton,,PERSON,Virginia_Company_or_colonial_unverified,5,"JUNE 25, 1621",cleanedSection1NERNames.json,seed_unreviewed,NER candidate only; merge spelling variants and verify against context before training.
PC00109,Dedicatorie,,PERSON,Virginia_Company_or_colonial_unverified,5,"April 15, 1609",cleanedSection1NERNames.json,seed_unreviewed,NER candidate only; merge spelling variants and verify against context before training.
PC00110,E. T. Bryan,,PERSON,Virginia_Company_or_colonial_unverified,5,"May 4, 1833",cleanedSection1NERNames.json,seed_unreviewed,NER candidate only; merge spelling variants and verify against context before training.
PC00111,Edwarde,,PERSON,Virginia_Company_or_colonial_unverified,5,"JULY 24, 1621",cleanedSection1NERNames.json,seed_unreviewed,NER candidate only; merge spelling variants and verify against context before training.
PC00112,Edwards,,PERSON,Virginia_Company_or_colonial_unverified,5,"MAY 12, 1621",cleanedSection1NERNames.json,seed_unreviewed,NER candidate only; merge spelling variants and verify against context before training.
PC00113,Ferrar,,PERSON,Virginia_Company_or_colonial_unverified,5,"JULY 2, 1621",cleanedSection1NERNames.json,seed_unreviewed,NER candidate only; merge spelling variants and verify against context before training.
PC00114,G.,,PERSON,Virginia_Company_or_colonial_unverified,5,"August 9, 1611",cleanedSection1NERNames.json,seed_unreviewed,NER candidate only; merge spelling variants and verify against context before training.
PC00115,George Smith,,PERSON,Virginia_Company_or_colonial_unverified,5,"JULY 10, 1621",cleanedSection1NERNames.json,seed_unreviewed,NER candidate only; merge spelling variants and verify against context before training.
PC00116,Good Newes,,PERSON,Virginia_Company_or_colonial_unverified,5,"April 15, 1609",cleanedSection1NERNames.json,seed_unreviewed,NER candidate only; merge spelling variants and verify against context before training.
PC00117,Hickman,,PERSON,Virginia_Company_or_colonial_unverified,5,"August 6, 1623",cleanedSection1NERNames.json,seed_unreviewed,NER candidate only; merge spelling variants and verify against context before training.
PC00118,Iohn Smith,,PERSON,Virginia_Company_or_colonial_unverified,5,"MAY 2, 1621",cleanedSection1NERNames.json,seed_unreviewed,NER candidate only; merge spelling variants and verify against context before training.
PC00119,Isaac Zane,,PERSON,Virginia_Company_or_colonial_unverified,5,"October 4, 1825",cleanedSection1NERNames.json,seed_unreviewed,NER candidate only; merge spelling variants and verify against context before training.
PC00120,James I,,PERSON,Virginia_Company_or_colonial_unverified,5,"April 15, 1609",cleanedSection1NERNames.json,seed_unreviewed,NER candidate only; merge spelling variants and verify against context before training.
PC00121,John Dauers,,PERSON,Virginia_Company_or_colonial_unverified,5,"JANUARY 29, 1620",cleanedSection1NERNames.json,seed_unreviewed,NER candidate only; merge spelling variants and verify against context before training.
PC00122,knowne,,PERSON,Virginia_Company_or_colonial_unverified,5,"APRIL 30, 1621",cleanedSection1NERNames.json,seed_unreviewed,NER candidate only; merge spelling variants and verify against context before training.
PC00123,Lawes,,PERSON,Virginia_Company_or_colonial_unverified,5,"February 28, 1610",cleanedSection1NERNames.json,seed_unreviewed,NER candidate only; merge spelling variants and verify against context before training.
PC00124,Lo,,PERSON,Virginia_Company_or_colonial_unverified,5,"MAY 2, 1621",cleanedSection1NERNames.json,seed_unreviewed,NER candidate only; merge spelling variants and verify against context before training.
PC00125,Mehan,,PERSON,Virginia_Company_or_colonial_unverified,5,"May 4, 1833",cleanedSection1NERNames.json,seed_unreviewed,NER candidate only; merge spelling variants and verify against context before training.
PC00126,Miscellaneous Records,,PERSON,Virginia_Company_or_colonial_unverified,5,"May 4, 1833",cleanedSection1NERNames.json,seed_unreviewed,NER candidate only; merge spelling variants and verify against context before training.
PC00127,Nich,,PERSON,Virginia_Company_or_colonial_unverified,5,"MAY 2, 1621",cleanedSection1NERNames.json,seed_unreviewed,NER candidate only; merge spelling variants and verify against context before training.
PC00128,Nicholas,,PERSON,Virginia_Company_or_colonial_unverified,5,"MAY 2, 1621",cleanedSection1NERNames.json,seed_unreviewed,NER candidate only; merge spelling variants and verify against context before training.
PC00129,Patrick Copland,,PERSON,Virginia_Company_or_colonial_unverified,5,"June 22, 1620",cleanedSection1NERNames.json,seed_unreviewed,NER candidate only; merge spelling variants and verify against context before training.
PC00130,R. A. Brock,,PERSON,Virginia_Company_or_colonial_unverified,5,"May 4, 1833",cleanedSection1NERNames.json,seed_unreviewed,NER candidate only; merge spelling variants and verify against context before training.
PC00131,Ralph Hammer,,PERSON,Virginia_Company_or_colonial_unverified,5,"April 15, 1609",cleanedSection1NERNames.json,seed_unreviewed,NER candidate only; merge spelling variants and verify against context before training.
PC00132,Randolph,,PERSON,Virginia_Company_or_colonial_unverified,5,"May 4, 1833",cleanedSection1NERNames.json,seed_unreviewed,NER candidate only; merge spelling variants and verify against context before training.
PC00133,Richard Crakanthorpe,,PERSON,Virginia_Company_or_colonial_unverified,5,"April 15, 1609",cleanedSection1NERNames.json,seed_unreviewed,NER candidate only; merge spelling variants and verify against context before training.
PC00134,Ro,,PERSON,Virginia_Company_or_colonial_unverified,5,"NOVEMBER 14, 1621",cleanedSection1NERNames.json,seed_unreviewed,NER candidate only; merge spelling variants and verify against context before training.
PC00135,Robert,,PERSON,Virginia_Company_or_colonial_unverified,5,"OCTOBER 24, 1621",cleanedSection1NERNames.json,seed_unreviewed,NER candidate only; merge spelling variants and verify against context before training.
PC00136,Roberte,,PERSON,Virginia_Company_or_colonial_unverified,5,"JULY 16, 1621",cleanedSection1NERNames.json,seed_unreviewed,NER candidate only; merge spelling variants and verify against context before training.
PC00137,S. A. Myers,,PERSON,Virginia_Company_or_colonial_unverified,5,"May 4, 1833",cleanedSection1NERNames.json,seed_unreviewed,NER candidate only; merge spelling variants and verify against context before training.
PC00138,Thomas Jefferson,,PERSON,Virginia_Company_or_colonial_unverified,5,"May 20, 1700",cleanedSection1NERNames.json,seed_unreviewed,NER candidate only; merge spelling variants and verify against context before training.
PC00139,Tomlins,,PERSON,Virginia_Company_or_colonial_unverified,5,"NOVEMBER 14, 1621",cleanedSection1NERNames.json,seed_unreviewed,NER candidate only; merge spelling variants and verify against context before training.
PC00140,Walter Earle,,PERSON,Virginia_Company_or_colonial_unverified,5,"SANUARY 29, 1620",cleanedSection1NERNames.json,seed_unreviewed,NER candidate only; merge spelling variants and verify against context before training.
PC00141,Waterhouse,,PERSON,Virginia_Company_or_colonial_unverified,5,"JUNE 11, 1621",cleanedSection1NERNames.json,seed_unreviewed,NER candidate only; merge spelling variants and verify against context before training.
PC00142,Wheatly,,PERSON,Virginia_Company_or_colonial_unverified,5,"APRIL 30, 1621",cleanedSection1NERNames.json,seed_unreviewed,NER candidate only; merge spelling variants and verify against context before training.
PC00143,William Hening,,PERSON,Virginia_Company_or_colonial_unverified,5,"May 20, 1700",cleanedSection1NERNames.json,seed_unreviewed,NER candidate only; merge spelling variants and verify against context before training.
PC00144,Winwood,,PERSON,Virginia_Company_or_colonial_unverified,5,"August 9, 1611",cleanedSection1NERNames.json,seed_unreviewed,NER candidate only; merge spelling variants and verify against context before training.
PC00145,Worthington C. Ford,,PERSON,Virginia_Company_or_colonial_unverified,5,"May 4, 1833",cleanedSection1NERNames.json,seed_unreviewed,NER candidate only; merge spelling variants and verify against context before training.
PC00146,¢ Brown,,PERSON,Virginia_Company_or_colonial_unverified,5,"April 15, 1609",cleanedSection1NERNames.json,seed_unreviewed,NER candidate only; merge spelling variants and verify against context before training.
PC00147,Abraham Chamberlen,,PERSON,Virginia_Company_or_colonial_unverified,4,"NOVEMBER 14, 1621",cleanedSection1NERNames.json,seed_unreviewed,NER candidate only; merge spelling variants and verify against context before training.
PC00148,Accompt,,PERSON,Virginia_Company_or_colonial_unverified,4,"JUNE 18, 1621",cleanedSection1NERNames.json,seed_unreviewed,NER candidate only; merge spelling variants and verify against context before training.
PC00149,Alderman,,PERSON,Virginia_Company_or_colonial_unverified,4,"JULY 10, 1621",cleanedSection1NERNames.json,seed_unreviewed,NER candidate only; merge spelling variants and verify against context before training.
PC00150,Alderman Johnson,,PERSON,Virginia_Company_or_colonial_unverified,4,"JULY 10, 1621",cleanedSection1NERNames.json,seed_unreviewed,NER candidate only; merge spelling variants and verify against context before training.
PC00151,Alexander Brown,,PERSON,Virginia_Company_or_colonial_unverified,4,"May 8, 1618",cleanedSection1NERNames.json,seed_unreviewed,NER candidate only; merge spelling variants and verify against context before training.
PC00152,Captaine Bargraue,,PERSON,Virginia_Company_or_colonial_unverified,4,"JUNE 18, 1621",cleanedSection1NERNames.json,seed_unreviewed,NER candidate only; merge spelling variants and verify against context before training.
PC00153,Captaine Martin,,PERSON,Virginia_Company_or_colonial_unverified,4,"JULY 24, 1621",cleanedSection1NERNames.json,seed_unreviewed,NER candidate only; merge spelling variants and verify against context before training.
PC00154,Cattle,,PERSON,Virginia_Company_or_colonial_unverified,4,"OCTOBER 17, 1621",cleanedSection1NERNames.json,seed_unreviewed,NER candidate only; merge spelling variants and verify against context before training.
PC00155,Cawson,,PERSON,Virginia_Company_or_colonial_unverified,4,"July 3, 1622",cleanedSection1NERNames.json,seed_unreviewed,NER candidate only; merge spelling variants and verify against context before training.
PC00156,Charles II,,PERSON,Virginia_Company_or_colonial_unverified,4,"July 3, 1622",cleanedSection1NERNames.json,seed_unreviewed,NER candidate only; merge spelling variants and verify against context before training.
PC00157,Cranmer,,PERSON,Virginia_Company_or_colonial_unverified,4,"MAY 2, 1621",cleanedSection1NERNames.json,seed_unreviewed,NER candidate only; merge spelling variants and verify against context before training.
PC00158,De La Warr,,PERSON,Virginia_Company_or_colonial_unverified,4,"December 13, 1611",cleanedSection1NERNames.json,seed_unreviewed,NER candidate only; merge spelling variants and verify against context before training.
PC00159,Effingham,,PERSON,Virginia_Company_or_colonial_unverified,4,"July 3, 1622",cleanedSection1NERNames.json,seed_unreviewed,NER candidate only; merge spelling variants and verify against context before training.
PC00160,Farrars,,PERSON,Virginia_Company_or_colonial_unverified,4,"NOVEMBER 21, 1621",cleanedSection1NERNames.json,seed_unreviewed,NER candidate only; merge spelling variants and verify against context before training.
PC00161,Franck,,PERSON,Virginia_Company_or_colonial_unverified,4,"JUNE 11, 1621",cleanedSection1NERNames.json,seed_unreviewed,NER candidate only; merge spelling variants and verify against context before training.
PC00162,George Somers,,PERSON,Virginia_Company_or_colonial_unverified,4,"APRIL 12, 1621",cleanedSection1NERNames.json,seed_unreviewed,NER candidate only; merge spelling variants and verify against context before training.
PC00163,Hackett,,PERSON,Virginia_Company_or_colonial_unverified,4,"JULY 10, 1621",cleanedSection1NERNames.json,seed_unreviewed,NER candidate only; merge spelling variants and verify against context before training.
PC00164,Jameson,,PERSON,Virginia_Company_or_colonial_unverified,4,"July 3, 1622",cleanedSection1NERNames.json,seed_unreviewed,NER candidate only; merge spelling variants and verify against context before training.
PC00165,John Ferrar’s Notes,,PERSON,Virginia_Company_or_colonial_unverified,4,"May 22, 1623",cleanedSection1NERNames.json,seed_unreviewed,NER candidate only; merge spelling variants and verify against context before training.
PC00166,Justin Winsor,,PERSON,Virginia_Company_or_colonial_unverified,4,"January 16, 1795",cleanedSection1NERNames.json,seed_unreviewed,NER candidate only; merge spelling variants and verify against context before training.
PC00167,Kightly,,PERSON,Virginia_Company_or_colonial_unverified,4,"SANUARY 29, 1620",cleanedSection1NERNames.json,seed_unreviewed,NER candidate only; merge spelling variants and verify against context before training.
PC00168,Library,,PERSON,Virginia_Company_or_colonial_unverified,4,"May 20, 1700",cleanedSection1NERNames.json,seed_unreviewed,NER candidate only; merge spelling variants and verify against context before training.
PC00169,Moneth,,PERSON,Virginia_Company_or_colonial_unverified,4,"APRIL 12, 1621",cleanedSection1NERNames.json,seed_unreviewed,NER candidate only; merge spelling variants and verify against context before training.
PC00170,Peckard,,PERSON,Virginia_Company_or_colonial_unverified,4,"November 12, 1624",cleanedSection1NERNames.json,seed_unreviewed,NER candidate only; merge spelling variants and verify against context before training.
PC00171,Philip Laudwell,,PERSON,Virginia_Company_or_colonial_unverified,4,"July 3, 1622",cleanedSection1NERNames.json,seed_unreviewed,NER candidate only; merge spelling variants and verify against context before training.
PC00172,Philpott Lane,,PERSON,Virginia_Company_or_colonial_unverified,4,"July 3, 1622",cleanedSection1NERNames.json,seed_unreviewed,NER candidate only; merge spelling variants and verify against context before training.
PC00173,Porter,,PERSON,Virginia_Company_or_colonial_unverified,4,"MAY 2, 1621",cleanedSection1NERNames.json,seed_unreviewed,NER candidate only; merge spelling variants and verify against context before training.
PC00174,Sandys,,PERSON,Virginia_Company_or_colonial_unverified,4,"APRIL 30, 1621",cleanedSection1NERNames.json,seed_unreviewed,NER candidate only; merge spelling variants and verify against context before training.
PC00175,Sassafras,,PERSON,Virginia_Company_or_colonial_unverified,4,"DECEMBER 13, 1620",cleanedSection1NERNames.json,seed_unreviewed,NER candidate only; merge spelling variants and verify against context before training.
PC00176,Sheppard,,PERSON,Virginia_Company_or_colonial_unverified,4,"JANUARY 29, 1620",cleanedSection1NERNames.json,seed_unreviewed,NER candidate only; merge spelling variants and verify against context before training.
PC00177,Shippard,,PERSON,Virginia_Company_or_colonial_unverified,4,"NOVEMBER 21, 1621",cleanedSection1NERNames.json,seed_unreviewed,NER candidate only; merge spelling variants and verify against context before training.
PC00178,Shippe,,PERSON,Virginia_Company_or_colonial_unverified,4,"DECEMBER 13, 1620",cleanedSection1NERNames.json,seed_unreviewed,NER candidate only; merge spelling variants and verify against context before training.
PC00179,Stanard,,PERSON,Virginia_Company_or_colonial_unverified,4,"July 3, 1622",cleanedSection1NERNames.json,seed_unreviewed,NER candidate only; merge spelling variants and verify against context before training.
PC00180,Swinhowe,,PERSON,Virginia_Company_or_colonial_unverified,4,"NOVEMBER 21, 1621",cleanedSection1NERNames.json,seed_unreviewed,NER candidate only; merge spelling variants and verify against context before training.
PC00181,Taylor,,PERSON,Virginia_Company_or_colonial_unverified,4,"JULY 24, 1621",cleanedSection1NERNames.json,seed_unreviewed,NER candidate only; merge spelling variants and verify against context before training.
PC00182,the John Carter Brown Library,,PERSON,Virginia_Company_or_colonial_unverified,4,"September 30, 1619",cleanedSection1NERNames.json,seed_unreviewed,NER candidate only; merge spelling variants and verify against context before training.
PC00183,Thomas Coutert,,PERSON,Virginia_Company_or_colonial_unverified,4,"May 22, 1623",cleanedSection1NERNames.json,seed_unreviewed,NER candidate only; merge spelling variants and verify against context before training.
PC00184,Virginea Britannia,,PERSON,Virginia_Company_or_colonial_unverified,4,"December 13, 1611",cleanedSection1NERNames.json,seed_unreviewed,NER candidate only; merge spelling variants and verify against context before training.
PC00185,VOLUME I.,,PERSON,Virginia_Company_or_colonial_unverified,4,"May 22, 1623",cleanedSection1NERNames.json,seed_unreviewed,NER candidate only; merge spelling variants and verify against context before training.
PC00186,Winstone,,PERSON,Virginia_Company_or_colonial_unverified,4,"MAY 2, 1621",cleanedSection1NERNames.json,seed_unreviewed,NER candidate only; merge spelling variants and verify against context before training.
PC00187,Abdy,,PERSON,Virginia_Company_or_colonial_unverified,3,"JULY 10, 1621",cleanedSection1NERNames.json,seed_unreviewed,NER candidate only; merge spelling variants and verify against context before training.
PC00188,Assistance,,PERSON,Virginia_Company_or_colonial_unverified,3,"JANUARY 29, 1620",cleanedSection1NERNames.json,seed_unreviewed,NER candidate only; merge spelling variants and verify against context before training.
PC00189,Balmeford,,PERSON,Virginia_Company_or_colonial_unverified,3,"NOVEMBER 21, 1621",cleanedSection1NERNames.json,seed_unreviewed,NER candidate only; merge spelling variants and verify against context before training.
PC00190,Banoeil,,PERSON,Virginia_Company_or_colonial_unverified,3,"June 22, 1620",cleanedSection1NERNames.json,seed_unreviewed,NER candidate only; merge spelling variants and verify against context before training.
PC00191,Barnard,,PERSON,Virginia_Company_or_colonial_unverified,3,"MAY 2, 1621",cleanedSection1NERNames.json,seed_unreviewed,NER candidate only; merge spelling variants and verify against context before training.
PC00192,Bennett,,PERSON,Virginia_Company_or_colonial_unverified,3,"OCTOBER 24, 1621",cleanedSection1NERNames.json,seed_unreviewed,NER candidate only; merge spelling variants and verify against context before training.
PC00193,Berkly,,PERSON,Virginia_Company_or_colonial_unverified,3,"MAY 12, 1621",cleanedSection1NERNames.json,seed_unreviewed,NER candidate only; merge spelling variants and verify against context before training.
PC00194,Bill,,PERSON,Virginia_Company_or_colonial_unverified,3,"JUNE 13, 1621",cleanedSection1NERNames.json,seed_unreviewed,NER candidate only; merge spelling variants and verify against context before training.
PC00195,Binge,,PERSON,Virginia_Company_or_colonial_unverified,3,"NOVEMBER 14, 1621",cleanedSection1NERNames.json,seed_unreviewed,NER candidate only; merge spelling variants and verify against context before training.
PC00196,Bolton,,PERSON,Virginia_Company_or_colonial_unverified,3,"JUNE 11, 1621",cleanedSection1NERNames.json,seed_unreviewed,NER candidate only; merge spelling variants and verify against context before training.
PC00197,Brokes,,PERSON,Virginia_Company_or_colonial_unverified,3,"NOVEMBER 21, 1621",cleanedSection1NERNames.json,seed_unreviewed,NER candidate only; merge spelling variants and verify against context before training.
PC00198,Bromefeild,,PERSON,Virginia_Company_or_colonial_unverified,3,"NOVEMBER 14, 1621",cleanedSection1NERNames.json,seed_unreviewed,NER candidate only; merge spelling variants and verify against context before training.
PC00199,Challon,,PERSON,Virginia_Company_or_colonial_unverified,3,"MAY 2, 1621",cleanedSection1NERNames.json,seed_unreviewed,NER candidate only; merge spelling variants and verify against context before training.
PC00200,Copy,,PERSON,Virginia_Company_or_colonial_unverified,3,"JULY 24, 1621",cleanedSection1NERNames.json,seed_unreviewed,NER candidate only; merge spelling variants and verify against context before training.
PC00201,Dauison,,PERSON,Virginia_Company_or_colonial_unverified,3,"JUNE 13, 1621",cleanedSection1NERNames.json,seed_unreviewed,NER candidate only; merge spelling variants and verify against context before training.
PC00202,Deputy Farrar,,PERSON,Virginia_Company_or_colonial_unverified,3,"FEBRUARY 13, 1622",cleanedSection1NERNames.json,seed_unreviewed,NER candidate only; merge spelling variants and verify against context before training.
PC00203,Dudley Diggs,,PERSON,Virginia_Company_or_colonial_unverified,3,"JUNE 11, 1621",cleanedSection1NERNames.json,seed_unreviewed,NER candidate only; merge spelling variants and verify against context before training.
PC00204,Edward E. Ayer,,PERSON,Virginia_Company_or_colonial_unverified,3,"June 22, 1620",cleanedSection1NERNames.json,seed_unreviewed,NER candidate only; merge spelling variants and verify against context before training.
PC00205,Edward Waterhouse’s Declaration,,PERSON,Virginia_Company_or_colonial_unverified,3,"June 22, 1620",cleanedSection1NERNames.json,seed_unreviewed,NER candidate only; merge spelling variants and verify against context before training.
PC00206,Francis Carter,,PERSON,Virginia_Company_or_colonial_unverified,3,"DECEMBER 19, 1621",cleanedSection1NERNames.json,seed_unreviewed,NER candidate only; merge spelling variants and verify against context before training.
PC00207,Francis Wyatt,,PERSON,Virginia_Company_or_colonial_unverified,3,"JULY 10, 1621",cleanedSection1NERNames.json,seed_unreviewed,NER candidate only; merge spelling variants and verify against context before training.
PC00208,Hening,,PERSON,Virginia_Company_or_colonial_unverified,3,"April 8, 1815",cleanedSection1NERNames.json,seed_unreviewed,NER candidate only; merge spelling variants and verify against context before training.
PC00209,Henry Mansell,,PERSON,Virginia_Company_or_colonial_unverified,3,"JANUARY 30, 1622",cleanedSection1NERNames.json,seed_unreviewed,NER candidate only; merge spelling variants and verify against context before training.
PC00210,Henry Rainsford,,PERSON,Virginia_Company_or_colonial_unverified,3,"MAY 2, 1621",cleanedSection1NERNames.json,seed_unreviewed,NER candidate only; merge spelling variants and verify against context before training.
PC00211,Herbert,,PERSON,Virginia_Company_or_colonial_unverified,3,"APRIL 12, 1621",cleanedSection1NERNames.json,seed_unreviewed,NER candidate only; merge spelling variants and verify against context before training.
PC00212,Hugh P. Taylor,,PERSON,Virginia_Company_or_colonial_unverified,3,"October 4, 1825",cleanedSection1NERNames.json,seed_unreviewed,NER candidate only; merge spelling variants and verify against context before training.
PC00213,Jadwin,,PERSON,Virginia_Company_or_colonial_unverified,3,"FEBRUARY 13, 1622",cleanedSection1NERNames.json,seed_unreviewed,NER candidate only; merge spelling variants and verify against context before training.
PC00214,John Banoeil,,PERSON,Virginia_Company_or_colonial_unverified,3,"June 22, 1620",cleanedSection1NERNames.json,seed_unreviewed,NER candidate only; merge spelling variants and verify against context before training.
PC00215,John Brinsley,,PERSON,Virginia_Company_or_colonial_unverified,3,"June 22, 1620",cleanedSection1NERNames.json,seed_unreviewed,NER candidate only; merge spelling variants and verify against context before training.
PC00216,John Carter Brown,,PERSON,Virginia_Company_or_colonial_unverified,3,"June 22, 1620",cleanedSection1NERNames.json,seed_unreviewed,NER candidate only; merge spelling variants and verify against context before training.
PC00217,John De Clark,,PERSON,Virginia_Company_or_colonial_unverified,3,"JULY 10, 1621",cleanedSection1NERNames.json,seed_unreviewed,NER candidate only; merge spelling variants and verify against context before training.
PC00218,John Donne,,PERSON,Virginia_Company_or_colonial_unverified,3,"June 22, 1620",cleanedSection1NERNames.json,seed_unreviewed,NER candidate only; merge spelling variants and verify against context before training.
PC00219,John Donne’s Sermon,,PERSON,Virginia_Company_or_colonial_unverified,3,"June 22, 1620",cleanedSection1NERNames.json,seed_unreviewed,NER candidate only; merge spelling variants and verify against context before training.
PC00220,John Ferrar,,PERSON,Virginia_Company_or_colonial_unverified,3,"MAY 2, 1621",cleanedSection1NERNames.json,seed_unreviewed,NER candidate only; merge spelling variants and verify against context before training.
PC00221,John] Randolph,,PERSON,Virginia_Company_or_colonial_unverified,3,"October 4, 1825",cleanedSection1NERNames.json,seed_unreviewed,NER candidate only; merge spelling variants and verify against context before training.
PC00222,Johnson,,PERSON,Virginia_Company_or_colonial_unverified,3,"JULY 10, 1621",cleanedSection1NERNames.json,seed_unreviewed,NER candidate only; merge spelling variants and verify against context before training.
PC00223,Kightley,,PERSON,Virginia_Company_or_colonial_unverified,3,"JANUARY 29, 1620",cleanedSection1NERNames.json,seed_unreviewed,NER candidate only; merge spelling variants and verify against context before training.
PC00224,Lady Dale,,PERSON,Virginia_Company_or_colonial_unverified,3,"JUNE 11, 1621",cleanedSection1NERNames.json,seed_unreviewed,NER candidate only; merge spelling variants and verify against context before training.
PC00225,Lefferts,,PERSON,Virginia_Company_or_colonial_unverified,3,"May 17, 1620",cleanedSection1NERNames.json,seed_unreviewed,NER candidate only; merge spelling variants and verify against context before training.
PC00226,Leuer,,PERSON,Virginia_Company_or_colonial_unverified,3,"NOVEMBER 14, 1621",cleanedSection1NERNames.json,seed_unreviewed,NER candidate only; merge spelling variants and verify against context before training.
PC00227,Mansell,,PERSON,Virginia_Company_or_colonial_unverified,3,"JANUARY 30, 1622",cleanedSection1NERNames.json,seed_unreviewed,NER candidate only; merge spelling variants and verify against context before training.
PC00228,Melling,,PERSON,Virginia_Company_or_colonial_unverified,3,"MAY 2, 1621",cleanedSection1NERNames.json,seed_unreviewed,NER candidate only; merge spelling variants and verify against context before training.
PC00229,Moone,,PERSON,Virginia_Company_or_colonial_unverified,3,"APRIL 12, 1621",cleanedSection1NERNames.json,seed_unreviewed,NER candidate only; merge spelling variants and verify against context before training.
PC00230,Newland,,PERSON,Virginia_Company_or_colonial_unverified,3,"APRIL 30, 1621",cleanedSection1NERNames.json,seed_unreviewed,NER candidate only; merge spelling variants and verify against context before training.
PC00231,Padgett,,PERSON,Virginia_Company_or_colonial_unverified,3,"SANUARY 29, 1620",cleanedSection1NERNames.json,seed_unreviewed,NER candidate only; merge spelling variants and verify against context before training.
PC00232,Palmer,,PERSON,Virginia_Company_or_colonial_unverified,3,"JULY 10, 1621",cleanedSection1NERNames.json,seed_unreviewed,NER candidate only; merge spelling variants and verify against context before training.
PC00233,Patrick Copland’s,,PERSON,Virginia_Company_or_colonial_unverified,3,"June 22, 1620",cleanedSection1NERNames.json,seed_unreviewed,NER candidate only; merge spelling variants and verify against context before training.
PC00234,Pountis,,PERSON,Virginia_Company_or_colonial_unverified,3,"NOVEMBER 14, 1621",cleanedSection1NERNames.json,seed_unreviewed,NER candidate only; merge spelling variants and verify against context before training.
PC00235,Richard Bulkley,,PERSON,Virginia_Company_or_colonial_unverified,3,"APRIL 12, 1621",cleanedSection1NERNames.json,seed_unreviewed,NER candidate only; merge spelling variants and verify against context before training.
PC00236,Richard Bull,,PERSON,Virginia_Company_or_colonial_unverified,3,"JULY 10, 1621",cleanedSection1NERNames.json,seed_unreviewed,NER candidate only; merge spelling variants and verify against context before training.
PC00237,Robert Smith,,PERSON,Virginia_Company_or_colonial_unverified,3,"MAY 2, 1621",cleanedSection1NERNames.json,seed_unreviewed,NER candidate only; merge spelling variants and verify against context before training.
PC00238,Roger Smith,,PERSON,Virginia_Company_or_colonial_unverified,3,"DECEMBER 13, 1620",cleanedSection1NERNames.json,seed_unreviewed,NER candidate only; merge spelling variants and verify against context before training.
PC00239,Rolfe,,PERSON,Virginia_Company_or_colonial_unverified,3,"APRIL 30, 1621",cleanedSection1NERNames.json,seed_unreviewed,NER candidate only; merge spelling variants and verify against context before training.
PC00240,Seaward,,PERSON,Virginia_Company_or_colonial_unverified,3,"JANUARY 29, 1620",cleanedSection1NERNames.json,seed_unreviewed,NER candidate only; merge spelling variants and verify against context before training.
PC00241,Sparrowe,,PERSON,Virginia_Company_or_colonial_unverified,3,"JANUARY 29, 1620",cleanedSection1NERNames.json,seed_unreviewed,NER candidate only; merge spelling variants and verify against context before training.
PC00242,Swaine,,PERSON,Virginia_Company_or_colonial_unverified,3,"JULY 10, 1621",cleanedSection1NERNames.json,seed_unreviewed,NER candidate only; merge spelling variants and verify against context before training.
PC00243,the Earl of Southampton,,PERSON,Virginia_Company_or_colonial_unverified,3,"June 22, 1620",cleanedSection1NERNames.json,seed_unreviewed,NER candidate only; merge spelling variants and verify against context before training.
PC00244,Thomas Smith,,PERSON,Virginia_Company_or_colonial_unverified,3,"October 30, 1605",cleanedSection1NERNames.json,seed_unreviewed,NER candidate only; merge spelling variants and verify against context before training.
PC00245,Thorpe,,PERSON,Virginia_Company_or_colonial_unverified,3,"JUNE 11, 1621",cleanedSection1NERNames.json,seed_unreviewed,NER candidate only; merge spelling variants and verify against context before training.
PC00246,Waterhowse,,PERSON,Virginia_Company_or_colonial_unverified,3,"NOVEMBER 14, 1621",cleanedSection1NERNames.json,seed_unreviewed,NER candidate only; merge spelling variants and verify against context before training.
PC00247,William Stith,,PERSON,Virginia_Company_or_colonial_unverified,3,"October 4, 1825",cleanedSection1NERNames.json,seed_unreviewed,NER candidate only; merge spelling variants and verify against context before training.
PC00248,Zane,,PERSON,Virginia_Company_or_colonial_unverified,3,"October 4, 1825",cleanedSection1NERNames.json,seed_unreviewed,NER candidate only; merge spelling variants and verify against context before training.
PC00249,Abraham Chamberlin,,PERSON,Virginia_Company_or_colonial_unverified,2,"JULY 10, 1621",cleanedSection1NERNames.json,seed_unreviewed,NER candidate only; merge spelling variants and verify against context before training.
PC00250,Alexander Morrison,,PERSON,Virginia_Company_or_colonial_unverified,2,"May 7, 1815",cleanedSection1NERNames.json,seed_unreviewed,NER candidate only; merge spelling variants and verify against context before training.
PC00251,Anthony Ireby,,PERSON,Virginia_Company_or_colonial_unverified,2,"FEBRUARY 13, 1622",cleanedSection1NERNames.json,seed_unreviewed,NER candidate only; merge spelling variants and verify against context before training.
PC00252,Articles,,PERSON,Virginia_Company_or_colonial_unverified,2,"JUNE 11, 1621",cleanedSection1NERNames.json,seed_unreviewed,NER candidate only; merge spelling variants and verify against context before training.
PC00253,Ashes,,PERSON,Virginia_Company_or_colonial_unverified,2,"JANUARY 30, 1622",cleanedSection1NERNames.json,seed_unreviewed,NER candidate only; merge spelling variants and verify against context before training.
PC00254,Attorney,,PERSON,Virginia_Company_or_colonial_unverified,2,"APRIL 12, 1621",cleanedSection1NERNames.json,seed_unreviewed,NER candidate only; merge spelling variants and verify against context before training.
PC00255,Ayer,,PERSON,Virginia_Company_or_colonial_unverified,2,"May 17, 1620",cleanedSection1NERNames.json,seed_unreviewed,NER candidate only; merge spelling variants and verify against context before training.
PC00256,Balmford,,PERSON,Virginia_Company_or_colonial_unverified,2,"DECEMBER 19, 1621",cleanedSection1NERNames.json,seed_unreviewed,NER candidate only; merge spelling variants and verify against context before training.
PC00257,Bargraue,,PERSON,Virginia_Company_or_colonial_unverified,2,"MAY 2, 1621",cleanedSection1NERNames.json,seed_unreviewed,NER candidate only; merge spelling variants and verify against context before training.
PC00258,Bargrave,,PERSON,Virginia_Company_or_colonial_unverified,2,"JULY 27, 1621",cleanedSection1NERNames.json,seed_unreviewed,NER candidate only; merge spelling variants and verify against context before training.
PC00259,Barkham,,PERSON,Virginia_Company_or_colonial_unverified,2,"APRIL 10, 1622",cleanedSection1NERNames.json,seed_unreviewed,NER candidate only; merge spelling variants and verify against context before training.
PC00260,Baynam,,PERSON,Virginia_Company_or_colonial_unverified,2,"JULY 24, 1621",cleanedSection1NERNames.json,seed_unreviewed,NER candidate only; merge spelling variants and verify against context before training.
PC00261,Ber Seo,,PERSON,Virginia_Company_or_colonial_unverified,2,"May 20, 1700",cleanedSection1NERNames.json,seed_unreviewed,NER candidate only; merge spelling variants and verify against context before training.
PC00262,Berblock,,PERSON,Virginia_Company_or_colonial_unverified,2,"MAY 2, 1621",cleanedSection1NERNames.json,seed_unreviewed,NER candidate only; merge spelling variants and verify against context before training.
PC00263,Berblocke,,PERSON,Virginia_Company_or_colonial_unverified,2,"NOVEMBER 14, 1621",cleanedSection1NERNames.json,seed_unreviewed,NER candidate only; merge spelling variants and verify against context before training.
PC00264,Bernard Quaritch,,PERSON,Virginia_Company_or_colonial_unverified,2,"September 30, 1619",cleanedSection1NERNames.json,seed_unreviewed,NER candidate only; merge spelling variants and verify against context before training.
PC00265,Bishops,,PERSON,Virginia_Company_or_colonial_unverified,2,"JUNE 13, 1621",cleanedSection1NERNames.json,seed_unreviewed,NER candidate only; merge spelling variants and verify against context before training.
PC00266,Blande,,PERSON,Virginia_Company_or_colonial_unverified,2,"JULY 24, 1621",cleanedSection1NERNames.json,seed_unreviewed,NER candidate only; merge spelling variants and verify against context before training.
PC00267,Blany,,PERSON,Virginia_Company_or_colonial_unverified,2,"JULY 16, 1621",cleanedSection1NERNames.json,seed_unreviewed,NER candidate only; merge spelling variants and verify against context before training.
PC00268,Bohune,,PERSON,Virginia_Company_or_colonial_unverified,2,"JULY 10, 1621",cleanedSection1NERNames.json,seed_unreviewed,NER candidate only; merge spelling variants and verify against context before training.
PC00269,Bonnell,,PERSON,Virginia_Company_or_colonial_unverified,2,"APRIL 30, 1621",cleanedSection1NERNames.json,seed_unreviewed,NER candidate only; merge spelling variants and verify against context before training.
PC00270,Boothby,,PERSON,Virginia_Company_or_colonial_unverified,2,"APRIL 30, 1621",cleanedSection1NERNames.json,seed_unreviewed,NER candidate only; merge spelling variants and verify against context before training.
PC00271,Bromefield,,PERSON,Virginia_Company_or_colonial_unverified,2,"JANUARY 29, 1620",cleanedSection1NERNames.json,seed_unreviewed,NER candidate only; merge spelling variants and verify against context before training.
PC00272,Burk,,PERSON,Virginia_Company_or_colonial_unverified,2,"April 8, 1815",cleanedSection1NERNames.json,seed_unreviewed,NER candidate only; merge spelling variants and verify against context before training.
PC00273,Capps,,PERSON,Virginia_Company_or_colonial_unverified,2,"APRIL 30, 1621",cleanedSection1NERNames.json,seed_unreviewed,NER candidate only; merge spelling variants and verify against context before training.
PC00274,Carey,,PERSON,Virginia_Company_or_colonial_unverified,2,"NOVEMBER 14, 1621",cleanedSection1NERNames.json,seed_unreviewed,NER candidate only; merge spelling variants and verify against context before training.
PC00275,Challoner,,PERSON,Virginia_Company_or_colonial_unverified,2,"NOVEMBER 19, 1621",cleanedSection1NERNames.json,seed_unreviewed,NER candidate only; merge spelling variants and verify against context before training.
PC00276,Charles Campbell,,PERSON,Virginia_Company_or_colonial_unverified,2,"December 10, 1746",cleanedSection1NERNames.json,seed_unreviewed,NER candidate only; merge spelling variants and verify against context before training.
PC00277,Christopher Newport,,PERSON,Virginia_Company_or_colonial_unverified,2,"February 18, 1609",cleanedSection1NERNames.json,seed_unreviewed,NER candidate only; merge spelling variants and verify against context before training.
PC00278,Citie,,PERSON,Virginia_Company_or_colonial_unverified,2,"JUNE 11, 1621",cleanedSection1NERNames.json,seed_unreviewed,NER candidate only; merge spelling variants and verify against context before training.
PC00279,Cleyborne,,PERSON,Virginia_Company_or_colonial_unverified,2,"JUNE 11, 1621",cleanedSection1NERNames.json,seed_unreviewed,NER candidate only; merge spelling variants and verify against context before training.
PC00280,Combe,,PERSON,Virginia_Company_or_colonial_unverified,2,"JANUARY 29, 1620",cleanedSection1NERNames.json,seed_unreviewed,NER candidate only; merge spelling variants and verify against context before training.
PC00281,Copeland,,PERSON,Virginia_Company_or_colonial_unverified,2,"FEBRUARY 13, 1622",cleanedSection1NERNames.json,seed_unreviewed,NER candidate only; merge spelling variants and verify against context before training.
PC00282,Cuff,,PERSON,Virginia_Company_or_colonial_unverified,2,"APRIL 12, 1621",cleanedSection1NERNames.json,seed_unreviewed,NER candidate only; merge spelling variants and verify against context before training.
PC00283,Deputie,,PERSON,Virginia_Company_or_colonial_unverified,2,"JULY 10, 1621",cleanedSection1NERNames.json,seed_unreviewed,NER candidate only; merge spelling variants and verify against context before training.
PC00284,Deputies,,PERSON,Virginia_Company_or_colonial_unverified,2,"JUNE 18, 1621",cleanedSection1NERNames.json,seed_unreviewed,NER candidate only; merge spelling variants and verify against context before training.
PC00285,Ditchfeild,,PERSON,Virginia_Company_or_colonial_unverified,2,"NOVEMBER 21, 1621",cleanedSection1NERNames.json,seed_unreviewed,NER candidate only; merge spelling variants and verify against context before training.
PC00286,Ditchfield,,PERSON,Virginia_Company_or_colonial_unverified,2,"JANUARY 29, 1620",cleanedSection1NERNames.json,seed_unreviewed,NER candidate only; merge spelling variants and verify against context before training.
PC00287,E. D. Neill,,PERSON,Virginia_Company_or_colonial_unverified,2,"December 10, 1746",cleanedSection1NERNames.json,seed_unreviewed,NER candidate only; merge spelling variants and verify against context before training.
PC00288,Edw,,PERSON,Virginia_Company_or_colonial_unverified,2,"MAY 2, 1621",cleanedSection1NERNames.json,seed_unreviewed,NER candidate only; merge spelling variants and verify against context before training.
PC00289,Edward,,PERSON,Virginia_Company_or_colonial_unverified,2,"DECEMBER 19, 1621",cleanedSection1NERNames.json,seed_unreviewed,NER candidate only; merge spelling variants and verify against context before training.
PC00290,Edward Lawly,,PERSON,Virginia_Company_or_colonial_unverified,2,"SANUARY 29, 1620",cleanedSection1NERNames.json,seed_unreviewed,NER candidate only; merge spelling variants and verify against context before training.
PC00291,Edward Maria Wingfield,,PERSON,Virginia_Company_or_colonial_unverified,2,"February 18, 1609",cleanedSection1NERNames.json,seed_unreviewed,NER candidate only; merge spelling variants and verify against context before training.
PC00292,Edward Sharpless,,PERSON,Virginia_Company_or_colonial_unverified,2,"August 6, 1623",cleanedSection1NERNames.json,seed_unreviewed,NER candidate only; merge spelling variants and verify against context before training.
PC00293,Esqr,,PERSON,Virginia_Company_or_colonial_unverified,2,"January 16, 1795",cleanedSection1NERNames.json,seed_unreviewed,NER candidate only; merge spelling variants and verify against context before training.
PC00294,Ewens,,PERSON,Virginia_Company_or_colonial_unverified,2,"JUNE 13, 1621",cleanedSection1NERNames.json,seed_unreviewed,NER candidate only; merge spelling variants and verify against context before training.
PC00295,Fordyce M. Hubbard,,PERSON,Virginia_Company_or_colonial_unverified,2,"December 10, 1746",cleanedSection1NERNames.json,seed_unreviewed,NER candidate only; merge spelling variants and verify against context before training.
PC00296,Francis Harwell,,PERSON,Virginia_Company_or_colonial_unverified,2,"FEBRUARY 13, 1622",cleanedSection1NERNames.json,seed_unreviewed,NER candidate only; merge spelling variants and verify against context before training.
PC00297,George,,PERSON,Virginia_Company_or_colonial_unverified,2,"MARCH 13, 1622",cleanedSection1NERNames.json,seed_unreviewed,NER candidate only; merge spelling variants and verify against context before training.
PC00298,George Percy,,PERSON,Virginia_Company_or_colonial_unverified,2,"February 18, 1609",cleanedSection1NERNames.json,seed_unreviewed,NER candidate only; merge spelling variants and verify against context before training.
PC00299,George Watterson,,PERSON,Virginia_Company_or_colonial_unverified,2,"May 7, 1815",cleanedSection1NERNames.json,seed_unreviewed,NER candidate only; merge spelling variants and verify against context before training.
PC00300,Gibbe,,PERSON,Virginia_Company_or_colonial_unverified,2,"JANUARY 29, 1620",cleanedSection1NERNames.json,seed_unreviewed,NER candidate only; merge spelling variants and verify against context before training.
PC00301,Gooch,,PERSON,Virginia_Company_or_colonial_unverified,2,"August 6, 1623",cleanedSection1NERNames.json,seed_unreviewed,NER candidate only; merge spelling variants and verify against context before training.
PC00302,Gookin,,PERSON,Virginia_Company_or_colonial_unverified,2,"JULY 2, 1621",cleanedSection1NERNames.json,seed_unreviewed,NER candidate only; merge spelling variants and verify against context before training.
PC00303,Governour,,PERSON,Virginia_Company_or_colonial_unverified,2,"APRIL 30, 1621",cleanedSection1NERNames.json,seed_unreviewed,NER candidate only; merge spelling variants and verify against context before training.
PC00304,Harte,,PERSON,Virginia_Company_or_colonial_unverified,2,"JULY 10, 1621",cleanedSection1NERNames.json,seed_unreviewed,NER candidate only; merge spelling variants and verify against context before training.
PC00305,Henry Rolfe,,PERSON,Virginia_Company_or_colonial_unverified,2,"APRIL 30, 1621",cleanedSection1NERNames.json,seed_unreviewed,NER candidate only; merge spelling variants and verify against context before training.
PC00306,Henry Southey,,PERSON,Virginia_Company_or_colonial_unverified,2,"JANUARY 16, 1622",cleanedSection1NERNames.json,seed_unreviewed,NER candidate only; merge spelling variants and verify against context before training.
PC00307,Honourable Privy Counsell,,PERSON,Virginia_Company_or_colonial_unverified,2,"OCTOBER 24, 1621",cleanedSection1NERNames.json,seed_unreviewed,NER candidate only; merge spelling variants and verify against context before training.
PC00308,Hugh Blair Grigsby,,PERSON,Virginia_Company_or_colonial_unverified,2,"December 10, 1746",cleanedSection1NERNames.json,seed_unreviewed,NER candidate only; merge spelling variants and verify against context before training.
PC00309,Iohn Smyth,,PERSON,Virginia_Company_or_colonial_unverified,2,"APRIL 12, 1621",cleanedSection1NERNames.json,seed_unreviewed,NER candidate only; merge spelling variants and verify against context before training.
PC00310,Iohn Wolstenholme,,PERSON,Virginia_Company_or_colonial_unverified,2,"FEBRUARY 13, 1622",cleanedSection1NERNames.json,seed_unreviewed,NER candidate only; merge spelling variants and verify against context before training.
PC00311,Iohn Wroth,,PERSON,Virginia_Company_or_colonial_unverified,2,"MAY 2, 1621",cleanedSection1NERNames.json,seed_unreviewed,NER candidate only; merge spelling variants and verify against context before training.
PC00312,J. S. Bassett,,PERSON,Virginia_Company_or_colonial_unverified,2,"January 16, 1795",cleanedSection1NERNames.json,seed_unreviewed,NER candidate only; merge spelling variants and verify against context before training.
PC00313,J[ohn] W[ingate] T[hornton,,PERSON,Virginia_Company_or_colonial_unverified,2,"December 10, 1746",cleanedSection1NERNames.json,seed_unreviewed,NER candidate only; merge spelling variants and verify against context before training.
PC00314,Jermyn,,PERSON,Virginia_Company_or_colonial_unverified,2,"FEBRUARY 27, 1622",cleanedSection1NERNames.json,seed_unreviewed,NER candidate only; merge spelling variants and verify against context before training.
PC00315,Jermyns Chamber,,PERSON,Virginia_Company_or_colonial_unverified,2,"FEBRUARY 27, 1622",cleanedSection1NERNames.json,seed_unreviewed,NER candidate only; merge spelling variants and verify against context before training.
PC00316,John Smyth,,PERSON,Virginia_Company_or_colonial_unverified,2,"September 30, 1619",cleanedSection1NERNames.json,seed_unreviewed,NER candidate only; merge spelling variants and verify against context before training.
PC00317,John Sotherne,,PERSON,Virginia_Company_or_colonial_unverified,2,"August 6, 1623",cleanedSection1NERNames.json,seed_unreviewed,NER candidate only; merge spelling variants and verify against context before training.
PC00318,John Wroth,,PERSON,Virginia_Company_or_colonial_unverified,2,"SANUARY 29, 1620",cleanedSection1NERNames.json,seed_unreviewed,NER candidate only; merge spelling variants and verify against context before training.
PC00319,Keeper,,PERSON,Virginia_Company_or_colonial_unverified,2,"JANUARY 30, 1622",cleanedSection1NERNames.json,seed_unreviewed,NER candidate only; merge spelling variants and verify against context before training.
PC00320,Keepers,,PERSON,Virginia_Company_or_colonial_unverified,2,"DECEMBER 19, 1621",cleanedSection1NERNames.json,seed_unreviewed,NER candidate only; merge spelling variants and verify against context before training.
PC00321,Keightley,,PERSON,Virginia_Company_or_colonial_unverified,2,"JUNE 13, 1621",cleanedSection1NERNames.json,seed_unreviewed,NER candidate only; merge spelling variants and verify against context before training.
PC00322,Keightly,,PERSON,Virginia_Company_or_colonial_unverified,2,"APRIL 12, 1621",cleanedSection1NERNames.json,seed_unreviewed,NER candidate only; merge spelling variants and verify against context before training.
PC00323,Lawarr,,PERSON,Virginia_Company_or_colonial_unverified,2,"April 28, 1613",cleanedSection1NERNames.json,seed_unreviewed,NER candidate only; merge spelling variants and verify against context before training.
PC00324,Lawrence,,PERSON,Virginia_Company_or_colonial_unverified,2,"JULY 10, 1621",cleanedSection1NERNames.json,seed_unreviewed,NER candidate only; merge spelling variants and verify against context before training.
PC00325,Leat,,PERSON,Virginia_Company_or_colonial_unverified,2,"JANUARY 28, 1622",cleanedSection1NERNames.json,seed_unreviewed,NER candidate only; merge spelling variants and verify against context before training.
PC00326,LIBRARY,,PERSON,Virginia_Company_or_colonial_unverified,2,"September 30, 1619",cleanedSection1NERNames.json,seed_unreviewed,NER candidate only; merge spelling variants and verify against context before training.
PC00327,Lyon G. Tyler,,PERSON,Virginia_Company_or_colonial_unverified,2,"December 10, 1746",cleanedSection1NERNames.json,seed_unreviewed,NER candidate only; merge spelling variants and verify against context before training.
PC00328,Ma,,PERSON,Virginia_Company_or_colonial_unverified,2,"MAY 2, 1621",cleanedSection1NERNames.json,seed_unreviewed,NER candidate only; merge spelling variants and verify against context before training.
PC00329,Magdalene College,,PERSON,Virginia_Company_or_colonial_unverified,2,"April 21, 1623",cleanedSection1NERNames.json,seed_unreviewed,NER candidate only; merge spelling variants and verify against context before training.
PC00330,Majestie,,PERSON,Virginia_Company_or_colonial_unverified,2,"November 20, 1606",cleanedSection1NERNames.json,seed_unreviewed,NER candidate only; merge spelling variants and verify against context before training.
PC00331,Mathewe,,PERSON,Virginia_Company_or_colonial_unverified,2,"MAY 2, 1621",cleanedSection1NERNames.json,seed_unreviewed,NER candidate only; merge spelling variants and verify against context before training.
PC00332,Messenger,,PERSON,Virginia_Company_or_colonial_unverified,2,"JANUARY 30, 1622",cleanedSection1NERNames.json,seed_unreviewed,NER candidate only; merge spelling variants and verify against context before training.
PC00333,Milligan,,PERSON,Virginia_Company_or_colonial_unverified,2,"May 7, 1815",cleanedSection1NERNames.json,seed_unreviewed,NER candidate only; merge spelling variants and verify against context before training.
PC00334,Miscellaneous Pamphlets,,PERSON,Virginia_Company_or_colonial_unverified,2,"May 20, 1700",cleanedSection1NERNames.json,seed_unreviewed,NER candidate only; merge spelling variants and verify against context before training.
PC00335,Moorer,,PERSON,Virginia_Company_or_colonial_unverified,2,"MAY 8, 1622",cleanedSection1NERNames.json,seed_unreviewed,NER candidate only; merge spelling variants and verify against context before training.
PC00336,Morewood,,PERSON,Virginia_Company_or_colonial_unverified,2,"NOVEMBER 21, 1621",cleanedSection1NERNames.json,seed_unreviewed,NER candidate only; merge spelling variants and verify against context before training.
PC00337,Nelson,,PERSON,Virginia_Company_or_colonial_unverified,2,"May 7, 1815",cleanedSection1NERNames.json,seed_unreviewed,NER candidate only; merge spelling variants and verify against context before training.
PC00338,Nicholas Tufton,,PERSON,Virginia_Company_or_colonial_unverified,2,"SANUARY 29, 1620",cleanedSection1NERNames.json,seed_unreviewed,NER candidate only; merge spelling variants and verify against context before training.
PC00339,Paulavicine,,PERSON,Virginia_Company_or_colonial_unverified,2,"NOVEMBER 21, 1621",cleanedSection1NERNames.json,seed_unreviewed,NER candidate only; merge spelling variants and verify against context before training.
PC00340,Pollington,,PERSON,Virginia_Company_or_colonial_unverified,2,"JULY 24, 1621",cleanedSection1NERNames.json,seed_unreviewed,NER candidate only; merge spelling variants and verify against context before training.
PC00341,Pott,,PERSON,Virginia_Company_or_colonial_unverified,2,"JULY 24, 1621",cleanedSection1NERNames.json,seed_unreviewed,NER candidate only; merge spelling variants and verify against context before training.
PC00342,Publick Speeches,,PERSON,Virginia_Company_or_colonial_unverified,2,"May 7, 1815",cleanedSection1NERNames.json,seed_unreviewed,NER candidate only; merge spelling variants and verify against context before training.
PC00343,Raph Hamer,,PERSON,Virginia_Company_or_colonial_unverified,2,"MARCH 13, 1622",cleanedSection1NERNames.json,seed_unreviewed,NER candidate only; merge spelling variants and verify against context before training.
PC00344,Richard Bland’s,,PERSON,Virginia_Company_or_colonial_unverified,2,"May 7, 1815",cleanedSection1NERNames.json,seed_unreviewed,NER candidate only; merge spelling variants and verify against context before training.
PC00345,Richard Worsley,,PERSON,Virginia_Company_or_colonial_unverified,2,"MAY 2, 1621",cleanedSection1NERNames.json,seed_unreviewed,NER candidate only; merge spelling variants and verify against context before training.
PC00346,Risely,,PERSON,Virginia_Company_or_colonial_unverified,2,"NOVEMBER 14, 1621",cleanedSection1NERNames.json,seed_unreviewed,NER candidate only; merge spelling variants and verify against context before training.
PC00347,Robert C. Howison,,PERSON,Virginia_Company_or_colonial_unverified,2,"December 10, 1746",cleanedSection1NERNames.json,seed_unreviewed,NER candidate only; merge spelling variants and verify against context before training.
PC00348,Robert Peasly,,PERSON,Virginia_Company_or_colonial_unverified,2,"MAY 8, 1622",cleanedSection1NERNames.json,seed_unreviewed,NER candidate only; merge spelling variants and verify against context before training.
PC00349,Roberté,,PERSON,Virginia_Company_or_colonial_unverified,2,"JULY 10, 1621",cleanedSection1NERNames.json,seed_unreviewed,NER candidate only; merge spelling variants and verify against context before training.
PC00350,Roll A. 42,,PERSON,Virginia_Company_or_colonial_unverified,2,"December 10, 1746",cleanedSection1NERNames.json,seed_unreviewed,NER candidate only; merge spelling variants and verify against context before training.
PC00351,Rugles,,PERSON,Virginia_Company_or_colonial_unverified,2,"APRIL 30, 1621",cleanedSection1NERNames.json,seed_unreviewed,NER candidate only; merge spelling variants and verify against context before training.
PC00352,Samuell Sandys,,PERSON,Virginia_Company_or_colonial_unverified,2,"SANUARY 29, 1620",cleanedSection1NERNames.json,seed_unreviewed,NER candidate only; merge spelling variants and verify against context before training.
PC00353,Shipton,,PERSON,Virginia_Company_or_colonial_unverified,2,"NOVEMBER 19, 1621",cleanedSection1NERNames.json,seed_unreviewed,NER candidate only; merge spelling variants and verify against context before training.
PC00354,Silkworme,,PERSON,Virginia_Company_or_colonial_unverified,2,"JUNE 11, 1621",cleanedSection1NERNames.json,seed_unreviewed,NER candidate only; merge spelling variants and verify against context before training.
PC00355,Swinho,,PERSON,Virginia_Company_or_colonial_unverified,2,"JUNE 11, 1621",cleanedSection1NERNames.json,seed_unreviewed,NER candidate only; merge spelling variants and verify against context before training.
PC00356,Symond Fortescue,,PERSON,Virginia_Company_or_colonial_unverified,2,"OCTOBER 31, 1621",cleanedSection1NERNames.json,seed_unreviewed,NER candidate only; merge spelling variants and verify against context before training.
PC00357,Tho,,PERSON,Virginia_Company_or_colonial_unverified,2,"JANUARY 28, 1622",cleanedSection1NERNames.json,seed_unreviewed,NER candidate only; merge spelling variants and verify against context before training.
PC00358,Thomas Gibbs,,PERSON,Virginia_Company_or_colonial_unverified,2,"MAY 2, 1621",cleanedSection1NERNames.json,seed_unreviewed,NER candidate only; merge spelling variants and verify against context before training.
PC00359,Thomas Iadwin,,PERSON,Virginia_Company_or_colonial_unverified,2,"JULY 2, 1621",cleanedSection1NERNames.json,seed_unreviewed,NER candidate only; merge spelling variants and verify against context before training.
PC00360,Thomas Jefferson’s,,PERSON,Virginia_Company_or_colonial_unverified,2,"May 20, 1700",cleanedSection1NERNames.json,seed_unreviewed,NER candidate only; merge spelling variants and verify against context before training.
PC00361,Thomas Smiths,,PERSON,Virginia_Company_or_colonial_unverified,2,"FEBRUARY 27, 1622",cleanedSection1NERNames.json,seed_unreviewed,NER candidate only; merge spelling variants and verify against context before training.
PC00362,Tobias Cooper,,PERSON,Virginia_Company_or_colonial_unverified,2,"JULY 24, 1621",cleanedSection1NERNames.json,seed_unreviewed,NER candidate only; merge spelling variants and verify against context before training.
PC00363,Viner,,PERSON,Virginia_Company_or_colonial_unverified,2,"NOVEMBER 21, 1621",cleanedSection1NERNames.json,seed_unreviewed,NER candidate only; merge spelling variants and verify against context before training.
PC00364,Virginia Miscellaneous Records,,PERSON,Virginia_Company_or_colonial_unverified,2,"December 10, 1606",cleanedSection1NERNames.json,seed_unreviewed,NER candidate only; merge spelling variants and verify against context before training.
PC00365,Waymouth,,PERSON,Virginia_Company_or_colonial_unverified,2,"October 30, 1605",cleanedSection1NERNames.json,seed_unreviewed,NER candidate only; merge spelling variants and verify against context before training.
PC00366,Welden,,PERSON,Virginia_Company_or_colonial_unverified,2,"FEBRUARY 13, 1622",cleanedSection1NERNames.json,seed_unreviewed,NER candidate only; merge spelling variants and verify against context before training.
PC00367,Wheately,,PERSON,Virginia_Company_or_colonial_unverified,2,"JANUARY 29, 1620",cleanedSection1NERNames.json,seed_unreviewed,NER candidate only; merge spelling variants and verify against context before training.
PC00368,William Green,,PERSON,Virginia_Company_or_colonial_unverified,2,"December 10, 1746",cleanedSection1NERNames.json,seed_unreviewed,NER candidate only; merge spelling variants and verify against context before training.
PC00369,William Tracy,,PERSON,Virginia_Company_or_colonial_unverified,2,"OCTOBER 21, 1621",cleanedSection1NERNames.json,seed_unreviewed,NER candidate only; merge spelling variants and verify against context before training.
PC00370,Woodliffe,,PERSON,Virginia_Company_or_colonial_unverified,2,"JULY 2, 1621",cleanedSection1NERNames.json,seed_unreviewed,NER candidate only; merge spelling variants and verify against context before training.
PC00371,Writings,,PERSON,Virginia_Company_or_colonial_unverified,2,"January 16, 1795",cleanedSection1NERNames.json,seed_unreviewed,NER candidate only; merge spelling variants and verify against context before training.
PC00372,Wythe,,PERSON,Virginia_Company_or_colonial_unverified,2,"January 16, 1795",cleanedSection1NERNames.json,seed_unreviewed,NER candidate only; merge spelling variants and verify against context before training.
PC00373,Zouch,,PERSON,Virginia_Company_or_colonial_unverified,2,"October 30, 1605",cleanedSection1NERNames.json,seed_unreviewed,NER candidate only; merge spelling variants and verify against context before training.
PC00374,2 Keepers,,PERSON,Virginia_Company_or_colonial_unverified,1,"MAY 12, 1621",cleanedSection1NERNames.json,seed_unreviewed,NER candidate only; merge spelling variants and verify against context before training.
PC00375,Abra,,PERSON,Virginia_Company_or_colonial_unverified,1,"OCTOBER 24, 1621",cleanedSection1NERNames.json,seed_unreviewed,NER candidate only; merge spelling variants and verify against context before training.
PC00376,Abraham,,PERSON,Virginia_Company_or_colonial_unverified,1,"NOVEMBER 14, 1621",cleanedSection1NERNames.json,seed_unreviewed,NER candidate only; merge spelling variants and verify against context before training.
PC00377,Abraham Chamberlyn,,PERSON,Virginia_Company_or_colonial_unverified,1,"OCTOBER 24, 1621",cleanedSection1NERNames.json,seed_unreviewed,NER candidate only; merge spelling variants and verify against context before training.
PC00378,Abraham Chamberlyne,,PERSON,Virginia_Company_or_colonial_unverified,1,"OCTOBER 24, 1621",cleanedSection1NERNames.json,seed_unreviewed,NER candidate only; merge spelling variants and verify against context before training.
PC00379,Abraham Chamblen,,PERSON,Virginia_Company_or_colonial_unverified,1,"DECEMBER 4, 1621",cleanedSection1NERNames.json,seed_unreviewed,NER candidate only; merge spelling variants and verify against context before training.
PC00380,Adventurers Counsell,,PERSON,Virginia_Company_or_colonial_unverified,1,"JULY 27, 1621",cleanedSection1NERNames.json,seed_unreviewed,NER candidate only; merge spelling variants and verify against context before training.
PC00381,Adventurer’s,,PERSON,Virginia_Company_or_colonial_unverified,1,"JULY 27, 1621",cleanedSection1NERNames.json,seed_unreviewed,NER candidate only; merge spelling variants and verify against context before training.
PC00382,Adwin,,PERSON,Virginia_Company_or_colonial_unverified,1,"FEBRUARY 27, 1622",cleanedSection1NERNames.json,seed_unreviewed,NER candidate only; merge spelling variants and verify against context before training.
PC00383,Alder,,PERSON,Virginia_Company_or_colonial_unverified,1,"JULY 10, 1621",cleanedSection1NERNames.json,seed_unreviewed,NER candidate only; merge spelling variants and verify against context before training.
PC00384,Alderman Iohnson,,PERSON,Virginia_Company_or_colonial_unverified,1,"JULY 27, 1621",cleanedSection1NERNames.json,seed_unreviewed,NER candidate only; merge spelling variants and verify against context before training.
PC00385,Alderman Johnsons,,PERSON,Virginia_Company_or_colonial_unverified,1,"MARCH 20, 1622",cleanedSection1NERNames.json,seed_unreviewed,NER candidate only; merge spelling variants and verify against context before training.
PC00386,Alexander Maitland,,PERSON,Virginia_Company_or_colonial_unverified,1,"September 30, 1619",cleanedSection1NERNames.json,seed_unreviewed,NER candidate only; merge spelling variants and verify against context before training.
PC00387,Alphabeticall,,PERSON,Virginia_Company_or_colonial_unverified,1,"JANUARY 28, 1622",cleanedSection1NERNames.json,seed_unreviewed,NER candidate only; merge spelling variants and verify against context before training.
PC00388,Anthony Gosnold,,PERSON,Virginia_Company_or_colonial_unverified,1,"OCTOBER 31, 1621",cleanedSection1NERNames.json,seed_unreviewed,NER candidate only; merge spelling variants and verify against context before training.
PC00389,Anthony Jennings,,PERSON,Virginia_Company_or_colonial_unverified,1,"NOVEMBER 14, 1621",cleanedSection1NERNames.json,seed_unreviewed,NER candidate only; merge spelling variants and verify against context before training.
PC00390,Anthony Palmer,,PERSON,Virginia_Company_or_colonial_unverified,1,"JULY 10, 1621",cleanedSection1NERNames.json,seed_unreviewed,NER candidate only; merge spelling variants and verify against context before training.
PC00391,Anthony Wythers,,PERSON,Virginia_Company_or_colonial_unverified,1,"JULY 24, 1621",cleanedSection1NERNames.json,seed_unreviewed,NER candidate only; merge spelling variants and verify against context before training.
PC00392,"Anthony, M' Baynam",,PERSON,Virginia_Company_or_colonial_unverified,1,"FEBRUARY 22, 1620",cleanedSection1NERNames.json,seed_unreviewed,NER candidate only; merge spelling variants and verify against context before training.
PC00393,Archer,,PERSON,Virginia_Company_or_colonial_unverified,1,"February 18, 1609",cleanedSection1NERNames.json,seed_unreviewed,NER candidate only; merge spelling variants and verify against context before training.
PC00394,Arivall,,PERSON,Virginia_Company_or_colonial_unverified,1,"JUNE 13, 1621",cleanedSection1NERNames.json,seed_unreviewed,NER candidate only; merge spelling variants and verify against context before training.
PC00395,Arthur Swaine,,PERSON,Virginia_Company_or_colonial_unverified,1,"JULY 10, 1621",cleanedSection1NERNames.json,seed_unreviewed,NER candidate only; merge spelling variants and verify against context before training.
PC00396,Arthur Swayne,,PERSON,Virginia_Company_or_colonial_unverified,1,"NOVEMBER 21, 1621",cleanedSection1NERNames.json,seed_unreviewed,NER candidate only; merge spelling variants and verify against context before training.
PC00397,Artificer,,PERSON,Virginia_Company_or_colonial_unverified,1,"November 20, 1606",cleanedSection1NERNames.json,seed_unreviewed,NER candidate only; merge spelling variants and verify against context before training.
PC00398,Ashmolean Manuscripts,,PERSON,Virginia_Company_or_colonial_unverified,1,"April 28, 1613",cleanedSection1NERNames.json,seed_unreviewed,NER candidate only; merge spelling variants and verify against context before training.
PC00399,Assignment Dated,,PERSON,Virginia_Company_or_colonial_unverified,1,"FEBRUARY 13, 1622",cleanedSection1NERNames.json,seed_unreviewed,NER candidate only; merge spelling variants and verify against context before training.
PC00400,Auen,,PERSON,Virginia_Company_or_colonial_unverified,1,"JANUARY 30, 1622",cleanedSection1NERNames.json,seed_unreviewed,NER candidate only; merge spelling variants and verify against context before training.
PC00401,Augustine Bullocke,,PERSON,Virginia_Company_or_colonial_unverified,1,"FEBRUARY 27, 1622",cleanedSection1NERNames.json,seed_unreviewed,NER candidate only; merge spelling variants and verify against context before training.
PC00402,Ayers,,PERSON,Virginia_Company_or_colonial_unverified,1,"NOVEMBER 21, 1621",cleanedSection1NERNames.json,seed_unreviewed,NER candidate only; merge spelling variants and verify against context before training.
PC00403,Bagwell,,PERSON,Virginia_Company_or_colonial_unverified,1,"JULY 10, 1621",cleanedSection1NERNames.json,seed_unreviewed,NER candidate only; merge spelling variants and verify against context before training.
PC00404,Bamforde,,PERSON,Virginia_Company_or_colonial_unverified,1,"OCTOBER 24, 1621",cleanedSection1NERNames.json,seed_unreviewed,NER candidate only; merge spelling variants and verify against context before training.
PC00405,bargaine againe,,PERSON,Virginia_Company_or_colonial_unverified,1,"JULY 12, 1621",cleanedSection1NERNames.json,seed_unreviewed,NER candidate only; merge spelling variants and verify against context before training.
PC00406,Bargraues,,PERSON,Virginia_Company_or_colonial_unverified,1,"MARCH 20, 1622",cleanedSection1NERNames.json,seed_unreviewed,NER candidate only; merge spelling variants and verify against context before training.
PC00407,Barker,,PERSON,Virginia_Company_or_colonial_unverified,1,"FEBRUARY 13, 1622",cleanedSection1NERNames.json,seed_unreviewed,NER candidate only; merge spelling variants and verify against context before training.
PC00408,Barnarde,,PERSON,Virginia_Company_or_colonial_unverified,1,"JULY 10, 1621",cleanedSection1NERNames.json,seed_unreviewed,NER candidate only; merge spelling variants and verify against context before training.
PC00409,Baron,,PERSON,Virginia_Company_or_colonial_unverified,1,"NOVEMBER 21, 1621",cleanedSection1NERNames.json,seed_unreviewed,NER candidate only; merge spelling variants and verify against context before training.
PC00410,Bartholomew,,PERSON,Virginia_Company_or_colonial_unverified,1,"NOVEMBER 21, 1621",cleanedSection1NERNames.json,seed_unreviewed,NER candidate only; merge spelling variants and verify against context before training.
PC00411,Baylie,,PERSON,Virginia_Company_or_colonial_unverified,1,"FEBRUARY 13, 1622",cleanedSection1NERNames.json,seed_unreviewed,NER candidate only; merge spelling variants and verify against context before training.
PC00412,Baynain,,PERSON,Virginia_Company_or_colonial_unverified,1,"APRIL 30, 1621",cleanedSection1NERNames.json,seed_unreviewed,NER candidate only; merge spelling variants and verify against context before training.
PC00413,Beads,,PERSON,Virginia_Company_or_colonial_unverified,1,"JUNE 25, 1621",cleanedSection1NERNames.json,seed_unreviewed,NER candidate only; merge spelling variants and verify against context before training.
PC00414,Bearblock,,PERSON,Virginia_Company_or_colonial_unverified,1,"JANUARY 29, 1620",cleanedSection1NERNames.json,seed_unreviewed,NER candidate only; merge spelling variants and verify against context before training.
PC00415,Benefactors,,PERSON,Virginia_Company_or_colonial_unverified,1,"NOVEMBER 21, 1621",cleanedSection1NERNames.json,seed_unreviewed,NER candidate only; merge spelling variants and verify against context before training.
PC00416,Berkley,,PERSON,Virginia_Company_or_colonial_unverified,1,"JUNE 11, 1621",cleanedSection1NERNames.json,seed_unreviewed,NER candidate only; merge spelling variants and verify against context before training.
PC00417,bin donn,,PERSON,Virginia_Company_or_colonial_unverified,1,"JANUARY 28, 1622",cleanedSection1NERNames.json,seed_unreviewed,NER candidate only; merge spelling variants and verify against context before training.
PC00418,Birkett,,PERSON,Virginia_Company_or_colonial_unverified,1,"NOVEMBER 14, 1621",cleanedSection1NERNames.json,seed_unreviewed,NER candidate only; merge spelling variants and verify against context before training.
PC00419,Blewett,,PERSON,Virginia_Company_or_colonial_unverified,1,"MAY 12, 1621",cleanedSection1NERNames.json,seed_unreviewed,NER candidate only; merge spelling variants and verify against context before training.
PC00420,Bluett,,PERSON,Virginia_Company_or_colonial_unverified,1,"JUNE 11, 1621",cleanedSection1NERNames.json,seed_unreviewed,NER candidate only; merge spelling variants and verify against context before training.
PC00421,Boats,,PERSON,Virginia_Company_or_colonial_unverified,1,"JULY 24, 1621",cleanedSection1NERNames.json,seed_unreviewed,NER candidate only; merge spelling variants and verify against context before training.
PC00422,Bonnall,,PERSON,Virginia_Company_or_colonial_unverified,1,"APRIL 30, 1621",cleanedSection1NERNames.json,seed_unreviewed,NER candidate only; merge spelling variants and verify against context before training.
PC00423,Bookes,,PERSON,Virginia_Company_or_colonial_unverified,1,"OCTOBER 31, 1621",cleanedSection1NERNames.json,seed_unreviewed,NER candidate only; merge spelling variants and verify against context before training.
PC00424,Bowyer Worsley,,PERSON,Virginia_Company_or_colonial_unverified,1,"APRIL 10, 1622",cleanedSection1NERNames.json,seed_unreviewed,NER candidate only; merge spelling variants and verify against context before training.
PC00425,Box,,PERSON,Virginia_Company_or_colonial_unverified,1,"JANUARY 30, 1622",cleanedSection1NERNames.json,seed_unreviewed,NER candidate only; merge spelling variants and verify against context before training.
PC00426,Briggs,,PERSON,Virginia_Company_or_colonial_unverified,1,"MAY 2, 1621",cleanedSection1NERNames.json,seed_unreviewed,NER candidate only; merge spelling variants and verify against context before training.
PC00427,Brome-,,PERSON,Virginia_Company_or_colonial_unverified,1,"JUNE 18, 1621",cleanedSection1NERNames.json,seed_unreviewed,NER candidate only; merge spelling variants and verify against context before training.
PC00428,Bromfeild,,PERSON,Virginia_Company_or_colonial_unverified,1,"SANUARY 29, 1620",cleanedSection1NERNames.json,seed_unreviewed,NER candidate only; merge spelling variants and verify against context before training.
PC00429,Brooke,,PERSON,Virginia_Company_or_colonial_unverified,1,"NOVEMBER 21, 1621",cleanedSection1NERNames.json,seed_unreviewed,NER candidate only; merge spelling variants and verify against context before training.
PC00430,Brooks,,PERSON,Virginia_Company_or_colonial_unverified,1,"NOVEMBER 21, 1621",cleanedSection1NERNames.json,seed_unreviewed,NER candidate only; merge spelling variants and verify against context before training.
PC00431,Bucks,,PERSON,Virginia_Company_or_colonial_unverified,1,"FEBRUARY 13, 1622",cleanedSection1NERNames.json,seed_unreviewed,NER candidate only; merge spelling variants and verify against context before training.
PC00432,Budge,,PERSON,Virginia_Company_or_colonial_unverified,1,"NOVEMBER 19, 1621",cleanedSection1NERNames.json,seed_unreviewed,NER candidate only; merge spelling variants and verify against context before training.
PC00433,Bulkly,,PERSON,Virginia_Company_or_colonial_unverified,1,"FEBRUARY 13, 1622",cleanedSection1NERNames.json,seed_unreviewed,NER candidate only; merge spelling variants and verify against context before training.
PC00434,Canninge,,PERSON,Virginia_Company_or_colonial_unverified,1,"APRIL 12, 1621",cleanedSection1NERNames.json,seed_unreviewed,NER candidate only; merge spelling variants and verify against context before training.
PC00435,Cape Cod,,PERSON,Virginia_Company_or_colonial_unverified,1,"JUNE 11, 1621",cleanedSection1NERNames.json,seed_unreviewed,NER candidate only; merge spelling variants and verify against context before training.
PC00436,Caps,,PERSON,Virginia_Company_or_colonial_unverified,1,"JANUARY 28, 1622",cleanedSection1NERNames.json,seed_unreviewed,NER candidate only; merge spelling variants and verify against context before training.
PC00437,Captaine,,PERSON,Virginia_Company_or_colonial_unverified,1,"JANUARY 30, 1622",cleanedSection1NERNames.json,seed_unreviewed,NER candidate only; merge spelling variants and verify against context before training.
PC00438,Captaine Argall,,PERSON,Virginia_Company_or_colonial_unverified,1,"JULY 10, 1621",cleanedSection1NERNames.json,seed_unreviewed,NER candidate only; merge spelling variants and verify against context before training.
PC00439,Captaine Bluett,,PERSON,Virginia_Company_or_colonial_unverified,1,"JANUARY 30, 1622",cleanedSection1NERNames.json,seed_unreviewed,NER candidate only; merge spelling variants and verify against context before training.
PC00440,Captaine Goldingham,,PERSON,Virginia_Company_or_colonial_unverified,1,"JUNE 18, 1621",cleanedSection1NERNames.json,seed_unreviewed,NER candidate only; merge spelling variants and verify against context before training.
PC00441,Captaine Hazell,,PERSON,Virginia_Company_or_colonial_unverified,1,"FEBRUARY 27, 1622",cleanedSection1NERNames.json,seed_unreviewed,NER candidate only; merge spelling variants and verify against context before training.
PC00442,Captaine Leeke,,PERSON,Virginia_Company_or_colonial_unverified,1,"DECEMBER 4, 1621",cleanedSection1NERNames.json,seed_unreviewed,NER candidate only; merge spelling variants and verify against context before training.
PC00443,Captaine Rayden,,PERSON,Virginia_Company_or_colonial_unverified,1,"FEBRUARY 27, 1622",cleanedSection1NERNames.json,seed_unreviewed,NER candidate only; merge spelling variants and verify against context before training.
PC00444,Captaine Thomas Newce,,PERSON,Virginia_Company_or_colonial_unverified,1,"APRIL 30, 1621",cleanedSection1NERNames.json,seed_unreviewed,NER candidate only; merge spelling variants and verify against context before training.
PC00445,Captaine Tucker,,PERSON,Virginia_Company_or_colonial_unverified,1,"JUNE 18, 1621",cleanedSection1NERNames.json,seed_unreviewed,NER candidate only; merge spelling variants and verify against context before training.
PC00446,Captaine Welden,,PERSON,Virginia_Company_or_colonial_unverified,1,"JULY 16, 1621",cleanedSection1NERNames.json,seed_unreviewed,NER candidate only; merge spelling variants and verify against context before training.
PC00447,Captaine Weldens,,PERSON,Virginia_Company_or_colonial_unverified,1,"JULY 16, 1621",cleanedSection1NERNames.json,seed_unreviewed,NER candidate only; merge spelling variants and verify against context before training.
PC00448,Captaine Weldon,,PERSON,Virginia_Company_or_colonial_unverified,1,"JANUARY 30, 1622",cleanedSection1NERNames.json,seed_unreviewed,NER candidate only; merge spelling variants and verify against context before training.
PC00449,Captaine William Newce,,PERSON,Virginia_Company_or_colonial_unverified,1,"MAY 2, 1621",cleanedSection1NERNames.json,seed_unreviewed,NER candidate only; merge spelling variants and verify against context before training.
PC00450,Carleton,,PERSON,Virginia_Company_or_colonial_unverified,1,"May 8, 1619",cleanedSection1NERNames.json,seed_unreviewed,NER candidate only; merge spelling variants and verify against context before training.
PC00451,Cartwright,,PERSON,Virginia_Company_or_colonial_unverified,1,"JULY 10, 1621",cleanedSection1NERNames.json,seed_unreviewed,NER candidate only; merge spelling variants and verify against context before training.
PC00452,Cautions,,PERSON,Virginia_Company_or_colonial_unverified,1,"JANUARY 29, 1620",cleanedSection1NERNames.json,seed_unreviewed,NER candidate only; merge spelling variants and verify against context before training.
PC00453,Certain Orders,,PERSON,Virginia_Company_or_colonial_unverified,1,"December 10, 1606",cleanedSection1NERNames.json,seed_unreviewed,NER candidate only; merge spelling variants and verify against context before training.
PC00454,Chamberlaine,,PERSON,Virginia_Company_or_colonial_unverified,1,"SANUARY 29, 1620",cleanedSection1NERNames.json,seed_unreviewed,NER candidate only; merge spelling variants and verify against context before training.
PC00455,Chamberlen,,PERSON,Virginia_Company_or_colonial_unverified,1,"DECEMBER 4, 1621",cleanedSection1NERNames.json,seed_unreviewed,NER candidate only; merge spelling variants and verify against context before training.
PC00456,Chamberlyne,,PERSON,Virginia_Company_or_colonial_unverified,1,"OCTOBER 21, 1621",cleanedSection1NERNames.json,seed_unreviewed,NER candidate only; merge spelling variants and verify against context before training.
PC00457,Chamblen,,PERSON,Virginia_Company_or_colonial_unverified,1,"DECEMBER 19, 1621",cleanedSection1NERNames.json,seed_unreviewed,NER candidate only; merge spelling variants and verify against context before training.
PC00458,Charitable,,PERSON,Virginia_Company_or_colonial_unverified,1,"JULY 16, 1621",cleanedSection1NERNames.json,seed_unreviewed,NER candidate only; merge spelling variants and verify against context before training.
PC00459,Charles Citty,,PERSON,Virginia_Company_or_colonial_unverified,1,"OCTOBER 31, 1621",cleanedSection1NERNames.json,seed_unreviewed,NER candidate only; merge spelling variants and verify against context before training.
PC00460,Charles I,,PERSON,Virginia_Company_or_colonial_unverified,1,"May 14, 1626",cleanedSection1NERNames.json,seed_unreviewed,NER candidate only; merge spelling variants and verify against context before training.
PC00461,Charles North,,PERSON,Virginia_Company_or_colonial_unverified,1,"NOVEMBER 14, 1621",cleanedSection1NERNames.json,seed_unreviewed,NER candidate only; merge spelling variants and verify against context before training.
PC00462,Child,,PERSON,Virginia_Company_or_colonial_unverified,1,"MAY 8, 1622",cleanedSection1NERNames.json,seed_unreviewed,NER candidate only; merge spelling variants and verify against context before training.
PC00463,Christian Religion,,PERSON,Virginia_Company_or_colonial_unverified,1,"JANUARY 30, 1622",cleanedSection1NERNames.json,seed_unreviewed,NER candidate only; merge spelling variants and verify against context before training.
PC00464,Christofer Earle,,PERSON,Virginia_Company_or_colonial_unverified,1,"NOVEMBER 14, 1621",cleanedSection1NERNames.json,seed_unreviewed,NER candidate only; merge spelling variants and verify against context before training.
PC00465,Claiborne,,PERSON,Virginia_Company_or_colonial_unverified,1,"May 14, 1626",cleanedSection1NERNames.json,seed_unreviewed,NER candidate only; merge spelling variants and verify against context before training.
PC00466,claimeth,,PERSON,Virginia_Company_or_colonial_unverified,1,"APRIL 30, 1621",cleanedSection1NERNames.json,seed_unreviewed,NER candidate only; merge spelling variants and verify against context before training.
PC00467,Clarke,,PERSON,Virginia_Company_or_colonial_unverified,1,"NOVEMBER 19, 1621",cleanedSection1NERNames.json,seed_unreviewed,NER candidate only; merge spelling variants and verify against context before training.
PC00468,Clement Wilmer,,PERSON,Virginia_Company_or_colonial_unverified,1,"MAY 8, 1622",cleanedSection1NERNames.json,seed_unreviewed,NER candidate only; merge spelling variants and verify against context before training.
PC00469,Cocks,,PERSON,Virginia_Company_or_colonial_unverified,1,"NOVEMBER 14, 1621",cleanedSection1NERNames.json,seed_unreviewed,NER candidate only; merge spelling variants and verify against context before training.
PC00470,Colethurst,,PERSON,Virginia_Company_or_colonial_unverified,1,"JULY 10, 1621",cleanedSection1NERNames.json,seed_unreviewed,NER candidate only; merge spelling variants and verify against context before training.
PC00471,Combs,,PERSON,Virginia_Company_or_colonial_unverified,1,"APRIL 30, 1621",cleanedSection1NERNames.json,seed_unreviewed,NER candidate only; merge spelling variants and verify against context before training.
PC00472,Comfort,,PERSON,Virginia_Company_or_colonial_unverified,1,"JULY 16, 1621",cleanedSection1NERNames.json,seed_unreviewed,NER candidate only; merge spelling variants and verify against context before training.
PC00473,Common Law,,PERSON,Virginia_Company_or_colonial_unverified,1,"JULY 27, 1621",cleanedSection1NERNames.json,seed_unreviewed,NER candidate only; merge spelling variants and verify against context before training.
PC00474,Contract,,PERSON,Virginia_Company_or_colonial_unverified,1,"JULY 12, 1621",cleanedSection1NERNames.json,seed_unreviewed,NER candidate only; merge spelling variants and verify against context before training.
PC00475,Contracté,,PERSON,Virginia_Company_or_colonial_unverified,1,"OCTOBER 17, 1621",cleanedSection1NERNames.json,seed_unreviewed,NER candidate only; merge spelling variants and verify against context before training.
PC00476,Cotton,,PERSON,Virginia_Company_or_colonial_unverified,1,"MARCH 27, 1622",cleanedSection1NERNames.json,seed_unreviewed,NER candidate only; merge spelling variants and verify against context before training.
PC00477,Counsels,,PERSON,Virginia_Company_or_colonial_unverified,1,"OCTOBER 31, 1621",cleanedSection1NERNames.json,seed_unreviewed,NER candidate only; merge spelling variants and verify against context before training.
PC00478,Countrey,,PERSON,Virginia_Company_or_colonial_unverified,1,"JANUARY 16, 1622",cleanedSection1NERNames.json,seed_unreviewed,NER candidate only; merge spelling variants and verify against context before training.
PC00479,Coyne,,PERSON,Virginia_Company_or_colonial_unverified,1,"APRIL 12, 1621",cleanedSection1NERNames.json,seed_unreviewed,NER candidate only; merge spelling variants and verify against context before training.
PC00480,Croppe,,PERSON,Virginia_Company_or_colonial_unverified,1,"FEBRUARY 13, 1622",cleanedSection1NERNames.json,seed_unreviewed,NER candidate only; merge spelling variants and verify against context before training.
PC00481,Crowe,,PERSON,Virginia_Company_or_colonial_unverified,1,"NOVEMBER 14, 1621",cleanedSection1NERNames.json,seed_unreviewed,NER candidate only; merge spelling variants and verify against context before training.
PC00482,D. Lawne,,PERSON,Virginia_Company_or_colonial_unverified,1,"NOVEMBER 14, 1621",cleanedSection1NERNames.json,seed_unreviewed,NER candidate only; merge spelling variants and verify against context before training.
PC00483,Damport,,PERSON,Virginia_Company_or_colonial_unverified,1,"NOVEMBER 14, 1621",cleanedSection1NERNames.json,seed_unreviewed,NER candidate only; merge spelling variants and verify against context before training.
PC00484,Daughter Ioane,,PERSON,Virginia_Company_or_colonial_unverified,1,"MARCH 13, 1622",cleanedSection1NERNames.json,seed_unreviewed,NER candidate only; merge spelling variants and verify against context before training.
PC00485,David Middleton,,PERSON,Virginia_Company_or_colonial_unverified,1,"JUNE 11, 1621",cleanedSection1NERNames.json,seed_unreviewed,NER candidate only; merge spelling variants and verify against context before training.
PC00486,Dawes,,PERSON,Virginia_Company_or_colonial_unverified,1,"JULY 10, 1621",cleanedSection1NERNames.json,seed_unreviewed,NER candidate only; merge spelling variants and verify against context before training.
PC00487,De Lawne,,PERSON,Virginia_Company_or_colonial_unverified,1,"MAY 8, 1622",cleanedSection1NERNames.json,seed_unreviewed,NER candidate only; merge spelling variants and verify against context before training.
PC00488,Debtor,,PERSON,Virginia_Company_or_colonial_unverified,1,"JUNE 13, 1621",cleanedSection1NERNames.json,seed_unreviewed,NER candidate only; merge spelling variants and verify against context before training.
PC00489,Delawarr,,PERSON,Virginia_Company_or_colonial_unverified,1,"JULY 10, 1621",cleanedSection1NERNames.json,seed_unreviewed,NER candidate only; merge spelling variants and verify against context before training.
PC00490,Dep,,PERSON,Virginia_Company_or_colonial_unverified,1,"MAY 8, 1622",cleanedSection1NERNames.json,seed_unreviewed,NER candidate only; merge spelling variants and verify against context before training.
PC00491,Dependence,,PERSON,Virginia_Company_or_colonial_unverified,1,"APRIL 10, 1622",cleanedSection1NERNames.json,seed_unreviewed,NER candidate only; merge spelling variants and verify against context before training.
PC00492,Desert,,PERSON,Virginia_Company_or_colonial_unverified,1,"JANUARY 30, 1622",cleanedSection1NERNames.json,seed_unreviewed,NER candidate only; merge spelling variants and verify against context before training.
PC00493,desireth,,PERSON,Virginia_Company_or_colonial_unverified,1,"MARCH 13, 1622",cleanedSection1NERNames.json,seed_unreviewed,NER candidate only; merge spelling variants and verify against context before training.
PC00494,Digge,,PERSON,Virginia_Company_or_colonial_unverified,1,"NOVEMBER 21, 1621",cleanedSection1NERNames.json,seed_unreviewed,NER candidate only; merge spelling variants and verify against context before training.
PC00495,Diggs,,PERSON,Virginia_Company_or_colonial_unverified,1,"NOVEMBER 21, 1621",cleanedSection1NERNames.json,seed_unreviewed,NER candidate only; merge spelling variants and verify against context before training.
PC00496,Dike,,PERSON,Virginia_Company_or_colonial_unverified,1,"APRIL 10, 1622",cleanedSection1NERNames.json,seed_unreviewed,NER candidate only; merge spelling variants and verify against context before training.
PC00497,Doctor Gulstone,,PERSON,Virginia_Company_or_colonial_unverified,1,"JULY 24, 1621",cleanedSection1NERNames.json,seed_unreviewed,NER candidate only; merge spelling variants and verify against context before training.
PC00498,Dorsett,,PERSON,Virginia_Company_or_colonial_unverified,1,"SANUARY 29, 1620",cleanedSection1NERNames.json,seed_unreviewed,NER candidate only; merge spelling variants and verify against context before training.
PC00499,Draught,,PERSON,Virginia_Company_or_colonial_unverified,1,"MARCH 13, 1622",cleanedSection1NERNames.json,seed_unreviewed,NER candidate only; merge spelling variants and verify against context before training.
PC00500,Dudley,,PERSON,Virginia_Company_or_colonial_unverified,1,"April 14, 1896",cleanedSection1NERNames.json,seed_unreviewed,NER candidate only; merge spelling variants and verify against context before training.
PC00501,Dutch Shipps,,PERSON,Virginia_Company_or_colonial_unverified,1,"NOVEMBER 21, 1621",cleanedSection1NERNames.json,seed_unreviewed,NER candidate only; merge spelling variants and verify against context before training.
PC00502,Eames,,PERSON,Virginia_Company_or_colonial_unverified,1,"May 17, 1620",cleanedSection1NERNames.json,seed_unreviewed,NER candidate only; merge spelling variants and verify against context before training.
PC00503,Earl of Southampton,,PERSON,Virginia_Company_or_colonial_unverified,1,"JANUARY 29, 1620",cleanedSection1NERNames.json,seed_unreviewed,NER candidate only; merge spelling variants and verify against context before training.
PC00504,Edmond Hackluite,,PERSON,Virginia_Company_or_colonial_unverified,1,"JUNE 13, 1621",cleanedSection1NERNames.json,seed_unreviewed,NER candidate only; merge spelling variants and verify against context before training.
PC00505,Edward Ayer,,PERSON,Virginia_Company_or_colonial_unverified,1,"May 17, 1620",cleanedSection1NERNames.json,seed_unreviewed,NER candidate only; merge spelling variants and verify against context before training.
PC00506,Edward Conway's,,PERSON,Virginia_Company_or_colonial_unverified,1,"FEBRUARY 13, 1622",cleanedSection1NERNames.json,seed_unreviewed,NER candidate only; merge spelling variants and verify against context before training.
PC00507,Edward Hackluite,,PERSON,Virginia_Company_or_colonial_unverified,1,"JUNE 13, 1621",cleanedSection1NERNames.json,seed_unreviewed,NER candidate only; merge spelling variants and verify against context before training.
PC00508,Edward Harbert,,PERSON,Virginia_Company_or_colonial_unverified,1,"MAY 2, 1621",cleanedSection1NERNames.json,seed_unreviewed,NER candidate only; merge spelling variants and verify against context before training.
PC00509,Edward Rogers,,PERSON,Virginia_Company_or_colonial_unverified,1,"JANUARY 30, 1622",cleanedSection1NERNames.json,seed_unreviewed,NER candidate only; merge spelling variants and verify against context before training.
PC00510,Edward Sackville,,PERSON,Virginia_Company_or_colonial_unverified,1,"JANUARY 29, 1620",cleanedSection1NERNames.json,seed_unreviewed,NER candidate only; merge spelling variants and verify against context before training.
PC00511,Edwin Sandys Accompt,,PERSON,Virginia_Company_or_colonial_unverified,1,"JUNE 18, 1621",cleanedSection1NERNames.json,seed_unreviewed,NER candidate only; merge spelling variants and verify against context before training.
PC00512,Elizabeth,,PERSON,Virginia_Company_or_colonial_unverified,1,"October 30, 1605",cleanedSection1NERNames.json,seed_unreviewed,NER candidate only; merge spelling variants and verify against context before training.
PC00513,Elizabeth Berkly,,PERSON,Virginia_Company_or_colonial_unverified,1,"FEBRUARY 13, 1622",cleanedSection1NERNames.json,seed_unreviewed,NER candidate only; merge spelling variants and verify against context before training.
PC00514,Elizabeth Smalley,,PERSON,Virginia_Company_or_colonial_unverified,1,"MAY 8, 1622",cleanedSection1NERNames.json,seed_unreviewed,NER candidate only; merge spelling variants and verify against context before training.
PC00515,Elizabeth Smalley Widdowe,,PERSON,Virginia_Company_or_colonial_unverified,1,"OCTOBER 31, 1621",cleanedSection1NERNames.json,seed_unreviewed,NER candidate only; merge spelling variants and verify against context before training.
PC00516,Elkin,,PERSON,Virginia_Company_or_colonial_unverified,1,"NOVEMBER 14, 1621",cleanedSection1NERNames.json,seed_unreviewed,NER candidate only; merge spelling variants and verify against context before training.
PC00517,Essingtons Hands,,PERSON,Virginia_Company_or_colonial_unverified,1,"NOVEMBER 21, 1621",cleanedSection1NERNames.json,seed_unreviewed,NER candidate only; merge spelling variants and verify against context before training.
PC00518,Euans,,PERSON,Virginia_Company_or_colonial_unverified,1,"JANUARY 28, 1622",cleanedSection1NERNames.json,seed_unreviewed,NER candidate only; merge spelling variants and verify against context before training.
PC00519,Eweus,,PERSON,Virginia_Company_or_colonial_unverified,1,"MAY 8, 1622",cleanedSection1NERNames.json,seed_unreviewed,NER candidate only; merge spelling variants and verify against context before training.
PC00520,Ewre,,PERSON,Virginia_Company_or_colonial_unverified,1,"JULY 10, 1621",cleanedSection1NERNames.json,seed_unreviewed,NER candidate only; merge spelling variants and verify against context before training.
PC00521,Feligate,,PERSON,Virginia_Company_or_colonial_unverified,1,"JULY 10, 1621",cleanedSection1NERNames.json,seed_unreviewed,NER candidate only; merge spelling variants and verify against context before training.
PC00522,Ferdinando Gorge,,PERSON,Virginia_Company_or_colonial_unverified,1,"JULY 16, 1621",cleanedSection1NERNames.json,seed_unreviewed,NER candidate only; merge spelling variants and verify against context before training.
PC00523,Fogge,,PERSON,Virginia_Company_or_colonial_unverified,1,"OCTOBER 24, 1621",cleanedSection1NERNames.json,seed_unreviewed,NER candidate only; merge spelling variants and verify against context before training.
PC00524,Foxton,,PERSON,Virginia_Company_or_colonial_unverified,1,"APRIL 10, 1622",cleanedSection1NERNames.json,seed_unreviewed,NER candidate only; merge spelling variants and verify against context before training.
PC00525,Frances Wyat,,PERSON,Virginia_Company_or_colonial_unverified,1,"JUNE 13, 1621",cleanedSection1NERNames.json,seed_unreviewed,NER candidate only; merge spelling variants and verify against context before training.
PC00526,Francis Iones,,PERSON,Virginia_Company_or_colonial_unverified,1,"FEBRUARY 13, 1622",cleanedSection1NERNames.json,seed_unreviewed,NER candidate only; merge spelling variants and verify against context before training.
PC00527,Francis Wyat,,PERSON,Virginia_Company_or_colonial_unverified,1,"FEBRUARY 22, 1620",cleanedSection1NERNames.json,seed_unreviewed,NER candidate only; merge spelling variants and verify against context before training.
PC00528,Francis Wyneman,,PERSON,Virginia_Company_or_colonial_unverified,1,"SANUARY 29, 1620",cleanedSection1NERNames.json,seed_unreviewed,NER candidate only; merge spelling variants and verify against context before training.
PC00529,Frenchmen,,PERSON,Virginia_Company_or_colonial_unverified,1,"APRIL 10, 1622",cleanedSection1NERNames.json,seed_unreviewed,NER candidate only; merge spelling variants and verify against context before training.
PC00530,Furrs,,PERSON,Virginia_Company_or_colonial_unverified,1,"JULY 16, 1621",cleanedSection1NERNames.json,seed_unreviewed,NER candidate only; merge spelling variants and verify against context before training.
PC00531,Generall,,PERSON,Virginia_Company_or_colonial_unverified,1,"APRIL 12, 1621",cleanedSection1NERNames.json,seed_unreviewed,NER candidate only; merge spelling variants and verify against context before training.
PC00532,Georg Sandys,,PERSON,Virginia_Company_or_colonial_unverified,1,"JULY 10, 1621",cleanedSection1NERNames.json,seed_unreviewed,NER candidate only; merge spelling variants and verify against context before training.
PC00533,Georg Smith,,PERSON,Virginia_Company_or_colonial_unverified,1,"OCTOBER 24, 1621",cleanedSection1NERNames.json,seed_unreviewed,NER candidate only; merge spelling variants and verify against context before training.
PC00534,George II,,PERSON,Virginia_Company_or_colonial_unverified,1,"April 8, 1815",cleanedSection1NERNames.json,seed_unreviewed,NER candidate only; merge spelling variants and verify against context before training.
PC00535,George Mole,,PERSON,Virginia_Company_or_colonial_unverified,1,"APRIL 3, 1622",cleanedSection1NERNames.json,seed_unreviewed,NER candidate only; merge spelling variants and verify against context before training.
PC00536,George Waymouth,,PERSON,Virginia_Company_or_colonial_unverified,1,"October 30, 1605",cleanedSection1NERNames.json,seed_unreviewed,NER candidate only; merge spelling variants and verify against context before training.
PC00537,George Wilmer,,PERSON,Virginia_Company_or_colonial_unverified,1,"MAY 8, 1622",cleanedSection1NERNames.json,seed_unreviewed,NER candidate only; merge spelling variants and verify against context before training.
PC00538,George Yeardleys Commission,,PERSON,Virginia_Company_or_colonial_unverified,1,"JANUARY 29, 1620",cleanedSection1NERNames.json,seed_unreviewed,NER candidate only; merge spelling variants and verify against context before training.
PC00539,George Yeardly,,PERSON,Virginia_Company_or_colonial_unverified,1,"JANUARY 29, 1620",cleanedSection1NERNames.json,seed_unreviewed,NER candidate only; merge spelling variants and verify against context before training.
PC00540,George Yeardly's,,PERSON,Virginia_Company_or_colonial_unverified,1,"JANUARY 29, 1620",cleanedSection1NERNames.json,seed_unreviewed,NER candidate only; merge spelling variants and verify against context before training.
PC00541,Gibbes,,PERSON,Virginia_Company_or_colonial_unverified,1,"JANUARY 21, 1622",cleanedSection1NERNames.json,seed_unreviewed,NER candidate only; merge spelling variants and verify against context before training.
PC00542,Gibbé,,PERSON,Virginia_Company_or_colonial_unverified,1,"SANUARY 29, 1620",cleanedSection1NERNames.json,seed_unreviewed,NER candidate only; merge spelling variants and verify against context before training.
PC00543,Glass,,PERSON,Virginia_Company_or_colonial_unverified,1,"JULY 10, 1621",cleanedSection1NERNames.json,seed_unreviewed,NER candidate only; merge spelling variants and verify against context before training.
PC00544,Governors,,PERSON,Virginia_Company_or_colonial_unverified,1,"JUNE 11, 1621",cleanedSection1NERNames.json,seed_unreviewed,NER candidate only; merge spelling variants and verify against context before training.
PC00545,Guest,,PERSON,Virginia_Company_or_colonial_unverified,1,"JULY 16, 1621",cleanedSection1NERNames.json,seed_unreviewed,NER candidate only; merge spelling variants and verify against context before training.
PC00546,Gulston,,PERSON,Virginia_Company_or_colonial_unverified,1,"SANUARY 29, 1620",cleanedSection1NERNames.json,seed_unreviewed,NER candidate only; merge spelling variants and verify against context before training.
PC00547,H. Richmond,,PERSON,Virginia_Company_or_colonial_unverified,1,"May 17, 1620",cleanedSection1NERNames.json,seed_unreviewed,NER candidate only; merge spelling variants and verify against context before training.
PC00548,Hamer,,PERSON,Virginia_Company_or_colonial_unverified,1,"JULY 10, 1621",cleanedSection1NERNames.json,seed_unreviewed,NER candidate only; merge spelling variants and verify against context before training.
PC00549,Hamor,,PERSON,Virginia_Company_or_colonial_unverified,1,"JULY 10, 1621",cleanedSection1NERNames.json,seed_unreviewed,NER candidate only; merge spelling variants and verify against context before training.
PC00550,Harris,,PERSON,Virginia_Company_or_colonial_unverified,1,"APRIL 10, 1622",cleanedSection1NERNames.json,seed_unreviewed,NER candidate only; merge spelling variants and verify against context before training.
PC00551,Harrison,,PERSON,Virginia_Company_or_colonial_unverified,1,"JANUARY 30, 1622",cleanedSection1NERNames.json,seed_unreviewed,NER candidate only; merge spelling variants and verify against context before training.
PC00552,Harwell Knight,,PERSON,Virginia_Company_or_colonial_unverified,1,"FEBRUARY 13, 1622",cleanedSection1NERNames.json,seed_unreviewed,NER candidate only; merge spelling variants and verify against context before training.
PC00553,Hawes,,PERSON,Virginia_Company_or_colonial_unverified,1,"NOVEMBER 21, 1621",cleanedSection1NERNames.json,seed_unreviewed,NER candidate only; merge spelling variants and verify against context before training.
PC00554,Heckford,,PERSON,Virginia_Company_or_colonial_unverified,1,"NOVEMBER 21, 1621",cleanedSection1NERNames.json,seed_unreviewed,NER candidate only; merge spelling variants and verify against context before training.
PC00555,Heifer,,PERSON,Virginia_Company_or_colonial_unverified,1,"JULY 2, 1621",cleanedSection1NERNames.json,seed_unreviewed,NER candidate only; merge spelling variants and verify against context before training.
PC00556,Henry Carye,,PERSON,Virginia_Company_or_colonial_unverified,1,"April 28, 1613",cleanedSection1NERNames.json,seed_unreviewed,NER candidate only; merge spelling variants and verify against context before training.
PC00557,Henry Fortescue Uncle,,PERSON,Virginia_Company_or_colonial_unverified,1,"OCTOBER 31, 1621",cleanedSection1NERNames.json,seed_unreviewed,NER candidate only; merge spelling variants and verify against context before training.
PC00558,Henry Hutchinson Citizen,,PERSON,Virginia_Company_or_colonial_unverified,1,"MARCH 13, 1622",cleanedSection1NERNames.json,seed_unreviewed,NER candidate only; merge spelling variants and verify against context before training.
PC00559,Henry Mannering,,PERSON,Virginia_Company_or_colonial_unverified,1,"SANUARY 29, 1620",cleanedSection1NERNames.json,seed_unreviewed,NER candidate only; merge spelling variants and verify against context before training.
PC00560,Henry Nevile,,PERSON,Virginia_Company_or_colonial_unverified,1,"April 28, 1613",cleanedSection1NERNames.json,seed_unreviewed,NER candidate only; merge spelling variants and verify against context before training.
PC00561,Henry Paulsted,,PERSON,Virginia_Company_or_colonial_unverified,1,"APRIL 3, 1622",cleanedSection1NERNames.json,seed_unreviewed,NER candidate only; merge spelling variants and verify against context before training.
PC00562,Henry Rolfe's,,PERSON,Virginia_Company_or_colonial_unverified,1,"APRIL 30, 1621",cleanedSection1NERNames.json,seed_unreviewed,NER candidate only; merge spelling variants and verify against context before training.
PC00563,Henry Wentworth,,PERSON,Virginia_Company_or_colonial_unverified,1,"MAY 8, 1622",cleanedSection1NERNames.json,seed_unreviewed,NER candidate only; merge spelling variants and verify against context before training.
PC00564,Hereupon,,PERSON,Virginia_Company_or_colonial_unverified,1,"JULY 16, 1621",cleanedSection1NERNames.json,seed_unreviewed,NER candidate only; merge spelling variants and verify against context before training.
PC00565,Hide,,PERSON,Virginia_Company_or_colonial_unverified,1,"JUNE 13, 1621",cleanedSection1NERNames.json,seed_unreviewed,NER candidate only; merge spelling variants and verify against context before training.
PC00566,Holloway,,PERSON,Virginia_Company_or_colonial_unverified,1,"JULY 10, 1621",cleanedSection1NERNames.json,seed_unreviewed,NER candidate only; merge spelling variants and verify against context before training.
PC00567,Honourable Earle,,PERSON,Virginia_Company_or_colonial_unverified,1,"MAY 2, 1621",cleanedSection1NERNames.json,seed_unreviewed,NER candidate only; merge spelling variants and verify against context before training.
PC00568,hopeth,,PERSON,Virginia_Company_or_colonial_unverified,1,"MAY 2, 1621",cleanedSection1NERNames.json,seed_unreviewed,NER candidate only; merge spelling variants and verify against context before training.
PC00569,Horwood,,PERSON,Virginia_Company_or_colonial_unverified,1,"JUNE 11, 1621",cleanedSection1NERNames.json,seed_unreviewed,NER candidate only; merge spelling variants and verify against context before training.
PC00570,Hudsons Riuer,,PERSON,Virginia_Company_or_colonial_unverified,1,"NOVEMBER 21, 1621",cleanedSection1NERNames.json,seed_unreviewed,NER candidate only; merge spelling variants and verify against context before training.
PC00571,Husband,,PERSON,Virginia_Company_or_colonial_unverified,1,"JUNE 13, 1621",cleanedSection1NERNames.json,seed_unreviewed,NER candidate only; merge spelling variants and verify against context before training.
PC00572,Iacob,,PERSON,Virginia_Company_or_colonial_unverified,1,"OCTOBER 24, 1621",cleanedSection1NERNames.json,seed_unreviewed,NER candidate only; merge spelling variants and verify against context before training.
PC00573,Iadwin,,PERSON,Virginia_Company_or_colonial_unverified,1,"MAY 8, 1622",cleanedSection1NERNames.json,seed_unreviewed,NER candidate only; merge spelling variants and verify against context before training.
PC00574,Iermyn,,PERSON,Virginia_Company_or_colonial_unverified,1,"NOVEMBER 21, 1621",cleanedSection1NERNames.json,seed_unreviewed,NER candidate only; merge spelling variants and verify against context before training.
PC00575,Iermyne,,PERSON,Virginia_Company_or_colonial_unverified,1,"SANUARY 29, 1620",cleanedSection1NERNames.json,seed_unreviewed,NER candidate only; merge spelling variants and verify against context before training.
PC00576,Indy Companie,,PERSON,Virginia_Company_or_colonial_unverified,1,"OCTOBER 31, 1621",cleanedSection1NERNames.json,seed_unreviewed,NER candidate only; merge spelling variants and verify against context before training.
PC00577,Io Wroth,,PERSON,Virginia_Company_or_colonial_unverified,1,"DECEMBER 19, 1621",cleanedSection1NERNames.json,seed_unreviewed,NER candidate only; merge spelling variants and verify against context before training.
PC00578,Iohn Berkley,,PERSON,Virginia_Company_or_colonial_unverified,1,"APRIL 10, 1622",cleanedSection1NERNames.json,seed_unreviewed,NER candidate only; merge spelling variants and verify against context before training.
PC00579,Iohn De Clark,,PERSON,Virginia_Company_or_colonial_unverified,1,"JULY 27, 1621",cleanedSection1NERNames.json,seed_unreviewed,NER candidate only; merge spelling variants and verify against context before training.
PC00580,Iohn Ferrar,,PERSON,Virginia_Company_or_colonial_unverified,1,"MAY 2, 1621",cleanedSection1NERNames.json,seed_unreviewed,NER candidate only; merge spelling variants and verify against context before training.
PC00581,Iohn Harrison,,PERSON,Virginia_Company_or_colonial_unverified,1,"FEBRUARY 13, 1622",cleanedSection1NERNames.json,seed_unreviewed,NER candidate only; merge spelling variants and verify against context before training.
PC00582,Iohn Martin,,PERSON,Virginia_Company_or_colonial_unverified,1,"MAY 8, 1622",cleanedSection1NERNames.json,seed_unreviewed,NER candidate only; merge spelling variants and verify against context before training.
PC00583,Iohn Rolfe,,PERSON,Virginia_Company_or_colonial_unverified,1,"APRIL 30, 1621",cleanedSection1NERNames.json,seed_unreviewed,NER candidate only; merge spelling variants and verify against context before training.
PC00584,Iohn Whitton,,PERSON,Virginia_Company_or_colonial_unverified,1,"APRIL 30, 1621",cleanedSection1NERNames.json,seed_unreviewed,NER candidate only; merge spelling variants and verify against context before training.
PC00585,Iohn Wolstenholme Knight,,PERSON,Virginia_Company_or_colonial_unverified,1,"JANUARY 21, 1622",cleanedSection1NERNames.json,seed_unreviewed,NER candidate only; merge spelling variants and verify against context before training.
PC00586,Iohnson,,PERSON,Virginia_Company_or_colonial_unverified,1,"JULY 27, 1621",cleanedSection1NERNames.json,seed_unreviewed,NER candidate only; merge spelling variants and verify against context before training.
PC00587,Ireland,,PERSON,Virginia_Company_or_colonial_unverified,1,"JULY 2, 1621",cleanedSection1NERNames.json,seed_unreviewed,NER candidate only; merge spelling variants and verify against context before training.
PC00588,James Brett,,PERSON,Virginia_Company_or_colonial_unverified,1,"May 8, 1618",cleanedSection1NERNames.json,seed_unreviewed,NER candidate only; merge spelling variants and verify against context before training.
PC00589,James Forte,,PERSON,Virginia_Company_or_colonial_unverified,1,"February 18, 1609",cleanedSection1NERNames.json,seed_unreviewed,NER candidate only; merge spelling variants and verify against context before training.
PC00590,James Read,,PERSON,Virginia_Company_or_colonial_unverified,1,"MARCH 13, 1622",cleanedSection1NERNames.json,seed_unreviewed,NER candidate only; merge spelling variants and verify against context before training.
PC00591,Jermine,,PERSON,Virginia_Company_or_colonial_unverified,1,"MAY 2, 1621",cleanedSection1NERNames.json,seed_unreviewed,NER candidate only; merge spelling variants and verify against context before training.
PC00592,Jermynn,,PERSON,Virginia_Company_or_colonial_unverified,1,"FEBRUARY 27, 1622",cleanedSection1NERNames.json,seed_unreviewed,NER candidate only; merge spelling variants and verify against context before training.
PC00593,John Bargrave,,PERSON,Virginia_Company_or_colonial_unverified,1,"May 8, 1618",cleanedSection1NERNames.json,seed_unreviewed,NER candidate only; merge spelling variants and verify against context before training.
PC00594,John Bourcher,,PERSON,Virginia_Company_or_colonial_unverified,1,"JUNE 11, 1621",cleanedSection1NERNames.json,seed_unreviewed,NER candidate only; merge spelling variants and verify against context before training.
PC00595,John Bourchere,,PERSON,Virginia_Company_or_colonial_unverified,1,"JUNE 11, 1621",cleanedSection1NERNames.json,seed_unreviewed,NER candidate only; merge spelling variants and verify against context before training.
PC00596,John Bowater,,PERSON,Virginia_Company_or_colonial_unverified,1,"APRIL 3, 1622",cleanedSection1NERNames.json,seed_unreviewed,NER candidate only; merge spelling variants and verify against context before training.
PC00597,John Burk,,PERSON,Virginia_Company_or_colonial_unverified,1,"April 8, 1815",cleanedSection1NERNames.json,seed_unreviewed,NER candidate only; merge spelling variants and verify against context before training.
PC00598,John De Clarke,,PERSON,Virginia_Company_or_colonial_unverified,1,"NOVEMBER 14, 1621",cleanedSection1NERNames.json,seed_unreviewed,NER candidate only; merge spelling variants and verify against context before training.
PC00599,John Delbridge,,PERSON,Virginia_Company_or_colonial_unverified,1,"MAY 2, 1621",cleanedSection1NERNames.json,seed_unreviewed,NER candidate only; merge spelling variants and verify against context before training.
PC00600,John Fenner,,PERSON,Virginia_Company_or_colonial_unverified,1,"May 8, 1618",cleanedSection1NERNames.json,seed_unreviewed,NER candidate only; merge spelling variants and verify against context before training.
PC00601,John Harrison,,PERSON,Virginia_Company_or_colonial_unverified,1,"FEBRUARY 13, 1622",cleanedSection1NERNames.json,seed_unreviewed,NER candidate only; merge spelling variants and verify against context before training.
PC00602,John Harvey’s,,PERSON,Virginia_Company_or_colonial_unverified,1,"September 30, 1619",cleanedSection1NERNames.json,seed_unreviewed,NER candidate only; merge spelling variants and verify against context before training.
PC00603,John Martin,,PERSON,Virginia_Company_or_colonial_unverified,1,"MARCH 13, 1622",cleanedSection1NERNames.json,seed_unreviewed,NER candidate only; merge spelling variants and verify against context before training.
PC00604,John More,,PERSON,Virginia_Company_or_colonial_unverified,1,"JUNE 13, 1621",cleanedSection1NERNames.json,seed_unreviewed,NER candidate only; merge spelling variants and verify against context before training.
PC00605,John Peirce,,PERSON,Virginia_Company_or_colonial_unverified,1,"JULY 16, 1621",cleanedSection1NERNames.json,seed_unreviewed,NER candidate only; merge spelling variants and verify against context before training.
PC00606,John Pollington,,PERSON,Virginia_Company_or_colonial_unverified,1,"JULY 24, 1621",cleanedSection1NERNames.json,seed_unreviewed,NER candidate only; merge spelling variants and verify against context before training.
PC00607,John Popham,,PERSON,Virginia_Company_or_colonial_unverified,1,"October 30, 1605",cleanedSection1NERNames.json,seed_unreviewed,NER candidate only; merge spelling variants and verify against context before training.
PC00608,John Pory,,PERSON,Virginia_Company_or_colonial_unverified,1,"September 30, 1619",cleanedSection1NERNames.json,seed_unreviewed,NER candidate only; merge spelling variants and verify against context before training.
PC00609,John Zouch,,PERSON,Virginia_Company_or_colonial_unverified,1,"MAY 2, 1621",cleanedSection1NERNames.json,seed_unreviewed,NER candidate only; merge spelling variants and verify against context before training.
PC00610,Joice Freake,,PERSON,Virginia_Company_or_colonial_unverified,1,"JULY 10, 1621",cleanedSection1NERNames.json,seed_unreviewed,NER candidate only; merge spelling variants and verify against context before training.
PC00611,Joseph,,PERSON,Virginia_Company_or_colonial_unverified,1,"May 14, 1626",cleanedSection1NERNames.json,seed_unreviewed,NER candidate only; merge spelling variants and verify against context before training.
PC00612,Joyce Lodge,,PERSON,Virginia_Company_or_colonial_unverified,1,"JUNE 13, 1621",cleanedSection1NERNames.json,seed_unreviewed,NER candidate only; merge spelling variants and verify against context before training.
PC00613,Katherine Binion,,PERSON,Virginia_Company_or_colonial_unverified,1,"JUNE 13, 1621",cleanedSection1NERNames.json,seed_unreviewed,NER candidate only; merge spelling variants and verify against context before training.
PC00614,Kelley,,PERSON,Virginia_Company_or_colonial_unverified,1,"JUNE 18, 1621",cleanedSection1NERNames.json,seed_unreviewed,NER candidate only; merge spelling variants and verify against context before training.
PC00615,Kelly,,PERSON,Virginia_Company_or_colonial_unverified,1,"JUNE 11, 1621",cleanedSection1NERNames.json,seed_unreviewed,NER candidate only; merge spelling variants and verify against context before training.
PC00616,Kempe,,PERSON,Virginia_Company_or_colonial_unverified,1,"MAY 2, 1621",cleanedSection1NERNames.json,seed_unreviewed,NER candidate only; merge spelling variants and verify against context before training.
PC00617,Kensington,,PERSON,Virginia_Company_or_colonial_unverified,1,"JANUARY 28, 1622",cleanedSection1NERNames.json,seed_unreviewed,NER candidate only; merge spelling variants and verify against context before training.
PC00618,Knight Lo,,PERSON,Virginia_Company_or_colonial_unverified,1,"April 28, 1613",cleanedSection1NERNames.json,seed_unreviewed,NER candidate only; merge spelling variants and verify against context before training.
PC00619,Kuans,,PERSON,Virginia_Company_or_colonial_unverified,1,"JANUARY 28, 1622",cleanedSection1NERNames.json,seed_unreviewed,NER candidate only; merge spelling variants and verify against context before training.
PC00620,Kwens,,PERSON,Virginia_Company_or_colonial_unverified,1,"APRIL 30, 1621",cleanedSection1NERNames.json,seed_unreviewed,NER candidate only; merge spelling variants and verify against context before training.
PC00621,Ladwin,,PERSON,Virginia_Company_or_colonial_unverified,1,"NOVEMBER 19, 1621",cleanedSection1NERNames.json,seed_unreviewed,NER candidate only; merge spelling variants and verify against context before training.
PC00622,Lady Lawarr,,PERSON,Virginia_Company_or_colonial_unverified,1,"JULY 24, 1621",cleanedSection1NERNames.json,seed_unreviewed,NER candidate only; merge spelling variants and verify against context before training.
PC00623,Lady Lawarre,,PERSON,Virginia_Company_or_colonial_unverified,1,"APRIL 30, 1621",cleanedSection1NERNames.json,seed_unreviewed,NER candidate only; merge spelling variants and verify against context before training.
PC00624,Lady Lewarr,,PERSON,Virginia_Company_or_colonial_unverified,1,"APRIL 3, 1622",cleanedSection1NERNames.json,seed_unreviewed,NER candidate only; merge spelling variants and verify against context before training.
PC00625,Lambe,,PERSON,Virginia_Company_or_colonial_unverified,1,"OCTOBER 24, 1621",cleanedSection1NERNames.json,seed_unreviewed,NER candidate only; merge spelling variants and verify against context before training.
PC00626,Lawr Hyde,,PERSON,Virginia_Company_or_colonial_unverified,1,"NOVEMBER 21, 1621",cleanedSection1NERNames.json,seed_unreviewed,NER candidate only; merge spelling variants and verify against context before training.
PC00627,Leaver,,PERSON,Virginia_Company_or_colonial_unverified,1,"APRIL 12, 1621",cleanedSection1NERNames.json,seed_unreviewed,NER candidate only; merge spelling variants and verify against context before training.
PC00628,Lee-Wilson,,PERSON,Virginia_Company_or_colonial_unverified,1,"May 8, 1618",cleanedSection1NERNames.json,seed_unreviewed,NER candidate only; merge spelling variants and verify against context before training.
PC00629,Leninge,,PERSON,Virginia_Company_or_colonial_unverified,1,"NOVEMBER 14, 1621",cleanedSection1NERNames.json,seed_unreviewed,NER candidate only; merge spelling variants and verify against context before training.
PC00630,Lent,,PERSON,Virginia_Company_or_colonial_unverified,1,"NOVEMBER 21, 1621",cleanedSection1NERNames.json,seed_unreviewed,NER candidate only; merge spelling variants and verify against context before training.
PC00631,Leonard Danby,,PERSON,Virginia_Company_or_colonial_unverified,1,"APRIL 30, 1621",cleanedSection1NERNames.json,seed_unreviewed,NER candidate only; merge spelling variants and verify against context before training.
PC00632,Leueson,,PERSON,Virginia_Company_or_colonial_unverified,1,"JANUARY 28, 1622",cleanedSection1NERNames.json,seed_unreviewed,NER candidate only; merge spelling variants and verify against context before training.
PC00633,Leuison,,PERSON,Virginia_Company_or_colonial_unverified,1,"JANUARY 28, 1622",cleanedSection1NERNames.json,seed_unreviewed,NER candidate only; merge spelling variants and verify against context before training.
PC00634,Leuor,,PERSON,Virginia_Company_or_colonial_unverified,1,"JULY 10, 1621",cleanedSection1NERNames.json,seed_unreviewed,NER candidate only; merge spelling variants and verify against context before training.
PC00635,Lewis,,PERSON,Virginia_Company_or_colonial_unverified,1,"JUNE 18, 1621",cleanedSection1NERNames.json,seed_unreviewed,NER candidate only; merge spelling variants and verify against context before training.
PC00636,Ley,,PERSON,Virginia_Company_or_colonial_unverified,1,"NOVEMBER 21, 1621",cleanedSection1NERNames.json,seed_unreviewed,NER candidate only; merge spelling variants and verify against context before training.
PC00637,Lordships,,PERSON,Virginia_Company_or_colonial_unverified,1,"OCTOBER 31, 1621",cleanedSection1NERNames.json,seed_unreviewed,NER candidate only; merge spelling variants and verify against context before training.
PC00638,Macdonald,,PERSON,Virginia_Company_or_colonial_unverified,1,"September 30, 1619",cleanedSection1NERNames.json,seed_unreviewed,NER candidate only; merge spelling variants and verify against context before training.
PC00639,Mann,,PERSON,Virginia_Company_or_colonial_unverified,1,"JANUARY 30, 1622",cleanedSection1NERNames.json,seed_unreviewed,NER candidate only; merge spelling variants and verify against context before training.
PC00640,Marquis,,PERSON,Virginia_Company_or_colonial_unverified,1,"February 28, 1610",cleanedSection1NERNames.json,seed_unreviewed,NER candidate only; merge spelling variants and verify against context before training.
PC00641,Martha Ferrar,,PERSON,Virginia_Company_or_colonial_unverified,1,"November 12, 1624",cleanedSection1NERNames.json,seed_unreviewed,NER candidate only; merge spelling variants and verify against context before training.
PC00642,Martin Earle,,PERSON,Virginia_Company_or_colonial_unverified,1,"FEBRUARY 13, 1622",cleanedSection1NERNames.json,seed_unreviewed,NER candidate only; merge spelling variants and verify against context before training.
PC00643,Martin hath,,PERSON,Virginia_Company_or_colonial_unverified,1,"FEBRUARY 27, 1622",cleanedSection1NERNames.json,seed_unreviewed,NER candidate only; merge spelling variants and verify against context before training.
PC00644,Martine Hundred,,PERSON,Virginia_Company_or_colonial_unverified,1,"JULY 27, 1621",cleanedSection1NERNames.json,seed_unreviewed,NER candidate only; merge spelling variants and verify against context before training.
PC00645,Mathew,,PERSON,Virginia_Company_or_colonial_unverified,1,"MAY 2, 1621",cleanedSection1NERNames.json,seed_unreviewed,NER candidate only; merge spelling variants and verify against context before training.
PC00646,Mathewe Somers,,PERSON,Virginia_Company_or_colonial_unverified,1,"APRIL 12, 1621",cleanedSection1NERNames.json,seed_unreviewed,NER candidate only; merge spelling variants and verify against context before training.
PC00647,Matson,,PERSON,Virginia_Company_or_colonial_unverified,1,"JANUARY 30, 1622",cleanedSection1NERNames.json,seed_unreviewed,NER candidate only; merge spelling variants and verify against context before training.
PC00648,Ma‘ Counsell,,PERSON,Virginia_Company_or_colonial_unverified,1,"SANUARY 29, 1620",cleanedSection1NERNames.json,seed_unreviewed,NER candidate only; merge spelling variants and verify against context before training.
PC00649,Meuverell,,PERSON,Virginia_Company_or_colonial_unverified,1,"APRIL 10, 1622",cleanedSection1NERNames.json,seed_unreviewed,NER candidate only; merge spelling variants and verify against context before training.
PC00650,Meverell,,PERSON,Virginia_Company_or_colonial_unverified,1,"JUNE 11, 1621",cleanedSection1NERNames.json,seed_unreviewed,NER candidate only; merge spelling variants and verify against context before training.
PC00651,Michael Lloyd Ferrar,,PERSON,Virginia_Company_or_colonial_unverified,1,"November 12, 1624",cleanedSection1NERNames.json,seed_unreviewed,NER candidate only; merge spelling variants and verify against context before training.
PC00652,Michas Termes,,PERSON,Virginia_Company_or_colonial_unverified,1,"NOVEMBER 21, 1621",cleanedSection1NERNames.json,seed_unreviewed,NER candidate only; merge spelling variants and verify against context before training.
PC00653,Mole,,PERSON,Virginia_Company_or_colonial_unverified,1,"MAY 8, 1622",cleanedSection1NERNames.json,seed_unreviewed,NER candidate only; merge spelling variants and verify against context before training.
PC00654,Monarchs,,PERSON,Virginia_Company_or_colonial_unverified,1,"JUNE 11, 1621",cleanedSection1NERNames.json,seed_unreviewed,NER candidate only; merge spelling variants and verify against context before training.
PC00655,Moneth of Aprill,,PERSON,Virginia_Company_or_colonial_unverified,1,"APRIL 10, 1622",cleanedSection1NERNames.json,seed_unreviewed,NER candidate only; merge spelling variants and verify against context before training.
PC00656,Montgomery,,PERSON,Virginia_Company_or_colonial_unverified,1,"MARCH 13, 1622",cleanedSection1NERNames.json,seed_unreviewed,NER candidate only; merge spelling variants and verify against context before training.
PC00657,Moones,,PERSON,Virginia_Company_or_colonial_unverified,1,"APRIL 30, 1621",cleanedSection1NERNames.json,seed_unreviewed,NER candidate only; merge spelling variants and verify against context before training.
PC00658,Moorewood,,PERSON,Virginia_Company_or_colonial_unverified,1,"JULY 24, 1621",cleanedSection1NERNames.json,seed_unreviewed,NER candidate only; merge spelling variants and verify against context before training.
PC00659,Morewoode,,PERSON,Virginia_Company_or_colonial_unverified,1,"OCTOBER 24, 1621",cleanedSection1NERNames.json,seed_unreviewed,NER candidate only; merge spelling variants and verify against context before training.
PC00660,Morrice,,PERSON,Virginia_Company_or_colonial_unverified,1,"JULY 10, 1621",cleanedSection1NERNames.json,seed_unreviewed,NER candidate only; merge spelling variants and verify against context before training.
PC00661,Mulberry,,PERSON,Virginia_Company_or_colonial_unverified,1,"APRIL 30, 1621",cleanedSection1NERNames.json,seed_unreviewed,NER candidate only; merge spelling variants and verify against context before training.
PC00662,My Lady Lawarra,,PERSON,Virginia_Company_or_colonial_unverified,1,"JULY 10, 1621",cleanedSection1NERNames.json,seed_unreviewed,NER candidate only; merge spelling variants and verify against context before training.
PC00663,Nathaniell Basse,,PERSON,Virginia_Company_or_colonial_unverified,1,"NOVEMBER 21, 1621",cleanedSection1NERNames.json,seed_unreviewed,NER candidate only; merge spelling variants and verify against context before training.
PC00664,Newce,,PERSON,Virginia_Company_or_colonial_unverified,1,"APRIL 30, 1621",cleanedSection1NERNames.json,seed_unreviewed,NER candidate only; merge spelling variants and verify against context before training.
PC00665,Newee,,PERSON,Virginia_Company_or_colonial_unverified,1,"MAY 2, 1621",cleanedSection1NERNames.json,seed_unreviewed,NER candidate only; merge spelling variants and verify against context before training.
PC00666,Newporte,,PERSON,Virginia_Company_or_colonial_unverified,1,"JUNE 18, 1621",cleanedSection1NERNames.json,seed_unreviewed,NER candidate only; merge spelling variants and verify against context before training.
PC00667,Nicholas Hyde,,PERSON,Virginia_Company_or_colonial_unverified,1,"MAY 2, 1621",cleanedSection1NERNames.json,seed_unreviewed,NER candidate only; merge spelling variants and verify against context before training.
PC00668,Nicholls,,PERSON,Virginia_Company_or_colonial_unverified,1,"JANUARY 28, 1622",cleanedSection1NERNames.json,seed_unreviewed,NER candidate only; merge spelling variants and verify against context before training.
PC00669,Noblemen,,PERSON,Virginia_Company_or_colonial_unverified,1,"NOVEMBER 19, 1621",cleanedSection1NERNames.json,seed_unreviewed,NER candidate only; merge spelling variants and verify against context before training.
PC00670,Noel Sainsbury,,PERSON,Virginia_Company_or_colonial_unverified,1,"April 14, 1896",cleanedSection1NERNames.json,seed_unreviewed,NER candidate only; merge spelling variants and verify against context before training.
PC00671,Norff,,PERSON,Virginia_Company_or_colonial_unverified,1,"OCTOBER 31, 1621",cleanedSection1NERNames.json,seed_unreviewed,NER candidate only; merge spelling variants and verify against context before training.
PC00672,Nowe,,PERSON,Virginia_Company_or_colonial_unverified,1,"FEBRUARY 13, 1622",cleanedSection1NERNames.json,seed_unreviewed,NER candidate only; merge spelling variants and verify against context before training.
PC00673,Officers,,PERSON,Virginia_Company_or_colonial_unverified,1,"JUNE 11, 1621",cleanedSection1NERNames.json,seed_unreviewed,NER candidate only; merge spelling variants and verify against context before training.
PC00674,Order,,PERSON,Virginia_Company_or_colonial_unverified,1,"MAY 12, 1621",cleanedSection1NERNames.json,seed_unreviewed,NER candidate only; merge spelling variants and verify against context before training.
PC00675,Oulsworth,,PERSON,Virginia_Company_or_colonial_unverified,1,"JUNE 11, 1621",cleanedSection1NERNames.json,seed_unreviewed,NER candidate only; merge spelling variants and verify against context before training.
PC00676,Pagett,,PERSON,Virginia_Company_or_colonial_unverified,1,"JANUARY 29, 1620",cleanedSection1NERNames.json,seed_unreviewed,NER candidate only; merge spelling variants and verify against context before training.
PC00677,Palavacin,,PERSON,Virginia_Company_or_colonial_unverified,1,"APRIL 12, 1621",cleanedSection1NERNames.json,seed_unreviewed,NER candidate only; merge spelling variants and verify against context before training.
PC00678,Peake,,PERSON,Virginia_Company_or_colonial_unverified,1,"NOVEMBER 21, 1621",cleanedSection1NERNames.json,seed_unreviewed,NER candidate only; merge spelling variants and verify against context before training.
PC00679,Peirs,,PERSON,Virginia_Company_or_colonial_unverified,1,"MAY 8, 1622",cleanedSection1NERNames.json,seed_unreviewed,NER candidate only; merge spelling variants and verify against context before training.
PC00680,Penny,,PERSON,Virginia_Company_or_colonial_unverified,1,"DECEMBER 4, 1621",cleanedSection1NERNames.json,seed_unreviewed,NER candidate only; merge spelling variants and verify against context before training.
PC00681,Percy,,PERSON,Virginia_Company_or_colonial_unverified,1,"April 21, 1623",cleanedSection1NERNames.json,seed_unreviewed,NER candidate only; merge spelling variants and verify against context before training.
PC00682,Phesie,,PERSON,Virginia_Company_or_colonial_unverified,1,"NOVEMBER 21, 1621",cleanedSection1NERNames.json,seed_unreviewed,NER candidate only; merge spelling variants and verify against context before training.
PC00683,Phil,,PERSON,Virginia_Company_or_colonial_unverified,1,"NOVEMBER 21, 1621",cleanedSection1NERNames.json,seed_unreviewed,NER candidate only; merge spelling variants and verify against context before training.
PC00684,Philip Carey,,PERSON,Virginia_Company_or_colonial_unverified,1,"MAY 2, 1621",cleanedSection1NERNames.json,seed_unreviewed,NER candidate only; merge spelling variants and verify against context before training.
PC00685,Phillip,,PERSON,Virginia_Company_or_colonial_unverified,1,"NOVEMBER 21, 1621",cleanedSection1NERNames.json,seed_unreviewed,NER candidate only; merge spelling variants and verify against context before training.
PC00686,Phillip Carey,,PERSON,Virginia_Company_or_colonial_unverified,1,"SANUARY 29, 1620",cleanedSection1NERNames.json,seed_unreviewed,NER candidate only; merge spelling variants and verify against context before training.
PC00687,Phillip Cary,,PERSON,Virginia_Company_or_colonial_unverified,1,"JULY 10, 1621",cleanedSection1NERNames.json,seed_unreviewed,NER candidate only; merge spelling variants and verify against context before training.
PC00688,Pountes,,PERSON,Virginia_Company_or_colonial_unverified,1,"JUNE 11, 1621",cleanedSection1NERNames.json,seed_unreviewed,NER candidate only; merge spelling variants and verify against context before training.
PC00689,Powder Shot,,PERSON,Virginia_Company_or_colonial_unverified,1,"DECEMBER 13, 1620",cleanedSection1NERNames.json,seed_unreviewed,NER candidate only; merge spelling variants and verify against context before training.
PC00690,Preacher,,PERSON,Virginia_Company_or_colonial_unverified,1,"NOVEMBER 21, 1621",cleanedSection1NERNames.json,seed_unreviewed,NER candidate only; merge spelling variants and verify against context before training.
PC00691,publique worke,,PERSON,Virginia_Company_or_colonial_unverified,1,"JANUARY 28, 1622",cleanedSection1NERNames.json,seed_unreviewed,NER candidate only; merge spelling variants and verify against context before training.
PC00692,Quaritch,,PERSON,Virginia_Company_or_colonial_unverified,1,"May 17, 1620",cleanedSection1NERNames.json,seed_unreviewed,NER candidate only; merge spelling variants and verify against context before training.
PC00693,Question,,PERSON,Virginia_Company_or_colonial_unverified,1,"JULY 24, 1621",cleanedSection1NERNames.json,seed_unreviewed,NER candidate only; merge spelling variants and verify against context before training.
PC00694,Ralph Hamer,,PERSON,Virginia_Company_or_colonial_unverified,1,"APRIL 3, 1622",cleanedSection1NERNames.json,seed_unreviewed,NER candidate only; merge spelling variants and verify against context before training.
PC00695,Rayner,,PERSON,Virginia_Company_or_colonial_unverified,1,"FEBRUARY 27, 1622",cleanedSection1NERNames.json,seed_unreviewed,NER candidate only; merge spelling variants and verify against context before training.
PC00696,Recorder,,PERSON,Virginia_Company_or_colonial_unverified,1,"JANUARY 28, 1622",cleanedSection1NERNames.json,seed_unreviewed,NER candidate only; merge spelling variants and verify against context before training.
PC00697,Richard Buckley,,PERSON,Virginia_Company_or_colonial_unverified,1,"APRIL 12, 1621",cleanedSection1NERNames.json,seed_unreviewed,NER candidate only; merge spelling variants and verify against context before training.
PC00698,Richard Bulkleys,,PERSON,Virginia_Company_or_colonial_unverified,1,"APRIL 30, 1621",cleanedSection1NERNames.json,seed_unreviewed,NER candidate only; merge spelling variants and verify against context before training.
PC00699,Richard Delbridge,,PERSON,Virginia_Company_or_colonial_unverified,1,"DECEMBER 19, 1621",cleanedSection1NERNames.json,seed_unreviewed,NER candidate only; merge spelling variants and verify against context before training.
PC00700,Richard Hackluite,,PERSON,Virginia_Company_or_colonial_unverified,1,"JUNE 13, 1621",cleanedSection1NERNames.json,seed_unreviewed,NER candidate only; merge spelling variants and verify against context before training.
PC00701,Richard Markham,,PERSON,Virginia_Company_or_colonial_unverified,1,"APRIL 3, 1622",cleanedSection1NERNames.json,seed_unreviewed,NER candidate only; merge spelling variants and verify against context before training.
PC00702,Richard Stephens,,PERSON,Virginia_Company_or_colonial_unverified,1,"APRIL 3, 1622",cleanedSection1NERNames.json,seed_unreviewed,NER candidate only; merge spelling variants and verify against context before training.
PC00703,Richard Topping,,PERSON,Virginia_Company_or_colonial_unverified,1,"JULY 24, 1621",cleanedSection1NERNames.json,seed_unreviewed,NER candidate only; merge spelling variants and verify against context before training.
PC00704,Richard Topping Citizen,,PERSON,Virginia_Company_or_colonial_unverified,1,"JULY 24, 1621",cleanedSection1NERNames.json,seed_unreviewed,NER candidate only; merge spelling variants and verify against context before training.
PC00705,Rider,,PERSON,Virginia_Company_or_colonial_unverified,1,"NOVEMBER 21, 1621",cleanedSection1NERNames.json,seed_unreviewed,NER candidate only; merge spelling variants and verify against context before training.
PC00706,Rimpton,,PERSON,Virginia_Company_or_colonial_unverified,1,"JANUARY 28, 1622",cleanedSection1NERNames.json,seed_unreviewed,NER candidate only; merge spelling variants and verify against context before training.
PC00707,Risley,,PERSON,Virginia_Company_or_colonial_unverified,1,"JULY 10, 1621",cleanedSection1NERNames.json,seed_unreviewed,NER candidate only; merge spelling variants and verify against context before training.
PC00708,Robert Barker,,PERSON,Virginia_Company_or_colonial_unverified,1,"FEBRUARY 27, 1622",cleanedSection1NERNames.json,seed_unreviewed,NER candidate only; merge spelling variants and verify against context before training.
PC00709,Robert Hall,,PERSON,Virginia_Company_or_colonial_unverified,1,"DECEMBER 19, 1621",cleanedSection1NERNames.json,seed_unreviewed,NER candidate only; merge spelling variants and verify against context before training.
PC00710,Robert Iefferies,,PERSON,Virginia_Company_or_colonial_unverified,1,"APRIL 3, 1622",cleanedSection1NERNames.json,seed_unreviewed,NER candidate only; merge spelling variants and verify against context before training.
PC00711,Robert Phillip,,PERSON,Virginia_Company_or_colonial_unverified,1,"SANUARY 29, 1620",cleanedSection1NERNames.json,seed_unreviewed,NER candidate only; merge spelling variants and verify against context before training.
PC00712,Roberte Bateman,,PERSON,Virginia_Company_or_colonial_unverified,1,"NOVEMBER 21, 1621",cleanedSection1NERNames.json,seed_unreviewed,NER candidate only; merge spelling variants and verify against context before training.
PC00713,Roberts,,PERSON,Virginia_Company_or_colonial_unverified,1,"JANUARY 28, 1622",cleanedSection1NERNames.json,seed_unreviewed,NER candidate only; merge spelling variants and verify against context before training.
PC00714,Robert€,,PERSON,Virginia_Company_or_colonial_unverified,1,"NOVEMBER 14, 1621",cleanedSection1NERNames.json,seed_unreviewed,NER candidate only; merge spelling variants and verify against context before training.
PC00715,Robt,,PERSON,Virginia_Company_or_colonial_unverified,1,"MARCH 13, 1622",cleanedSection1NERNames.json,seed_unreviewed,NER candidate only; merge spelling variants and verify against context before training.
PC00716,Roger James,,PERSON,Virginia_Company_or_colonial_unverified,1,"JUNE 11, 1621",cleanedSection1NERNames.json,seed_unreviewed,NER candidate only; merge spelling variants and verify against context before training.
PC00717,Ruggell,,PERSON,Virginia_Company_or_colonial_unverified,1,"JULY 10, 1621",cleanedSection1NERNames.json,seed_unreviewed,NER candidate only; merge spelling variants and verify against context before training.
PC00718,Russell,,PERSON,Virginia_Company_or_colonial_unverified,1,"JUNE 18, 1621",cleanedSection1NERNames.json,seed_unreviewed,NER candidate only; merge spelling variants and verify against context before training.
PC00719,s. per Ann.,,PERSON,Virginia_Company_or_colonial_unverified,1,"MAY 2, 1621",cleanedSection1NERNames.json,seed_unreviewed,NER candidate only; merge spelling variants and verify against context before training.
PC00720,Sackville,,PERSON,Virginia_Company_or_colonial_unverified,1,"May 8, 1619",cleanedSection1NERNames.json,seed_unreviewed,NER candidate only; merge spelling variants and verify against context before training.
PC00721,Salary,,PERSON,Virginia_Company_or_colonial_unverified,1,"MAY 2, 1621",cleanedSection1NERNames.json,seed_unreviewed,NER candidate only; merge spelling variants and verify against context before training.
PC00722,Sale,,PERSON,Virginia_Company_or_colonial_unverified,1,"MAY 8, 1622",cleanedSection1NERNames.json,seed_unreviewed,NER candidate only; merge spelling variants and verify against context before training.
PC00723,Samuel Latham Mitchell Barlow,,PERSON,Virginia_Company_or_colonial_unverified,1,"April 14, 1896",cleanedSection1NERNames.json,seed_unreviewed,NER candidate only; merge spelling variants and verify against context before training.
PC00724,Samuell Argoll,,PERSON,Virginia_Company_or_colonial_unverified,1,"JANUARY 30, 1622",cleanedSection1NERNames.json,seed_unreviewed,NER candidate only; merge spelling variants and verify against context before training.
PC00725,Saxafras,,PERSON,Virginia_Company_or_colonial_unverified,1,"JULY 16, 1621",cleanedSection1NERNames.json,seed_unreviewed,NER candidate only; merge spelling variants and verify against context before training.
PC00726,Schoolemaster,,PERSON,Virginia_Company_or_colonial_unverified,1,"NOVEMBER 21, 1621",cleanedSection1NERNames.json,seed_unreviewed,NER candidate only; merge spelling variants and verify against context before training.
PC00727,Seale,,PERSON,Virginia_Company_or_colonial_unverified,1,"MARCH 13, 1622",cleanedSection1NERNames.json,seed_unreviewed,NER candidate only; merge spelling variants and verify against context before training.
PC00728,Selgate,,PERSON,Virginia_Company_or_colonial_unverified,1,"DECEMBER 19, 1621",cleanedSection1NERNames.json,seed_unreviewed,NER candidate only; merge spelling variants and verify against context before training.
PC00729,Seward,,PERSON,Virginia_Company_or_colonial_unverified,1,"FEBRUARY 13, 1622",cleanedSection1NERNames.json,seed_unreviewed,NER candidate only; merge spelling variants and verify against context before training.
PC00730,Shee Goat,,PERSON,Virginia_Company_or_colonial_unverified,1,"JULY 2, 1621",cleanedSection1NERNames.json,seed_unreviewed,NER candidate only; merge spelling variants and verify against context before training.
PC00731,Sheffeilde,,PERSON,Virginia_Company_or_colonial_unverified,1,"MARCH 13, 1622",cleanedSection1NERNames.json,seed_unreviewed,NER candidate only; merge spelling variants and verify against context before training.
PC00732,Shepparde,,PERSON,Virginia_Company_or_colonial_unverified,1,"JULY 24, 1621",cleanedSection1NERNames.json,seed_unreviewed,NER candidate only; merge spelling variants and verify against context before training.
PC00733,Shepperd,,PERSON,Virginia_Company_or_colonial_unverified,1,"APRIL 30, 1621",cleanedSection1NERNames.json,seed_unreviewed,NER candidate only; merge spelling variants and verify against context before training.
PC00734,Shipping,,PERSON,Virginia_Company_or_colonial_unverified,1,"JULY 24, 1621",cleanedSection1NERNames.json,seed_unreviewed,NER candidate only; merge spelling variants and verify against context before training.
PC00735,Shipwrights,,PERSON,Virginia_Company_or_colonial_unverified,1,"JULY 24, 1621",cleanedSection1NERNames.json,seed_unreviewed,NER candidate only; merge spelling variants and verify against context before training.
PC00736,Silver Falcon,,PERSON,Virginia_Company_or_colonial_unverified,1,"May 8, 1618",cleanedSection1NERNames.json,seed_unreviewed,NER candidate only; merge spelling variants and verify against context before training.
PC00737,Skill,,PERSON,Virginia_Company_or_colonial_unverified,1,"APRIL 10, 1622",cleanedSection1NERNames.json,seed_unreviewed,NER candidate only; merge spelling variants and verify against context before training.
PC00738,Skinner,,PERSON,Virginia_Company_or_colonial_unverified,1,"MAY 8, 1622",cleanedSection1NERNames.json,seed_unreviewed,NER candidate only; merge spelling variants and verify against context before training.
PC00739,Smiths,,PERSON,Virginia_Company_or_colonial_unverified,1,"JUNE 11, 1621",cleanedSection1NERNames.json,seed_unreviewed,NER candidate only; merge spelling variants and verify against context before training.
PC00740,Smyth,,PERSON,Virginia_Company_or_colonial_unverified,1,"JANUARY 29, 1620",cleanedSection1NERNames.json,seed_unreviewed,NER candidate only; merge spelling variants and verify against context before training.
PC00741,Sole,,PERSON,Virginia_Company_or_colonial_unverified,1,"JULY 16, 1621",cleanedSection1NERNames.json,seed_unreviewed,NER candidate only; merge spelling variants and verify against context before training.
PC00742,Somersetshire,,PERSON,Virginia_Company_or_colonial_unverified,1,"JANUARY 16, 1622",cleanedSection1NERNames.json,seed_unreviewed,NER candidate only; merge spelling variants and verify against context before training.
PC00743,Somes,,PERSON,Virginia_Company_or_colonial_unverified,1,"FEBRUARY 27, 1622",cleanedSection1NERNames.json,seed_unreviewed,NER candidate only; merge spelling variants and verify against context before training.
PC00744,Staples,,PERSON,Virginia_Company_or_colonial_unverified,1,"OCTOBER 21, 1621",cleanedSection1NERNames.json,seed_unreviewed,NER candidate only; merge spelling variants and verify against context before training.
PC00745,Staples Minister,,PERSON,Virginia_Company_or_colonial_unverified,1,"MAY 8, 1622",cleanedSection1NERNames.json,seed_unreviewed,NER candidate only; merge spelling variants and verify against context before training.
PC00746,Stewarde,,PERSON,Virginia_Company_or_colonial_unverified,1,"OCTOBER 24, 1621",cleanedSection1NERNames.json,seed_unreviewed,NER candidate only; merge spelling variants and verify against context before training.
PC00747,Stocke,,PERSON,Virginia_Company_or_colonial_unverified,1,"NOVEMBER 14, 1621",cleanedSection1NERNames.json,seed_unreviewed,NER candidate only; merge spelling variants and verify against context before training.
PC00748,Store,,PERSON,Virginia_Company_or_colonial_unverified,1,"MARCH 27, 1622",cleanedSection1NERNames.json,seed_unreviewed,NER candidate only; merge spelling variants and verify against context before training.
PC00749,Stratford Bowe,,PERSON,Virginia_Company_or_colonial_unverified,1,"MAY 8, 1622",cleanedSection1NERNames.json,seed_unreviewed,NER candidate only; merge spelling variants and verify against context before training.
PC00750,Successor,,PERSON,Virginia_Company_or_colonial_unverified,1,"MAY 2, 1621",cleanedSection1NERNames.json,seed_unreviewed,NER candidate only; merge spelling variants and verify against context before training.
PC00751,Suff,,PERSON,Virginia_Company_or_colonial_unverified,1,"OCTOBER 31, 1621",cleanedSection1NERNames.json,seed_unreviewed,NER candidate only; merge spelling variants and verify against context before training.
PC00752,Suite,,PERSON,Virginia_Company_or_colonial_unverified,1,"MARCH 13, 1622",cleanedSection1NERNames.json,seed_unreviewed,NER candidate only; merge spelling variants and verify against context before training.
PC00753,Sums,,PERSON,Virginia_Company_or_colonial_unverified,1,"JUNE 13, 1621",cleanedSection1NERNames.json,seed_unreviewed,NER candidate only; merge spelling variants and verify against context before training.
PC00754,supplie,,PERSON,Virginia_Company_or_colonial_unverified,1,"APRIL 10, 1622",cleanedSection1NERNames.json,seed_unreviewed,NER candidate only; merge spelling variants and verify against context before training.
PC00755,Supply,,PERSON,Virginia_Company_or_colonial_unverified,1,"JUNE 13, 1621",cleanedSection1NERNames.json,seed_unreviewed,NER candidate only; merge spelling variants and verify against context before training.
PC00756,Swinhoe,,PERSON,Virginia_Company_or_colonial_unverified,1,"JULY 24, 1621",cleanedSection1NERNames.json,seed_unreviewed,NER candidate only; merge spelling variants and verify against context before training.
PC00757,Swinhow,,PERSON,Virginia_Company_or_colonial_unverified,1,"NOVEMBER 19, 1621",cleanedSection1NERNames.json,seed_unreviewed,NER candidate only; merge spelling variants and verify against context before training.
PC00758,Tarre,,PERSON,Virginia_Company_or_colonial_unverified,1,"February 28, 1610",cleanedSection1NERNames.json,seed_unreviewed,NER candidate only; merge spelling variants and verify against context before training.
PC00759,The John Carter Brown Library,,PERSON,Virginia_Company_or_colonial_unverified,1,"September 30, 1619",cleanedSection1NERNames.json,seed_unreviewed,NER candidate only; merge spelling variants and verify against context before training.
PC00760,the King of Spain,,PERSON,Virginia_Company_or_colonial_unverified,1,"May 8, 1618",cleanedSection1NERNames.json,seed_unreviewed,NER candidate only; merge spelling variants and verify against context before training.
PC00761,Theodore Wadsworth,,PERSON,Virginia_Company_or_colonial_unverified,1,"JANUARY 16, 1622",cleanedSection1NERNames.json,seed_unreviewed,NER candidate only; merge spelling variants and verify against context before training.
PC00762,THOMAS,,PERSON,Virginia_Company_or_colonial_unverified,1,"December 10, 1606",cleanedSection1NERNames.json,seed_unreviewed,NER candidate only; merge spelling variants and verify against context before training.
PC00763,Thomas,,PERSON,Virginia_Company_or_colonial_unverified,1,"SANUARY 29, 1620",cleanedSection1NERNames.json,seed_unreviewed,NER candidate only; merge spelling variants and verify against context before training.
PC00764,Thomas Binion,,PERSON,Virginia_Company_or_colonial_unverified,1,"JUNE 13, 1621",cleanedSection1NERNames.json,seed_unreviewed,NER candidate only; merge spelling variants and verify against context before training.
PC00765,Thomas Harteastles,,PERSON,Virginia_Company_or_colonial_unverified,1,"APRIL 30, 1621",cleanedSection1NERNames.json,seed_unreviewed,NER candidate only; merge spelling variants and verify against context before training.
PC00766,Thomas Harwell,,PERSON,Virginia_Company_or_colonial_unverified,1,"FEBRUARY 13, 1622",cleanedSection1NERNames.json,seed_unreviewed,NER candidate only; merge spelling variants and verify against context before training.
PC00767,Thomas Mellinge,,PERSON,Virginia_Company_or_colonial_unverified,1,"APRIL 3, 1622",cleanedSection1NERNames.json,seed_unreviewed,NER candidate only; merge spelling variants and verify against context before training.
PC00768,Thomas Mellinge Citizen,,PERSON,Virginia_Company_or_colonial_unverified,1,"MARCH 13, 1622",cleanedSection1NERNames.json,seed_unreviewed,NER candidate only; merge spelling variants and verify against context before training.
PC00769,Thomas Newce,,PERSON,Virginia_Company_or_colonial_unverified,1,"JUNE 11, 1621",cleanedSection1NERNames.json,seed_unreviewed,NER candidate only; merge spelling variants and verify against context before training.
PC00770,Thomas Roe,,PERSON,Virginia_Company_or_colonial_unverified,1,"MAY 2, 1621",cleanedSection1NERNames.json,seed_unreviewed,NER candidate only; merge spelling variants and verify against context before training.
PC00771,Thomas Smith’s,,PERSON,Virginia_Company_or_colonial_unverified,1,"May 14, 1626",cleanedSection1NERNames.json,seed_unreviewed,NER candidate only; merge spelling variants and verify against context before training.
PC00772,Thomas Spencer,,PERSON,Virginia_Company_or_colonial_unverified,1,"JULY 10, 1621",cleanedSection1NERNames.json,seed_unreviewed,NER candidate only; merge spelling variants and verify against context before training.
PC00773,Thomas Webb,,PERSON,Virginia_Company_or_colonial_unverified,1,"JULY 10, 1621",cleanedSection1NERNames.json,seed_unreviewed,NER candidate only; merge spelling variants and verify against context before training.
PC00774,Thomas Woodliffe,,PERSON,Virginia_Company_or_colonial_unverified,1,"JULY 2, 1621",cleanedSection1NERNames.json,seed_unreviewed,NER candidate only; merge spelling variants and verify against context before training.
PC00775,Thorpes Letters,,PERSON,Virginia_Company_or_colonial_unverified,1,"FEBRUARY 13, 1622",cleanedSection1NERNames.json,seed_unreviewed,NER candidate only; merge spelling variants and verify against context before training.
PC00776,Thos,,PERSON,Virginia_Company_or_colonial_unverified,1,"April 28, 1613",cleanedSection1NERNames.json,seed_unreviewed,NER candidate only; merge spelling variants and verify against context before training.
PC00777,Title,,PERSON,Virginia_Company_or_colonial_unverified,1,"MAY 2, 1621",cleanedSection1NERNames.json,seed_unreviewed,NER candidate only; merge spelling variants and verify against context before training.
PC00778,Toby Palavicine,,PERSON,Virginia_Company_or_colonial_unverified,1,"MAY 2, 1621",cleanedSection1NERNames.json,seed_unreviewed,NER candidate only; merge spelling variants and verify against context before training.
PC00779,Tomlin,,PERSON,Virginia_Company_or_colonial_unverified,1,"JANUARY 29, 1620",cleanedSection1NERNames.json,seed_unreviewed,NER candidate only; merge spelling variants and verify against context before training.
PC00780,Tomlynis,,PERSON,Virginia_Company_or_colonial_unverified,1,"OCTOBER 24, 1621",cleanedSection1NERNames.json,seed_unreviewed,NER candidate only; merge spelling variants and verify against context before training.
PC00781,Tomlyns,,PERSON,Virginia_Company_or_colonial_unverified,1,"OCTOBER 24, 1621",cleanedSection1NERNames.json,seed_unreviewed,NER candidate only; merge spelling variants and verify against context before training.
PC00782,Topping,,PERSON,Virginia_Company_or_colonial_unverified,1,"JULY 24, 1621",cleanedSection1NERNames.json,seed_unreviewed,NER candidate only; merge spelling variants and verify against context before training.
PC00783,Tracy,,PERSON,Virginia_Company_or_colonial_unverified,1,"OCTOBER 21, 1621",cleanedSection1NERNames.json,seed_unreviewed,NER candidate only; merge spelling variants and verify against context before training.
PC00784,Tracye,,PERSON,Virginia_Company_or_colonial_unverified,1,"JUNE 11, 1621",cleanedSection1NERNames.json,seed_unreviewed,NER candidate only; merge spelling variants and verify against context before training.
PC00785,Treasurie,,PERSON,Virginia_Company_or_colonial_unverified,1,"JUNE 18, 1621",cleanedSection1NERNames.json,seed_unreviewed,NER candidate only; merge spelling variants and verify against context before training.
PC00786,Tres,,PERSON,Virginia_Company_or_colonial_unverified,1,"JULY 10, 1621",cleanedSection1NERNames.json,seed_unreviewed,NER candidate only; merge spelling variants and verify against context before training.
PC00787,Truelone,,PERSON,Virginia_Company_or_colonial_unverified,1,"NOVEMBER 21, 1621",cleanedSection1NERNames.json,seed_unreviewed,NER candidate only; merge spelling variants and verify against context before training.
PC00788,Truloue,,PERSON,Virginia_Company_or_colonial_unverified,1,"NOVEMBER 14, 1621",cleanedSection1NERNames.json,seed_unreviewed,NER candidate only; merge spelling variants and verify against context before training.
PC00789,Uncle,,PERSON,Virginia_Company_or_colonial_unverified,1,"APRIL 12, 1621",cleanedSection1NERNames.json,seed_unreviewed,NER candidate only; merge spelling variants and verify against context before training.
PC00790,Viceadmirall,,PERSON,Virginia_Company_or_colonial_unverified,1,"NOVEMBER 19, 1621",cleanedSection1NERNames.json,seed_unreviewed,NER candidate only; merge spelling variants and verify against context before training.
PC00791,Victor H. Paltsits,,PERSON,Virginia_Company_or_colonial_unverified,1,"April 14, 1896",cleanedSection1NERNames.json,seed_unreviewed,NER candidate only; merge spelling variants and verify against context before training.
PC00792,Viscount Doncaster,,PERSON,Virginia_Company_or_colonial_unverified,1,"APRIL 12, 1621",cleanedSection1NERNames.json,seed_unreviewed,NER candidate only; merge spelling variants and verify against context before training.
PC00793,vpon merit,,PERSON,Virginia_Company_or_colonial_unverified,1,"MAY 2, 1621",cleanedSection1NERNames.json,seed_unreviewed,NER candidate only; merge spelling variants and verify against context before training.
PC00794,Walter Karle,,PERSON,Virginia_Company_or_colonial_unverified,1,"JANUARY 29, 1620",cleanedSection1NERNames.json,seed_unreviewed,NER candidate only; merge spelling variants and verify against context before training.
PC00795,Walter Rawleigh,,PERSON,Virginia_Company_or_colonial_unverified,1,"APRIL 12, 1621",cleanedSection1NERNames.json,seed_unreviewed,NER candidate only; merge spelling variants and verify against context before training.
PC00796,Warwick,,PERSON,Virginia_Company_or_colonial_unverified,1,"JANUARY 30, 1622",cleanedSection1NERNames.json,seed_unreviewed,NER candidate only; merge spelling variants and verify against context before training.
PC00797,Webbe,,PERSON,Virginia_Company_or_colonial_unverified,1,"APRIL 10, 1622",cleanedSection1NERNames.json,seed_unreviewed,NER candidate only; merge spelling variants and verify against context before training.
PC00798,Webbs,,PERSON,Virginia_Company_or_colonial_unverified,1,"FEBRUARY 13, 1622",cleanedSection1NERNames.json,seed_unreviewed,NER candidate only; merge spelling variants and verify against context before training.
PC00799,Wells,,PERSON,Virginia_Company_or_colonial_unverified,1,"JULY 10, 1621",cleanedSection1NERNames.json,seed_unreviewed,NER candidate only; merge spelling variants and verify against context before training.
PC00800,Whereas Sr,,PERSON,Virginia_Company_or_colonial_unverified,1,"FEBRUARY 13, 1622",cleanedSection1NERNames.json,seed_unreviewed,NER candidate only; merge spelling variants and verify against context before training.
PC00801,Whereof,,PERSON,Virginia_Company_or_colonial_unverified,1,"NOVEMBER 21, 1621",cleanedSection1NERNames.json,seed_unreviewed,NER candidate only; merge spelling variants and verify against context before training.
PC00802,Whereupon Captaine Welden,,PERSON,Virginia_Company_or_colonial_unverified,1,"FEBRUARY 13, 1622",cleanedSection1NERNames.json,seed_unreviewed,NER candidate only; merge spelling variants and verify against context before training.
PC00803,Whitley,,PERSON,Virginia_Company_or_colonial_unverified,1,"JULY 10, 1621",cleanedSection1NERNames.json,seed_unreviewed,NER candidate only; merge spelling variants and verify against context before training.
PC00804,Whitly,,PERSON,Virginia_Company_or_colonial_unverified,1,"NOVEMBER 21, 1621",cleanedSection1NERNames.json,seed_unreviewed,NER candidate only; merge spelling variants and verify against context before training.
PC00805,Whitsontide,,PERSON,Virginia_Company_or_colonial_unverified,1,"MARCH 27, 1622",cleanedSection1NERNames.json,seed_unreviewed,NER candidate only; merge spelling variants and verify against context before training.
PC00806,Whittacres,,PERSON,Virginia_Company_or_colonial_unverified,1,"JULY 16, 1621",cleanedSection1NERNames.json,seed_unreviewed,NER candidate only; merge spelling variants and verify against context before training.
PC00807,William Caninge,,PERSON,Virginia_Company_or_colonial_unverified,1,"MARCH 20, 1622",cleanedSection1NERNames.json,seed_unreviewed,NER candidate only; merge spelling variants and verify against context before training.
PC00808,William Caps,,PERSON,Virginia_Company_or_colonial_unverified,1,"JANUARY 30, 1622",cleanedSection1NERNames.json,seed_unreviewed,NER candidate only; merge spelling variants and verify against context before training.
PC00809,William Claybourne,,PERSON,Virginia_Company_or_colonial_unverified,1,"May 14, 1626",cleanedSection1NERNames.json,seed_unreviewed,NER candidate only; merge spelling variants and verify against context before training.
PC00810,William Danby,,PERSON,Virginia_Company_or_colonial_unverified,1,"APRIL 30, 1621",cleanedSection1NERNames.json,seed_unreviewed,NER candidate only; merge spelling variants and verify against context before training.
PC00811,William H. Aspinwall,,PERSON,Virginia_Company_or_colonial_unverified,1,"April 14, 1896",cleanedSection1NERNames.json,seed_unreviewed,NER candidate only; merge spelling variants and verify against context before training.
PC00812,William Leuison,,PERSON,Virginia_Company_or_colonial_unverified,1,"JANUARY 28, 1622",cleanedSection1NERNames.json,seed_unreviewed,NER candidate only; merge spelling variants and verify against context before training.
PC00813,William Leveson,,PERSON,Virginia_Company_or_colonial_unverified,1,"April 28, 1613",cleanedSection1NERNames.json,seed_unreviewed,NER candidate only; merge spelling variants and verify against context before training.
PC00814,William Newee,,PERSON,Virginia_Company_or_colonial_unverified,1,"MAY 2, 1621",cleanedSection1NERNames.json,seed_unreviewed,NER candidate only; merge spelling variants and verify against context before training.
PC00815,William Twisden,,PERSON,Virginia_Company_or_colonial_unverified,1,"SANUARY 29, 1620",cleanedSection1NERNames.json,seed_unreviewed,NER candidate only; merge spelling variants and verify against context before training.
PC00816,William Weldens,,PERSON,Virginia_Company_or_colonial_unverified,1,"FEBRUARY 13, 1622",cleanedSection1NERNames.json,seed_unreviewed,NER candidate only; merge spelling variants and verify against context before training.
PC00817,Willis,,PERSON,Virginia_Company_or_colonial_unverified,1,"FEBRUARY 13, 1622",cleanedSection1NERNames.json,seed_unreviewed,NER candidate only; merge spelling variants and verify against context before training.
PC00818,Willm Mounson,,PERSON,Virginia_Company_or_colonial_unverified,1,"MAY 2, 1621",cleanedSection1NERNames.json,seed_unreviewed,NER candidate only; merge spelling variants and verify against context before training.
PC00819,Willm Mounson's,,PERSON,Virginia_Company_or_colonial_unverified,1,"MAY 2, 1621",cleanedSection1NERNames.json,seed_unreviewed,NER candidate only; merge spelling variants and verify against context before training.
PC00820,Winder,,PERSON,Virginia_Company_or_colonial_unverified,1,"September 30, 1619",cleanedSection1NERNames.json,seed_unreviewed,NER candidate only; merge spelling variants and verify against context before training.
PC00821,Woodhowse,,PERSON,Virginia_Company_or_colonial_unverified,1,"FEBRUARY 13, 1622",cleanedSection1NERNames.json,seed_unreviewed,NER candidate only; merge spelling variants and verify against context before training.
PC00822,Worke,,PERSON,Virginia_Company_or_colonial_unverified,1,"JUNE 13, 1621",cleanedSection1NERNames.json,seed_unreviewed,NER candidate only; merge spelling variants and verify against context before training.
PC00823,Works,,PERSON,Virginia_Company_or_colonial_unverified,1,"February 18, 1609",cleanedSection1NERNames.json,seed_unreviewed,NER candidate only; merge spelling variants and verify against context before training.
PC00824,Wyatt,,PERSON,Virginia_Company_or_colonial_unverified,1,"JULY 10, 1621",cleanedSection1NERNames.json,seed_unreviewed,NER candidate only; merge spelling variants and verify against context before training.
PC00825,Wyddowes,,PERSON,Virginia_Company_or_colonial_unverified,1,"JANUARY 29, 1620",cleanedSection1NERNames.json,seed_unreviewed,NER candidate only; merge spelling variants and verify against context before training.
PC00826,Wynn,,PERSON,Virginia_Company_or_colonial_unverified,1,"MAY 8, 1622",cleanedSection1NERNames.json,seed_unreviewed,NER candidate only; merge spelling variants and verify against context before training.
PC00827,Wynston,,PERSON,Virginia_Company_or_colonial_unverified,1,"APRIL 12, 1621",cleanedSection1NERNames.json,seed_unreviewed,NER candidate only; merge spelling variants and verify against context before training.
PC00828,||names|| Pembrooke,,PERSON,Virginia_Company_or_colonial_unverified,1,"JANUARY 30, 1622",cleanedSection1NERNames.json,seed_unreviewed,NER candidate only; merge spelling variants and verify against context before training.
